snapshot,PV Power,Wind Power,Grid Power,EV Load,Battery SOC,Battery Charger
2024-01-01 00:00:00,-0.0,-0.0,145.20526315789476,303.1,100.0,-157.89473684210526
2024-01-01 01:00:00,-0.0,-0.0,333.80526315789473,333.7,100.0,0.10526315789473087
2024-01-01 02:00:00,-0.0,-0.0,391.30526315789473,391.2,100.0,0.10526315789473087
2024-01-01 03:00:00,-0.0,-0.0,417.10526315789474,417.0,100.0,0.10526315789473087
2024-01-01 04:00:00,-0.0,-0.0,617.6052631578947,617.5,100.0,0.10526315789473087
2024-01-01 05:00:00,-0.0,-0.0,439.70526315789476,439.6,100.0,0.10526315789473087
2024-01-01 06:00:00,-0.0,-0.0,468.30526315789473,468.2,100.0,0.10526315789473087
2024-01-01 07:00:00,0.0506418288892,-0.0,175.35462132900554,175.3,100.0,0.10526315789473087
2024-01-01 08:00:00,0.96801181297955,-0.0,131.6372513449152,132.5,100.0,0.10526315789473087
2024-01-01 09:00:00,20.4780778288841,-0.0,88.52718532901063,108.9,100.0,0.10526315789473087
2024-01-01 10:00:00,116.9207505385081,-0.0,28.384512619386626,145.2,100.0,0.10526315789473087
2024-01-01 11:00:00,212.90525754292804,-0.0,38.90000561496669,251.7,100.0,0.10526315789473087
2024-01-01 12:00:00,278.33893458048504,-0.0,51.566328577409706,329.8,100.0,0.10526315789473087
2024-01-01 13:00:00,269.18576388888886,-0.0,109.61949926900587,378.7,100.0,0.10526315789473087
2024-01-01 14:00:00,171.6701388888889,-0.0,275.3351242690058,446.9,100.0,0.10526315789473087
2024-01-01 15:00:00,46.53124999999995,-0.0,534.9740131578947,581.4,100.0,0.10526315789473087
2024-01-01 16:00:00,7.96701388888885,-0.0,499.83824926900587,507.7,100.0,0.10526315789473087
2024-01-01 17:00:00,0.9600694444444,-0.0,356.94519371345035,357.8,100.0,0.10526315789473087
2024-01-01 18:00:00,-0.0,-0.0,198.70526315789473,198.6,100.0,0.10526315789473087
2024-01-01 19:00:00,-0.0,-0.0,92.30526315789473,92.2,100.0,0.10526315789473087
2024-01-01 20:00:00,-0.0,-0.0,94.30526315789473,94.2,100.0,0.10526315789473087
2024-01-01 21:00:00,-0.0,-0.0,425.5052631578947,425.4,100.0,0.10526315789473087
2024-01-01 22:00:00,-0.0,-0.0,818.3052631578947,818.2,100.0,0.10526315789473087
2024-01-01 23:00:00,-0.0,-0.0,265.10526315789474,265.0,100.0,0.10526315789473087
2024-01-02 00:00:00,-0.0,2.266666666666656,865.838596491228,868.0,100.0,0.10526315789473087
2024-01-02 01:00:00,-0.0,3.933333333333324,573.5719298245614,577.4,100.0,0.10526315789473087
2024-01-02 02:00:00,-0.0,2.9333333333333282,370.8719298245614,373.7,100.0,0.10526315789473087
2024-01-02 03:00:00,-0.0,0.46666666666665596,199.73859649122807,200.1,100.0,0.10526315789473087
2024-01-02 04:00:00,-0.0,-0.0,102.20526315789472,102.1,100.0,0.10526315789473087
2024-01-02 05:00:00,-0.0,1.799999999999988,231.20526315789476,232.9,100.0,0.10526315789473087
2024-01-02 06:00:00,-0.0,-0.0,80.70526315789472,80.6,100.0,0.10526315789473087
2024-01-02 07:00:00,0.0892066810694,-0.0,210.71605647682532,210.7,100.0,0.10526315789473087
2024-01-02 08:00:00,2.60436453494345,-0.0,119.00089862295127,121.5,100.0,0.10526315789473087
2024-01-02 09:00:00,26.25855146182905,5.133333333333324,62.313378362732344,93.6,100.0,0.10526315789473087
2024-01-02 10:00:00,126.7276261912452,6.0,5.377636966649547,138.0,100.0,0.10526315789473087
2024-01-02 11:00:00,284.25303088294135,5.199999999999996,63.25223227495343,352.6,100.0,0.10526315789473087
2024-01-02 12:00:00,310.90861511230474,2.799999999999996,174.09664804558997,487.7,100.0,0.10526315789473087
2024-01-02 13:00:00,160.41666666666666,0.133333333333332,131.85526315789477,292.3,100.0,0.10526315789473087
2024-01-02 14:00:00,71.54513888888884,-0.0,81.0601242690059,152.5,100.0,0.10526315789473087
2024-01-02 15:00:00,27.41666666666665,-0.0,481.9885964912281,509.3,100.0,0.10526315789473087
2024-01-02 16:00:00,15.4878472222222,-0.0,376.21741593567253,391.6,100.0,0.10526315789473087
2024-01-02 17:00:00,0.25,-0.0,245.25526315789475,245.4,100.0,0.10526315789473087
2024-01-02 18:00:00,-0.0,-0.0,128.20526315789473,128.1,100.0,0.10526315789473087
2024-01-02 19:00:00,-0.0,-0.0,108.00526315789473,107.9,100.0,0.10526315789473087
2024-01-02 20:00:00,-0.0,-0.0,286.60526315789474,286.5,100.0,0.10526315789473087
2024-01-02 21:00:00,-0.0,-0.0,626.6052631578947,626.5,100.0,0.10526315789473087
2024-01-02 22:00:00,-0.0,-0.0,869.2052631578947,869.1,100.0,0.10526315789473087
2024-01-02 23:00:00,-0.0,-0.0,587.7052631578947,587.6,100.0,0.10526315789473087
2024-01-03 00:00:00,-0.0,-0.0,976.1052631578947,976.0,100.0,0.10526315789473087
2024-01-03 01:00:00,-0.0,-0.0,485.60526315789474,485.5,100.0,0.10526315789473087
2024-01-03 02:00:00,-0.0,-0.0,425.5052631578947,425.4,100.0,0.10526315789473087
2024-01-03 03:00:00,-0.0,-0.0,336.5052631578947,336.4,100.0,0.10526315789473087
2024-01-03 04:00:00,-0.0,-0.0,177.10526315789474,177.0,100.0,0.10526315789473087
2024-01-03 05:00:00,-0.0,-0.0,287.20526315789476,287.1,100.0,0.10526315789473087
2024-01-03 06:00:00,-0.0,-0.0,222.80526315789473,222.7,100.0,0.10526315789473087
2024-01-03 07:00:00,0.05710047022955,-0.0,176.9481626876652,176.9,100.0,0.10526315789473087
2024-01-03 08:00:00,5.1589686824526,0.5999999999999881,39.546294475442146,45.2,100.0,0.10526315789473087
2024-01-03 09:00:00,90.19648992353015,-0.0,-0.0,45.1,142.74166542735364,45.09648992353015
2024-01-03 10:00:00,219.94168758392334,-0.0,-0.0,197.1,164.29852696665344,22.841687583923346
2024-01-03 11:00:00,333.8949028650919,2.866666666666656,247.02871632120264,651.3,100.0,-67.50971414703872
2024-01-03 12:00:00,329.39378420511883,2.599999999999992,84.31147895277593,416.2,100.0,0.10526315789473087
2024-01-03 13:00:00,265.77430555555554,6.533333333333328,135.39762426900592,407.6,100.0,0.10526315789473087
2024-01-03 14:00:00,287.7604166666667,5.066666666666665,274.67817982456125,567.4,100.0,0.10526315789473087
2024-01-03 15:00:00,184.52256944444446,3.733333333333332,428.4493603801169,616.6,100.0,0.10526315789473087
2024-01-03 16:00:00,72.1267361111111,2.5333333333333323,458.9451937134503,533.5,100.0,0.10526315789473087
2024-01-03 17:00:00,0.36979166666665003,-0.0,285.1354714912281,285.4,100.0,0.10526315789473087
2024-01-03 18:00:00,-0.0,-0.0,67.20526315789472,67.1,100.0,0.10526315789473087
2024-01-03 19:00:00,-0.0,-0.0,92.60526315789473,92.5,100.0,0.10526315789473087
2024-01-03 20:00:00,-0.0,-0.0,67.40526315789472,67.3,100.0,0.10526315789473087
2024-01-03 21:00:00,-0.0,-0.0,531.1052631578947,531.0,100.0,0.10526315789473087
2024-01-03 22:00:00,-0.0,-0.0,1247.6052631578948,1247.5,100.0,0.10526315789473087
2024-01-03 23:00:00,-0.0,-0.0,445.90526315789475,445.8,100.0,0.10526315789473087
2024-01-04 00:00:00,-0.0,-0.0,1002.2052631578947,1002.1,100.0,0.10526315789473087
2024-01-04 01:00:00,-0.0,-0.0,343.20526315789476,343.1,100.0,0.10526315789473087
2024-01-04 02:00:00,-0.0,-0.0,137.10526315789474,137.0,100.0,0.10526315789473087
2024-01-04 03:00:00,-0.0,-0.0,112.00526315789473,111.9,100.0,0.10526315789473087
2024-01-04 04:00:00,-0.0,-0.0,276.20526315789476,276.1,100.0,0.10526315789473087
2024-01-04 05:00:00,-0.0,-0.0,365.90526315789475,365.8,100.0,0.10526315789473087
2024-01-04 06:00:00,-0.0,4.066666666666668,175.8385964912281,179.8,100.0,0.10526315789473087
2024-01-04 07:00:00,0.1177849061787,7.799999999999988,199.08747825171605,206.9,100.0,0.10526315789473087
2024-01-04 08:00:00,14.02724629009345,9.849999999999996,36.028016867801284,59.8,100.0,0.10526315789473087
2024-01-04 09:00:00,100.76190637217624,2.733333333333324,-0.0,90.6,112.1504777202341,12.89523970550957
2024-01-04 10:00:00,240.13062503602765,-0.0,46.39745155079987,299.2,100.0,-12.671923413172482
2024-01-04 11:00:00,331.90545558929443,7.599999999999996,-0.0,203.7,228.91518280982973,135.80545558929444
2024-01-04 12:00:00,340.95249546898737,3.5333333333333283,-0.0,450.0,128.44780498922455,-105.5141711976793
2024-01-04 13:00:00,338.9583333333333,0.5999999999999881,-0.0,360.5,108.42477385090196,-20.9416666666667
2024-01-04 14:00:00,302.6736111111111,-0.0,141.97233722883516,453.4,100.0,-8.754051660053745
2024-01-04 15:00:00,175.03819444444446,-0.0,422.9670687134502,597.9,100.0,0.10526315789473087
2024-01-04 16:00:00,87.24305555555554,-0.0,326.3622076023392,413.5,100.0,0.10526315789473087
2024-01-04 17:00:00,0.359375,-0.0,155.74588815789474,156.0,100.0,0.10526315789473087
2024-01-04 18:00:00,-0.0,-0.0,167.00526315789475,166.9,100.0,0.10526315789473087
2024-01-04 19:00:00,-0.0,-0.0,118.30526315789473,118.2,100.0,0.10526315789473087
2024-01-04 20:00:00,-0.0,3.733333333333332,167.17192982456143,170.8,100.0,0.10526315789473087
2024-01-04 21:00:00,-0.0,6.999999999999996,287.90526315789475,294.8,100.0,0.10526315789473087
2024-01-04 22:00:00,-0.0,5.733333333333324,1144.1719298245614,1149.8,100.0,0.10526315789473087
2024-01-04 23:00:00,-0.0,-0.0,504.20526315789476,504.1,100.0,0.10526315789473087
2024-01-05 00:00:00,-0.0,-0.0,1052.9052631578948,1052.8,100.0,0.10526315789473087
2024-01-05 01:00:00,-0.0,-0.0,516.0052631578947,515.9,100.0,0.10526315789473087
2024-01-05 02:00:00,-0.0,-0.0,342.40526315789475,342.3,100.0,0.10526315789473087
2024-01-05 03:00:00,-0.0,-0.0,259.40526315789475,259.3,100.0,0.10526315789473087
2024-01-05 04:00:00,-0.0,-0.0,311.30526315789473,311.2,100.0,0.10526315789473087
2024-01-05 05:00:00,-0.0,-0.0,412.80526315789473,412.7,100.0,0.10526315789473087
2024-01-05 06:00:00,-0.0,-0.0,96.20526315789472,96.1,100.0,0.10526315789473087
2024-01-05 07:00:00,0.028582914577176165,-0.0,152.17668024331755,152.1,100.0,0.10526315789473087
2024-01-05 08:00:00,1.9258119019731001,-0.0,38.37945125592164,40.2,100.0,0.10526315789473087
2024-01-05 09:00:00,23.47949154675005,-0.0,59.225771611144665,82.6,100.0,0.10526315789473087
2024-01-05 10:00:00,136.37070856160585,-0.0,77.33455459628888,213.6,100.0,0.10526315789473087
2024-01-05 11:00:00,249.1264984342787,0.533333333333328,262.5454313902827,512.1,100.0,0.10526315789473087
2024-01-05 12:00:00,231.80002148946124,-0.0,458.80524166843344,690.5,100.0,0.10526315789473087
2024-01-05 13:00:00,171.27083333333334,2.133333333333324,356.10109649122796,529.4,100.0,0.10526315789473087
2024-01-05 14:00:00,103.6423611111111,8.649999999999997,448.1129020467836,560.3,100.0,0.10526315789473087
2024-01-05 15:00:00,40.10416666666665,2.333333333333328,393.1677631578948,435.5,100.0,0.10526315789473087
2024-01-05 16:00:00,13.87152777777775,0.199999999999992,535.3337353801169,549.3,100.0,0.10526315789473087
2024-01-05 17:00:00,0.9236111111111,-0.0,198.88165204678364,199.7,100.0,0.10526315789473087
2024-01-05 18:00:00,-0.0,-0.0,76.00526315789473,75.9,100.0,0.10526315789473087
2024-01-05 19:00:00,-0.0,-0.0,155.30526315789473,155.2,100.0,0.10526315789473087
2024-01-05 20:00:00,-0.0,-0.0,210.10526315789474,210.0,100.0,0.10526315789473087
2024-01-05 21:00:00,-0.0,-0.0,468.60526315789474,468.5,100.0,0.10526315789473087
2024-01-05 22:00:00,-0.0,-0.0,924.0052631578947,923.9,100.0,0.10526315789473087
2024-01-05 23:00:00,-0.0,-0.0,691.5052631578947,691.4,100.0,0.10526315789473087
2024-01-06 00:00:00,-0.0,-0.0,1003.3052631578947,1003.2,100.0,0.10526315789473087
2024-01-06 01:00:00,-0.0,-0.0,301.10526315789474,301.0,100.0,0.10526315789473087
2024-01-06 02:00:00,-0.0,-0.0,540.7052631578947,540.6,100.0,0.10526315789473087
2024-01-06 03:00:00,-0.0,-0.0,434.60526315789474,434.5,100.0,0.10526315789473087
2024-01-06 04:00:00,-0.0,3.133333333333332,368.8719298245614,371.9,100.0,0.10526315789473087
2024-01-06 05:00:00,-0.0,10.35,445.05526315789473,455.3,100.0,0.10526315789473087
2024-01-06 06:00:00,-0.0,3.133333333333332,261.1719298245614,264.2,100.0,0.10526315789473087
2024-01-06 07:00:00,0.04476644719640414,7.199999999999999,153.56049671069835,160.7,100.0,0.10526315789473087
2024-01-06 08:00:00,0.6402741804615001,10.699999999999992,60.66498897743324,71.9,100.0,0.10526315789473087
2024-01-06 09:00:00,27.903454750776252,15.75,64.45180840711848,108.0,100.0,0.10526315789473087
2024-01-06 10:00:00,65.5233566628562,20.25,91.43190649503853,177.1,100.0,0.10526315789473087
2024-01-06 11:00:00,130.3801470332675,16.083333333333336,223.44178279129395,369.8,100.0,0.10526315789473087
2024-01-06 12:00:00,88.6202746099896,34.0,366.4849885479051,489.0,100.0,0.10526315789473087
2024-01-06 13:00:00,142.67708333333334,38.599999999999994,177.2281798245614,358.4,100.0,0.10526315789473087
2024-01-06 14:00:00,120.06944444444446,42.099999999999994,125.13581871345028,287.2,100.0,0.10526315789473087
2024-01-06 15:00:00,56.6909722222222,36.10000000000001,308.01429093567253,400.7,100.0,0.10526315789473087
2024-01-06 16:00:00,4.15104166666665,26.29999999999999,515.0542214912281,545.4,100.0,0.10526315789473087
2024-01-06 17:00:00,0.75868055555555,26.799999999999997,212.54658260233919,240.0,100.0,0.10526315789473087
2024-01-06 18:00:00,-0.0,24.800000000000004,46.905263157894716,71.6,100.0,0.10526315789473087
2024-01-06 19:00:00,-0.0,36.2,45.105263157894726,81.2,100.0,0.10526315789473087
2024-01-06 20:00:00,-0.0,29.89999999999999,80.20526315789473,110.0,100.0,0.10526315789473087
2024-01-06 21:00:00,-0.0,23.833333333333318,488.4719298245614,512.2,100.0,0.10526315789473087
2024-01-06 22:00:00,-0.0,27.999999999999996,844.6052631578947,872.5,100.0,0.10526315789473087
2024-01-06 23:00:00,-0.0,36.9,432.60526315789474,469.4,100.0,0.10526315789473087
2024-01-07 00:00:00,-0.0,30.900000000000002,1038.9052631578948,1069.7,100.0,0.10526315789473087
2024-01-07 01:00:00,-0.0,36.2,341.40526315789475,377.5,100.0,0.10526315789473087
2024-01-07 02:00:00,-0.0,34.29999999999999,395.80526315789473,430.0,100.0,0.10526315789473087
2024-01-07 03:00:00,-0.0,41.79999999999999,443.2052631578947,484.9,100.0,0.10526315789473087
2024-01-07 04:00:00,-0.0,39.49999999999999,149.30526315789473,188.7,100.0,0.10526315789473087
2024-01-07 05:00:00,-0.0,41.4,360.10526315789474,401.4,100.0,0.10526315789473087
2024-01-07 06:00:00,-0.0,26.499999999999996,236.40526315789475,262.8,100.0,0.10526315789473087
2024-01-07 07:00:00,0.0396507686107523,14.083333333333332,148.58227905595064,162.6,100.0,0.10526315789473087
2024-01-07 08:00:00,1.8441556383752,18.416666666666664,33.44444085285287,53.6,100.0,0.10526315789473087
2024-01-07 09:00:00,46.26057477460965,24.699999999999996,36.14468838328507,107.0,100.0,0.10526315789473087
2024-01-07 10:00:00,157.4696427749263,15.833333333333327,-0.0,144.5,127.26282730284666,28.802976108259642
2024-01-07 11:00:00,168.95914038022354,15.75,234.82710754025666,448.1,100.0,-28.56375207951981
2024-01-07 12:00:00,278.2004767523872,28.39999999999999,123.80478640550757,430.3,100.0,0.10526315789473087
2024-01-07 13:00:00,170.19270833333337,20.33333333333333,76.77922149122804,267.2,100.0,0.10526315789473087
2024-01-07 14:00:00,270.59027777777777,26.4,206.414985380117,503.3,100.0,0.10526315789473087
2024-01-07 15:00:00,139.04513888888889,20.916666666666657,477.9434576023391,637.8,100.0,0.10526315789473087
2024-01-07 16:00:00,50.7083333333333,20.16666666666666,550.7302631578948,621.5,100.0,0.10526315789473087
2024-01-07 17:00:00,0.30555555555555003,9.699999999999996,390.4997076023392,400.4,100.0,0.10526315789473087
2024-01-07 18:00:00,-0.0,15.249999999999996,112.05526315789473,127.2,100.0,0.10526315789473087
2024-01-07 19:00:00,-0.0,11.59999999999999,72.00526315789473,83.5,100.0,0.10526315789473087
2024-01-07 20:00:00,-0.0,11.749999999999991,58.25526315789474,69.9,100.0,0.10526315789473087
2024-01-07 21:00:00,-0.0,11.949999999999996,720.4552631578946,732.3,100.0,0.10526315789473087
2024-01-07 22:00:00,-0.0,13.649999999999988,986.1552631578948,999.7,100.0,0.10526315789473087
2024-01-07 23:00:00,-0.0,13.099999999999993,392.0052631578948,405.0,100.0,0.10526315789473087
2024-01-08 00:00:00,-0.0,13.949999999999987,831.4552631578947,845.3,100.0,0.10526315789473087
2024-01-08 01:00:00,-0.0,21.916666666666657,706.3885964912281,728.2,100.0,0.10526315789473087
2024-01-08 02:00:00,-0.0,13.849999999999993,256.3552631578948,270.1,100.0,0.10526315789473087
2024-01-08 03:00:00,-0.0,21.583333333333332,127.2219298245614,148.7,100.0,0.10526315789473087
2024-01-08 04:00:00,-0.0,20.916666666666657,126.4885964912281,147.3,100.0,0.10526315789473087
2024-01-08 05:00:00,-0.0,10.799999999999999,297.2052631578947,307.9,100.0,0.10526315789473087
2024-01-08 06:00:00,-0.0,12.849999999999996,175.75526315789475,188.5,100.0,0.10526315789473087
2024-01-08 07:00:00,0.03521008623970879,14.583333333333336,184.58671973832168,199.1,100.0,0.10526315789473087
2024-01-08 08:00:00,3.7486908983232,17.91666666666667,10.639905592904864,32.2,100.0,0.10526315789473087
2024-01-08 09:00:00,76.37317395872539,22.24999999999999,-0.0,78.6,118.92201526078912,20.023173958725383
2024-01-08 10:00:00,222.28281100591025,20.916666666666657,67.80779259528802,330.8,100.0,-19.792729732135086
2024-01-08 11:00:00,302.01658513810895,25.299999999999994,438.7886780197858,766.0,100.0,0.10526315789473087
2024-01-08 12:00:00,319.50162220001215,26.000000000000004,263.5036409578825,608.9,100.0,0.10526315789473087
2024-01-08 13:00:00,244.57291666666663,26.7,39.83234649122812,311.0,100.0,0.10526315789473087
2024-01-08 14:00:00,231.35416666666663,33.0,237.35109649122813,501.6,100.0,0.10526315789473087
2024-01-08 15:00:00,163.21180555555557,25.39999999999999,383.89345760233914,572.4,100.0,0.10526315789473087
2024-01-08 16:00:00,47.2013888888889,26.29999999999999,415.5038742690058,488.9,100.0,0.10526315789473087
2024-01-08 17:00:00,0.7413194444443999,19.5,302.36394371345034,322.5,100.0,0.10526315789473087
2024-01-08 18:00:00,-0.0,17.833333333333332,84.2719298245614,102.0,100.0,0.10526315789473087
2024-01-08 19:00:00,-0.0,16.916666666666664,66.08859649122806,82.9,100.0,0.10526315789473087
2024-01-08 20:00:00,-0.0,16.166666666666664,195.2385964912281,211.3,100.0,0.10526315789473087
2024-01-08 21:00:00,-0.0,13.699999999999992,553.6052631578947,567.2,100.0,0.10526315789473087
2024-01-08 22:00:00,-0.0,12.75,1093.255263157895,1105.9,100.0,0.10526315789473087
2024-01-08 23:00:00,-0.0,11.849999999999987,517.9552631578947,529.7,100.0,0.10526315789473087
2024-01-09 00:00:00,-0.0,12.349999999999993,1207.655263157895,1219.9,100.0,0.10526315789473087
2024-01-09 01:00:00,-0.0,11.449999999999992,378.35526315789474,389.7,100.0,0.10526315789473087
2024-01-09 02:00:00,-0.0,9.249999999999995,368.2552631578947,377.4,100.0,0.10526315789473087
2024-01-09 03:00:00,-0.0,12.499999999999993,78.90526315789472,91.3,100.0,0.10526315789473087
2024-01-09 04:00:00,-0.0,15.249999999999996,284.65526315789475,299.8,100.0,0.10526315789473087
2024-01-09 05:00:00,-0.0,12.6,319.10526315789474,331.6,100.0,0.10526315789473087
2024-01-09 06:00:00,-0.0,8.749999999999993,100.25526315789475,108.9,100.0,0.10526315789473087
2024-01-09 07:00:00,0.07672933344209999,14.749999999999993,115.07853382445265,129.8,100.0,0.10526315789473087
2024-01-09 08:00:00,7.4638781732776,12.499999999999993,78.54138498461714,98.4,100.0,0.10526315789473087
2024-01-09 09:00:00,35.736007988452904,11.849999999999987,-0.0,0.0,145.10670758903024,47.58600798845289
2024-01-09 10:00:00,143.28959537876975,9.999999999999996,-0.0,160.4,138.20671649127246,-7.110404621230263
2024-01-09 11:00:00,279.13564629024927,10.399999999999991,73.49223815734956,403.1,100.0,-40.07211555240124
2024-01-09 12:00:00,346.67037857903375,9.399999999999995,204.03488457886095,560.0,100.0,0.10526315789473087
2024-01-09 13:00:00,269.87673611111114,9.349999999999993,275.1785270467835,554.3,100.0,0.10526315789473087
2024-01-09 14:00:00,249.68055555555554,6.466666666666656,316.6580409356725,572.7,100.0,0.10526315789473087
2024-01-09 15:00:00,36.77777777777775,7.799999999999988,660.827485380117,705.3,100.0,0.10526315789473087
2024-01-09 16:00:00,38.9583333333333,2.799999999999996,442.1469298245614,483.8,100.0,0.10526315789473087
2024-01-09 17:00:00,0.66493055555555,1.999999999999992,243.2403326023392,245.8,100.0,0.10526315789473087
2024-01-09 18:00:00,-0.0,-0.0,181.90526315789475,181.8,100.0,0.10526315789473087
2024-01-09 19:00:00,-0.0,-0.0,119.60526315789473,119.5,100.0,0.10526315789473087
2024-01-09 20:00:00,-0.0,-0.0,129.20526315789473,129.1,100.0,0.10526315789473087
2024-01-09 21:00:00,-0.0,-0.0,571.7052631578947,571.6,100.0,0.10526315789473087
2024-01-09 22:00:00,-0.0,-0.0,1094.005263157895,1093.9,100.0,0.10526315789473087
2024-01-09 23:00:00,-0.0,-0.0,353.10526315789474,353.0,100.0,0.10526315789473087
2024-01-10 00:00:00,-0.0,-0.0,633.5052631578947,633.4,100.0,0.10526315789473087
2024-01-10 01:00:00,-0.0,-0.0,343.10526315789474,343.0,100.0,0.10526315789473087
2024-01-10 02:00:00,-0.0,-0.0,267.10526315789474,267.0,100.0,0.10526315789473087
2024-01-10 03:00:00,-0.0,-0.0,304.90526315789475,304.8,100.0,0.10526315789473087
2024-01-10 04:00:00,-0.0,-0.0,270.90526315789475,270.8,100.0,0.10526315789473087
2024-01-10 05:00:00,-0.0,-0.0,296.5052631578947,296.4,100.0,0.10526315789473087
2024-01-10 06:00:00,-0.0,-0.0,189.90526315789475,189.8,100.0,0.10526315789473087
2024-01-10 07:00:00,0.03062842439653145,3.5999999999999877,119.9746347334982,123.5,100.0,0.10526315789473087
2024-01-10 08:00:00,0.1948422128852,7.799999999999988,90.61042094500954,98.5,100.0,0.10526315789473087
2024-01-10 09:00:00,5.36309145597945,7.26666666666666,87.37550503524862,99.9,100.0,0.10526315789473087
2024-01-10 10:00:00,41.4952469203207,7.933333333333319,231.37668290424068,280.7,100.0,0.10526315789473087
2024-01-10 11:00:00,59.3440669112735,9.649999999999991,477.0111962466212,545.9,100.0,0.10526315789473087
2024-01-10 12:00:00,51.5456963645087,10.299999999999997,322.459566793386,384.2,100.0,0.10526315789473087
2024-01-10 13:00:00,37.609375,14.833333333333332,259.5625548245614,311.9,100.0,0.10526315789473087
2024-01-10 14:00:00,19.90451388888885,13.549999999999992,447.85074926900586,481.2,100.0,0.10526315789473087
2024-01-10 15:00:00,8.7378472222222,4.333333333333332,462.93408260233923,475.9,100.0,0.10526315789473087
2024-01-10 16:00:00,2.1579861111111,2.333333333333328,558.0139437134502,562.4,100.0,0.10526315789473087
2024-01-10 17:00:00,0.7378472222222,0.399999999999996,389.5674159356726,390.6,100.0,0.10526315789473087
2024-01-10 18:00:00,-0.0,4.533333333333324,164.2719298245614,168.7,100.0,0.10526315789473087
2024-01-10 19:00:00,-0.0,-0.0,146.30526315789473,146.2,100.0,0.10526315789473087
2024-01-10 20:00:00,-0.0,-0.0,48.40526315789473,48.3,100.0,0.10526315789473087
2024-01-10 21:00:00,-0.0,-0.0,628.7052631578947,628.6,100.0,0.10526315789473087
2024-01-10 22:00:00,-0.0,-0.0,1128.505263157895,1128.4,100.0,0.10526315789473087
2024-01-10 23:00:00,-0.0,-0.0,370.70526315789476,370.6,100.0,0.10526315789473087
2024-01-11 00:00:00,-0.0,-0.0,1157.9052631578948,1157.8,100.0,0.10526315789473087
2024-01-11 01:00:00,-0.0,-0.0,645.5052631578947,645.4,100.0,0.10526315789473087
2024-01-11 02:00:00,-0.0,-0.0,307.80526315789473,307.7,100.0,0.10526315789473087
2024-01-11 03:00:00,-0.0,-0.0,267.5052631578947,267.4,100.0,0.10526315789473087
2024-01-11 04:00:00,-0.0,-0.0,191.20526315789473,191.1,100.0,0.10526315789473087
2024-01-11 05:00:00,-0.0,-0.0,352.5052631578947,352.4,100.0,0.10526315789473087
2024-01-11 06:00:00,-0.0,-0.0,172.80526315789473,172.7,100.0,0.10526315789473087
2024-01-11 07:00:00,0.056872734696500005,-0.0,121.04839042319823,121.0,100.0,0.10526315789473087
2024-01-11 08:00:00,3.4049795448987004,-0.0,106.10028361299604,109.4,100.0,0.10526315789473087
2024-01-11 09:00:00,48.4796039925681,-0.0,118.62565916532664,167.0,100.0,0.10526315789473087
2024-01-11 10:00:00,88.2532778051164,-0.0,156.75198535277835,244.9,100.0,0.10526315789473087
2024-01-11 11:00:00,82.40350286165871,1.6666666666666559,443.3350936295693,527.3,100.0,0.10526315789473087
2024-01-11 12:00:00,172.18572674857245,1.066666666666656,552.8528697426557,726.0,100.0,0.10526315789473087
2024-01-11 13:00:00,189.28819444444446,3.1999999999999917,422.8170687134502,615.2,100.0,0.10526315789473087
2024-01-11 14:00:00,166.03125,6.799999999999992,152.27401315789473,325.0,100.0,0.10526315789473087
2024-01-11 15:00:00,95.5972222222222,5.199999999999996,367.8080409356726,468.5,100.0,0.10526315789473087
2024-01-11 16:00:00,21.913194444444397,4.599999999999996,396.2920687134503,422.7,100.0,0.10526315789473087
2024-01-11 17:00:00,0.8142361111111001,-0.0,387.3910270467837,388.1,100.0,0.10526315789473087
2024-01-11 18:00:00,-0.0,-0.0,146.00526315789475,145.9,100.0,0.10526315789473087
2024-01-11 19:00:00,-0.0,3.0,170.00526315789475,172.9,100.0,0.10526315789473087
2024-01-11 20:00:00,-0.0,4.533333333333324,63.5719298245614,68.0,100.0,0.10526315789473087
2024-01-11 21:00:00,-0.0,6.133333333333332,561.3719298245613,567.4,100.0,0.10526315789473087
2024-01-11 22:00:00,-0.0,6.533333333333328,1077.3719298245614,1083.8,100.0,0.10526315789473087
2024-01-11 23:00:00,-0.0,8.449999999999992,262.55526315789473,270.9,100.0,0.10526315789473087
2024-01-12 00:00:00,-0.0,10.999999999999993,926.6052631578947,937.5,100.0,0.10526315789473087
2024-01-12 01:00:00,-0.0,13.099999999999993,622.1052631578947,635.1,100.0,0.10526315789473087
2024-01-12 02:00:00,-0.0,10.95,294.45526315789476,305.3,100.0,0.10526315789473087
2024-01-12 03:00:00,-0.0,8.799999999999997,380.5052631578947,389.2,100.0,0.10526315789473087
2024-01-12 04:00:00,-0.0,11.449999999999992,441.65526315789475,453.0,100.0,0.10526315789473087
2024-01-12 05:00:00,-0.0,16.083333333333336,359.5219298245614,375.5,100.0,0.10526315789473087
2024-01-12 06:00:00,-0.0,11.699999999999989,162.20526315789476,173.8,100.0,0.10526315789473087
2024-01-12 07:00:00,0.12977629848234998,14.166666666666671,159.40882019274574,173.6,100.0,0.10526315789473087
2024-01-12 08:00:00,2.9431853086377,13.699999999999992,61.962077849257035,78.5,100.0,0.10526315789473087
2024-01-12 09:00:00,30.2668111802389,15.916666666666657,58.22178531098916,104.3,100.0,0.10526315789473087
2024-01-12 10:00:00,141.5266956223382,18.249999999999996,-0.0,73.8,181.5778608412213,85.9766956223382
2024-01-12 11:00:00,213.11724053488834,9.949999999999992,306.5524615910273,615.3,100.0,-85.6802978740843
2024-01-12 12:00:00,168.17981492148505,8.4,289.62544823640974,466.1,100.0,0.10526315789473087
2024-01-12 13:00:00,62.73437499999999,12.049999999999992,210.82088815789473,285.5,100.0,0.10526315789473087
2024-01-12 14:00:00,41.546875,13.599999999999996,470.7583881578946,525.8,100.0,0.10526315789473087
2024-01-12 15:00:00,64.26562499999996,16.5,226.93963815789482,307.6,100.0,0.10526315789473087
2024-01-12 16:00:00,17.1788194444444,11.499999999999996,349.1264437134503,377.7,100.0,0.10526315789473087
2024-01-12 17:00:00,1.06076388888885,8.85,412.69449926900586,422.5,100.0,0.10526315789473087
2024-01-12 18:00:00,-0.0,5.066666666666665,78.03859649122806,83.0,100.0,0.10526315789473087
2024-01-12 19:00:00,-0.0,2.9333333333333282,56.871929824561406,59.7,100.0,0.10526315789473087
2024-01-12 20:00:00,-0.0,1.86666666666666,111.13859649122807,112.9,100.0,0.10526315789473087
2024-01-12 21:00:00,-0.0,2.4,272.60526315789474,274.9,100.0,0.10526315789473087
2024-01-12 22:00:00,-0.0,2.46666666666666,710.9385964912279,713.3,100.0,0.10526315789473087
2024-01-12 23:00:00,-0.0,4.799999999999987,420.40526315789475,425.1,100.0,0.10526315789473087
2024-01-13 00:00:00,-0.0,8.099999999999987,915.9052631578946,923.9,100.0,0.10526315789473087
2024-01-13 01:00:00,-0.0,8.599999999999993,528.6052631578947,537.1,100.0,0.10526315789473087
2024-01-13 02:00:00,-0.0,9.399999999999995,424.8052631578948,434.1,100.0,0.10526315789473087
2024-01-13 03:00:00,-0.0,6.333333333333324,230.77192982456143,237.0,100.0,0.10526315789473087
2024-01-13 04:00:00,-0.0,4.733333333333328,271.0719298245614,275.7,100.0,0.10526315789473087
2024-01-13 05:00:00,-0.0,3.733333333333332,400.8719298245614,404.5,100.0,0.10526315789473087
2024-01-13 06:00:00,-0.0,4.666666666666656,327.6385964912281,332.2,100.0,0.10526315789473087
2024-01-13 07:00:00,0.08800293784585,4.466666666666664,178.7505935533822,183.2,100.0,0.10526315789473087
2024-01-13 08:00:00,11.001927187769748,4.466666666666664,54.7366693034583,70.1,100.0,0.10526315789473087
2024-01-13 09:00:00,85.03055493036905,5.133333333333324,-0.0,52.1,136.06069385051725,38.063888263702374
2024-01-13 10:00:00,183.12861495547824,5.466666666666661,-0.0,189.5,135.0651506977044,-0.9047183778550982
2024-01-13 11:00:00,284.49299282497833,4.133333333333328,-0.0,301.2,122.9850953974028,-12.57367384168833
2024-01-13 12:00:00,363.38550567626953,5.133333333333324,-0.0,236.8,247.9950073611281,131.71883900960285
2024-01-13 13:00:00,356.1979166666667,4.933333333333332,-0.0,259.4,344.391699853767,101.73125000000005
2024-01-13 14:00:00,252.05902777777777,6.06666666666666,-0.0,250.9,350.91171787613547,7.225694444444426
2024-01-13 15:00:00,180.44965277777774,3.66666666666666,44.78368055555558,428.9,160.5608061582593,-200.0
2024-01-13 16:00:00,112.71006944444444,1.799999999999988,176.11072492176493,354.2,100.0,-63.579205633790586
2024-01-13 17:00:00,0.9791666666666499,0.799999999999992,205.5260964912281,207.2,100.0,0.10526315789473087
2024-01-13 18:00:00,-0.0,-0.0,231.30526315789473,231.2,100.0,0.10526315789473087
2024-01-13 19:00:00,-0.0,-0.0,134.10526315789474,134.0,100.0,0.10526315789473087
2024-01-13 20:00:00,-0.0,-0.0,14.80526315789473,14.7,100.0,0.10526315789473087
2024-01-13 21:00:00,-0.0,-0.0,304.90526315789475,304.8,100.0,0.10526315789473087
2024-01-13 22:00:00,-0.0,-0.0,961.8052631578947,961.7,100.0,0.10526315789473087
2024-01-13 23:00:00,-0.0,-0.0,459.10526315789474,459.0,100.0,0.10526315789473087
2024-01-14 00:00:00,-0.0,-0.0,907.1052631578947,907.0,100.0,0.10526315789473087
2024-01-14 01:00:00,-0.0,-0.0,239.00526315789475,238.9,100.0,0.10526315789473087
2024-01-14 02:00:00,-0.0,-0.0,151.40526315789475,151.3,100.0,0.10526315789473087
2024-01-14 03:00:00,-0.0,-0.0,167.80526315789473,167.7,100.0,0.10526315789473087
2024-01-14 04:00:00,-0.0,-0.0,146.70526315789473,146.6,100.0,0.10526315789473087
2024-01-14 05:00:00,-0.0,-0.0,285.5052631578947,285.4,100.0,0.10526315789473087
2024-01-14 06:00:00,-0.0,-0.0,289.40526315789475,289.3,100.0,0.10526315789473087
2024-01-14 07:00:00,0.018240765720191926,-0.0,108.18702239217453,108.1,100.0,0.10526315789473087
2024-01-14 08:00:00,4.9649857995488,-0.0,61.64027735834593,66.5,100.0,0.10526315789473087
2024-01-14 09:00:00,58.1295779512988,-0.0,38.17568520659593,96.2,100.0,0.10526315789473087
2024-01-14 10:00:00,217.66005171669855,-0.0,-0.0,97.7,213.86204913086362,119.96005171669854
2024-01-14 11:00:00,326.4632505840725,-0.0,-0.0,319.1,220.64327513660163,7.363250584072489
2024-01-14 12:00:00,349.43785826365155,0.6666666666666601,-0.0,331.3,238.2869305452673,18.8045249303182
2024-01-14 13:00:00,359.4791666666667,-0.0,-0.0,307.5,287.4288519480554,51.979166666666686
2024-01-14 14:00:00,322.5,0.5999999999999881,-0.0,364.3,248.00142309610735,-41.200000000000024
2024-01-14 15:00:00,180.11111111111111,-0.0,-0.0,329.2,106.11897722856682,-149.08888888888887
2024-01-14 16:00:00,58.3958333333333,-0.0,303.3748421915738,368.1,100.0,-6.329324475092903
2024-01-14 17:00:00,2.90104166666665,-0.0,450.7042214912281,453.5,100.0,0.10526315789473087
2024-01-14 18:00:00,-0.0,-0.0,131.00526315789475,130.9,100.0,0.10526315789473087
2024-01-14 19:00:00,-0.0,-0.0,68.00526315789473,67.9,100.0,0.10526315789473087
2024-01-14 20:00:00,-0.0,-0.0,87.60526315789473,87.5,100.0,0.10526315789473087
2024-01-14 21:00:00,-0.0,-0.0,607.8052631578947,607.7,100.0,0.10526315789473087
2024-01-14 22:00:00,-0.0,-0.0,695.0052631578947,694.9,100.0,0.10526315789473087
2024-01-14 23:00:00,-0.0,10.199999999999987,402.20526315789476,412.3,100.0,0.10526315789473087
2024-01-15 00:00:00,-0.0,11.949999999999996,687.0552631578946,698.9,100.0,0.10526315789473087
2024-01-15 01:00:00,-0.0,11.149999999999993,288.95526315789476,300.0,100.0,0.10526315789473087
2024-01-15 02:00:00,-0.0,10.749999999999996,381.95526315789476,392.6,100.0,0.10526315789473087
2024-01-15 03:00:00,-0.0,8.749999999999993,116.05526315789473,124.7,100.0,0.10526315789473087
2024-01-15 04:00:00,-0.0,3.266666666666664,307.5385964912281,310.7,100.0,0.10526315789473087
2024-01-15 05:00:00,-0.0,-0.0,312.60526315789474,312.5,100.0,0.10526315789473087
2024-01-15 06:00:00,-0.0,9.399999999999995,138.60526315789474,147.9,100.0,0.10526315789473087
2024-01-15 07:00:00,0.23939645952645,8.799999999999997,113.46586669836829,122.4,100.0,0.10526315789473087
2024-01-15 08:00:00,11.162344004131,11.899999999999991,26.54291915376374,49.5,100.0,0.10526315789473087
2024-01-15 09:00:00,74.93985493977864,12.299999999999999,-0.0,53.6,131.8578621927897,33.63985493977864
2024-01-15 10:00:00,215.28677807913886,14.416666666666655,-0.0,90.7,263.77927683911213,139.0034447458055
2024-01-15 11:00:00,300.7926405800714,12.899999999999988,146.18578303858857,632.0,100.0,-172.12157638134005
2024-01-15 12:00:00,343.35413032107886,18.916666666666668,-0.0,259.2,197.81725713835826,103.07079698774554
2024-01-15 13:00:00,346.33680555555554,20.666666666666664,-0.0,417.4,149.74273849233103,-50.39652777777777
2024-01-15 14:00:00,307.2916666666667,21.916666666666657,15.388513241573321,396.8,100.0,-52.20315342509336
2024-01-15 15:00:00,178.33333333333334,31.999999999999993,91.67192982456137,301.9,100.0,0.10526315789473087
2024-01-15 16:00:00,73.8454861111111,26.29999999999999,504.2597770467836,604.3,100.0,0.10526315789473087
2024-01-15 17:00:00,1.62326388888885,11.749999999999991,329.93199926900587,343.2,100.0,0.10526315789473087
2024-01-15 18:00:00,-0.0,10.849999999999993,274.3552631578948,285.1,100.0,0.10526315789473087
2024-01-15 19:00:00,-0.0,-0.0,130.10526315789474,130.0,100.0,0.10526315789473087
2024-01-15 20:00:00,-0.0,-0.0,206.70526315789473,206.6,100.0,0.10526315789473087
2024-01-15 21:00:00,-0.0,8.499999999999996,555.8052631578947,564.2,100.0,0.10526315789473087
2024-01-15 22:00:00,-0.0,4.86666666666666,792.038596491228,796.8,100.0,0.10526315789473087
2024-01-15 23:00:00,-0.0,7.26666666666666,422.3385964912281,429.5,100.0,0.10526315789473087
2024-01-16 00:00:00,-0.0,7.199999999999999,1134.0052631578947,1141.1,100.0,0.10526315789473087
2024-01-16 01:00:00,-0.0,9.249999999999995,463.35526315789474,472.5,100.0,0.10526315789473087
2024-01-16 02:00:00,-0.0,7.333333333333332,266.4719298245614,273.7,100.0,0.10526315789473087
2024-01-16 03:00:00,-0.0,8.899999999999991,231.00526315789477,239.8,100.0,0.10526315789473087
2024-01-16 04:00:00,-0.0,10.35,156.05526315789476,166.3,100.0,0.10526315789473087
2024-01-16 05:00:00,-0.0,13.749999999999996,251.75526315789472,265.4,100.0,0.10526315789473087
2024-01-16 06:00:00,-0.0,12.249999999999996,154.85526315789474,167.0,100.0,0.10526315789473087
2024-01-16 07:00:00,0.15759189095759998,6.933333333333324,193.1143379336038,200.1,100.0,0.10526315789473087
2024-01-16 08:00:00,9.9839485891991,1.86666666666666,97.65464790202897,109.4,100.0,0.10526315789473087
2024-01-16 09:00:00,78.43886545755795,5.466666666666661,5.799731033670113,89.6,100.0,0.10526315789473087
2024-01-16 10:00:00,210.6860245598687,10.599999999999996,-0.0,78.5,235.54672333187528,142.7860245598687
2024-01-16 11:00:00,116.3589831193288,3.866666666666664,188.4415327313273,451.1,100.0,-142.43281748267728
2024-01-16 12:00:00,224.82869214481775,4.799999999999987,330.176571013077,559.7,100.0,0.10526315789473087
2024-01-16 13:00:00,116.3159722222222,-0.0,359.6892909356725,475.9,100.0,0.10526315789473087
2024-01-16 14:00:00,207.6875,2.866666666666656,251.25109649122805,461.7,100.0,0.10526315789473087
2024-01-16 15:00:00,180.9375,0.7333333333333321,437.43442982456133,619.0,100.0,0.10526315789473087
2024-01-16 16:00:00,90.7065972222222,1.6666666666666559,361.03199926900595,453.3,100.0,0.10526315789473087
2024-01-16 17:00:00,2.46180555555555,-0.0,523.8434576023392,526.2,100.0,0.10526315789473087
2024-01-16 18:00:00,-0.0,-0.0,129.90526315789475,129.8,100.0,0.10526315789473087
2024-01-16 19:00:00,-0.0,-0.0,116.30526315789473,116.2,100.0,0.10526315789473087
2024-01-16 20:00:00,-0.0,-0.0,75.80526315789473,75.7,100.0,0.10526315789473087
2024-01-16 21:00:00,-0.0,-0.0,637.9052631578946,637.8,100.0,0.10526315789473087
2024-01-16 22:00:00,-0.0,-0.0,664.1052631578947,664.0,100.0,0.10526315789473087
2024-01-16 23:00:00,-0.0,-0.0,387.20526315789476,387.1,100.0,0.10526315789473087
2024-01-17 00:00:00,-0.0,-0.0,948.8052631578947,948.7,100.0,0.10526315789473087
2024-01-17 01:00:00,-0.0,-0.0,596.7052631578947,596.6,100.0,0.10526315789473087
2024-01-17 02:00:00,-0.0,-0.0,220.10526315789474,220.0,100.0,0.10526315789473087
2024-01-17 03:00:00,-0.0,-0.0,111.10526315789473,111.0,100.0,0.10526315789473087
2024-01-17 04:00:00,-0.0,-0.0,121.70526315789472,121.6,100.0,0.10526315789473087
2024-01-17 05:00:00,-0.0,-0.0,248.90526315789475,248.8,100.0,0.10526315789473087
2024-01-17 06:00:00,-0.0,-0.0,157.70526315789473,157.6,100.0,0.10526315789473087
2024-01-17 07:00:00,0.117228316764,-0.0,197.88803484113075,197.9,100.0,0.10526315789473087
2024-01-17 08:00:00,7.674683133243651,-0.0,19.43058002465108,27.0,100.0,0.10526315789473087
2024-01-17 09:00:00,69.3651907973819,-0.0,103.84007236051283,173.1,100.0,0.10526315789473087
2024-01-17 10:00:00,249.35755756166245,-0.0,-0.0,162.8,182.1296796835793,86.55755756166243
2024-01-17 11:00:00,308.8103734122382,-0.0,98.02904763629266,493.1,100.0,-86.26057895146917
2024-01-17 12:00:00,324.10054418775775,-0.0,272.4047189701369,596.4,100.0,0.10526315789473087
2024-01-17 13:00:00,337.69097222222223,-0.0,93.6142909356725,431.2,100.0,0.10526315789473087
2024-01-17 14:00:00,309.96527777777777,-0.0,-0.0,202.3,202.1820138888889,107.66527777777776
2024-01-17 15:00:00,181.46354166666666,2.5333333333333323,-0.0,281.1,109.73186312499998,-97.10312500000003
2024-01-17 16:00:00,116.24305555555554,8.899999999999991,315.3283852214182,450.6,100.0,-10.128559223026285
2024-01-17 17:00:00,2.09374999999995,8.049999999999995,249.4615131578948,259.5,100.0,0.10526315789473087
2024-01-17 18:00:00,-0.0,8.949999999999996,151.35526315789474,160.2,100.0,0.10526315789473087
2024-01-17 19:00:00,-0.0,7.866666666666661,47.53859649122807,55.3,100.0,0.10526315789473087
2024-01-17 20:00:00,-0.0,-0.0,93.40526315789472,93.3,100.0,0.10526315789473087
2024-01-17 21:00:00,-0.0,-0.0,496.40526315789475,496.3,100.0,0.10526315789473087
2024-01-17 22:00:00,-0.0,-0.0,1098.2052631578947,1098.1,100.0,0.10526315789473087
2024-01-17 23:00:00,-0.0,-0.0,450.70526315789476,450.6,100.0,0.10526315789473087
2024-01-18 00:00:00,-0.0,-0.0,1127.505263157895,1127.4,100.0,0.10526315789473087
2024-01-18 01:00:00,-0.0,-0.0,633.9052631578946,633.8,100.0,0.10526315789473087
2024-01-18 02:00:00,-0.0,0.5999999999999881,243.60526315789474,244.1,100.0,0.10526315789473087
2024-01-18 03:00:00,-0.0,-0.0,146.40526315789475,146.3,100.0,0.10526315789473087
2024-01-18 04:00:00,-0.0,-0.0,174.40526315789475,174.3,100.0,0.10526315789473087
2024-01-18 05:00:00,-0.0,-0.0,188.40526315789475,188.3,100.0,0.10526315789473087
2024-01-18 06:00:00,-0.0,-0.0,168.50526315789475,168.4,100.0,0.10526315789473087
2024-01-18 07:00:00,0.328058861196,-0.0,109.87720429669872,110.1,100.0,0.10526315789473087
2024-01-18 08:00:00,6.847003601077501,1.999999999999992,57.75825955681724,66.5,100.0,0.10526315789473087
2024-01-18 09:00:00,80.86922380659314,1.2,67.53603935130161,149.5,100.0,0.10526315789473087
2024-01-18 10:00:00,244.65909295611908,3.866666666666664,-0.0,115.4,226.36947164164644,133.12575962278575
2024-01-18 11:00:00,316.8376880221897,9.3,-0.0,409.4,147.04390579108502,-83.26231197781028
2024-01-18 12:00:00,348.7136236826579,15.333333333333325,32.08792521001516,445.5,100.0,-49.36511777399361
2024-01-18 13:00:00,360.0520833333333,13.399999999999991,-0.0,203.9,260.97447916666664,169.55208333333331
2024-01-18 14:00:00,318.47222222222223,5.133333333333324,-0.0,301.1,282.0937824652777,22.50555555555553
2024-01-18 15:00:00,198.8819444444444,5.066666666666665,359.2706639596127,754.6,100.0,-191.38072492927623
2024-01-18 16:00:00,104.2829861111111,1.2,553.9222770467835,659.3,100.0,0.10526315789473087
2024-01-18 17:00:00,1.31249999999995,-0.0,478.7927631578948,480.0,100.0,0.10526315789473087
2024-01-18 18:00:00,-0.0,-0.0,181.40526315789475,181.3,100.0,0.10526315789473087
2024-01-18 19:00:00,-0.0,-0.0,124.80526315789473,124.7,100.0,0.10526315789473087
2024-01-18 20:00:00,-0.0,-0.0,71.90526315789472,71.8,100.0,0.10526315789473087
2024-01-18 21:00:00,-0.0,-0.0,496.70526315789476,496.6,100.0,0.10526315789473087
2024-01-18 22:00:00,-0.0,-0.0,860.1052631578947,860.0,100.0,0.10526315789473087
2024-01-18 23:00:00,-0.0,-0.0,391.20526315789476,391.1,100.0,0.10526315789473087
2024-01-19 00:00:00,-0.0,-0.0,1255.9052631578948,1255.8,100.0,0.10526315789473087
2024-01-19 01:00:00,-0.0,-0.0,785.1052631578947,785.0,100.0,0.10526315789473087
2024-01-19 02:00:00,-0.0,-0.0,268.80526315789473,268.7,100.0,0.10526315789473087
2024-01-19 03:00:00,-0.0,-0.0,80.80526315789473,80.7,100.0,0.10526315789473087
2024-01-19 04:00:00,-0.0,-0.0,167.20526315789473,167.1,100.0,0.10526315789473087
2024-01-19 05:00:00,-0.0,-0.0,271.80526315789473,271.7,100.0,0.10526315789473087
2024-01-19 06:00:00,-0.0,-0.0,198.60526315789474,198.5,100.0,0.10526315789473087
2024-01-19 07:00:00,0.0610384940066,-0.0,138.64422466388814,138.6,100.0,0.10526315789473087
2024-01-19 08:00:00,2.2064881805433503,-0.0,79.29877497735139,81.4,100.0,0.10526315789473087
2024-01-19 09:00:00,22.716404224435447,-0.0,217.58885893345928,240.2,100.0,0.10526315789473087
2024-01-19 10:00:00,92.1643245882458,-0.0,56.34093856964894,148.4,100.0,0.10526315789473087
2024-01-19 11:00:00,148.04166634877518,-0.0,340.8635968091196,488.8,100.0,0.10526315789473087
2024-01-19 12:00:00,154.24238194359674,-0.0,686.1628812142978,840.3,100.0,0.10526315789473087
2024-01-19 13:00:00,127.28993055555554,-0.0,211.21533260233917,338.4,100.0,0.10526315789473087
2024-01-19 14:00:00,110.7899305555555,-0.0,349.61533260233927,460.3,100.0,0.10526315789473087
2024-01-19 15:00:00,46.21701388888885,-0.0,443.6882492690059,489.8,100.0,0.10526315789473087
2024-01-19 16:00:00,8.8350694444444,3.399999999999996,449.87019371345036,462.0,100.0,0.10526315789473087
2024-01-19 17:00:00,1.28993055555555,3.866666666666664,274.3486659356725,279.4,100.0,0.10526315789473087
2024-01-19 18:00:00,-0.0,2.333333333333328,112.9719298245614,115.2,100.0,0.10526315789473087
2024-01-19 19:00:00,-0.0,0.933333333333324,96.9719298245614,97.8,100.0,0.10526315789473087
2024-01-19 20:00:00,-0.0,-0.0,124.60526315789473,124.5,100.0,0.10526315789473087
2024-01-19 21:00:00,-0.0,2.266666666666656,508.3385964912281,510.5,100.0,0.10526315789473087
2024-01-19 22:00:00,-0.0,-0.0,895.1052631578947,895.0,100.0,0.10526315789473087
2024-01-19 23:00:00,-0.0,-0.0,275.40526315789475,275.3,100.0,0.10526315789473087
2024-01-20 00:00:00,-0.0,1.5999999999999959,1097.8052631578948,1099.3,100.0,0.10526315789473087
2024-01-20 01:00:00,-0.0,-0.0,765.1052631578947,765.0,100.0,0.10526315789473087
2024-01-20 02:00:00,-0.0,-0.0,473.0052631578947,472.9,100.0,0.10526315789473087
2024-01-20 03:00:00,-0.0,3.66666666666666,278.63859649122804,282.2,100.0,0.10526315789473087
2024-01-20 04:00:00,-0.0,2.733333333333324,180.87192982456142,183.5,100.0,0.10526315789473087
2024-01-20 05:00:00,-0.0,3.06666666666666,261.3385964912281,264.3,100.0,0.10526315789473087
2024-01-20 06:00:00,-0.0,0.866666666666664,158.23859649122807,159.0,100.0,0.10526315789473087
2024-01-20 07:00:00,0.11419009520775,-0.0,150.99107306268698,151.0,100.0,0.10526315789473087
2024-01-20 08:00:00,1.0590321679289,-0.0,227.34623098996585,228.3,100.0,0.10526315789473087
2024-01-20 09:00:00,8.990018115275399,4.466666666666664,112.84857837595266,126.2,100.0,0.10526315789473087
2024-01-20 10:00:00,90.2702521946695,2.266666666666656,124.4683442965586,216.9,100.0,0.10526315789473087
2024-01-20 11:00:00,61.0966567198435,4.799999999999987,467.90860643805127,533.7,100.0,0.10526315789473087
2024-01-20 12:00:00,141.50970718595715,0.6666666666666601,321.3288893052709,463.4,100.0,0.10526315789473087
2024-01-20 13:00:00,81.2534722222222,1.933333333333332,485.51845760233925,568.6,100.0,0.10526315789473087
2024-01-20 14:00:00,18.0173611111111,6.399999999999996,424.2879020467837,448.6,100.0,0.10526315789473087
2024-01-20 15:00:00,8.71875,11.049999999999995,522.0365131578948,541.7,100.0,0.10526315789473087
2024-01-20 16:00:00,3.3350694444444002,9.75,347.2201937134503,360.2,100.0,0.10526315789473087
2024-01-20 17:00:00,2.0763888888888498,9.45,233.8788742690059,245.3,100.0,0.10526315789473087
2024-01-20 18:00:00,-0.0,9.499999999999991,343.40526315789475,352.8,100.0,0.10526315789473087
2024-01-20 19:00:00,-0.0,8.499999999999996,90.20526315789472,98.6,100.0,0.10526315789473087
2024-01-20 20:00:00,-0.0,5.733333333333324,72.8719298245614,78.5,100.0,0.10526315789473087
2024-01-20 21:00:00,-0.0,8.349999999999996,464.4552631578947,472.7,100.0,0.10526315789473087
2024-01-20 22:00:00,-0.0,7.333333333333332,1358.1719298245616,1365.4,100.0,0.10526315789473087
2024-01-20 23:00:00,-0.0,8.649999999999997,377.2552631578948,385.8,100.0,0.10526315789473087
2024-01-21 00:00:00,-0.0,9.349999999999993,943.0552631578946,952.3,100.0,0.10526315789473087
2024-01-21 01:00:00,-0.0,8.7,339.40526315789475,348.0,100.0,0.10526315789473087
2024-01-21 02:00:00,-0.0,9.649999999999991,284.95526315789476,294.5,100.0,0.10526315789473087
2024-01-21 03:00:00,-0.0,9.249999999999995,96.35526315789473,105.5,100.0,0.10526315789473087
2024-01-21 04:00:00,-0.0,10.249999999999991,273.2552631578947,283.4,100.0,0.10526315789473087
2024-01-21 05:00:00,-0.0,8.649999999999997,438.85526315789474,447.4,100.0,0.10526315789473087
2024-01-21 06:00:00,-0.0,7.866666666666661,269.13859649122804,276.9,100.0,0.10526315789473087
2024-01-21 07:00:00,0.1288076241811,4.26666666666666,130.90978886704698,135.2,100.0,0.10526315789473087
2024-01-21 08:00:00,0.96797253988265,1.133333333333328,104.70395728467875,106.7,100.0,0.10526315789473087
2024-01-21 09:00:00,9.0676351719432,3.133333333333332,120.10429465261821,132.2,100.0,0.10526315789473087
2024-01-21 10:00:00,74.78809469276004,1.799999999999988,133.7171684651347,210.2,100.0,0.10526315789473087
2024-01-21 11:00:00,69.23087279001871,2.9333333333333282,285.14105703454265,357.2,100.0,0.10526315789473087
2024-01-21 12:00:00,84.30623269081116,7.5333333333333234,497.0656971337502,588.8,100.0,0.10526315789473087
2024-01-21 13:00:00,66.76388888888884,5.8666666666666565,450.37470760233913,522.9,100.0,0.10526315789473087
2024-01-21 14:00:00,42.5694444444444,4.86666666666666,448.66915204678367,496.0,100.0,0.10526315789473087
2024-01-21 15:00:00,14.63888888888885,3.9999999999999956,702.9663742690059,721.5,100.0,0.10526315789473087
2024-01-21 16:00:00,3.3003472222222,4.466666666666664,625.1382492690058,632.8,100.0,0.10526315789473087
2024-01-21 17:00:00,1.484375,7.066666666666668,262.75422149122807,271.2,100.0,0.10526315789473087
2024-01-21 18:00:00,-0.0,8.349999999999996,235.95526315789473,244.2,100.0,0.10526315789473087
2024-01-21 19:00:00,-0.0,5.666666666666664,220.63859649122807,226.2,100.0,0.10526315789473087
2024-01-21 20:00:00,-0.0,4.666666666666656,225.63859649122807,230.2,100.0,0.10526315789473087
2024-01-21 21:00:00,-0.0,4.86666666666666,567.238596491228,572.0,100.0,0.10526315789473087
2024-01-21 22:00:00,-0.0,6.0,1047.6052631578948,1053.5,100.0,0.10526315789473087
2024-01-21 23:00:00,-0.0,4.533333333333324,599.0719298245614,603.5,100.0,0.10526315789473087
2024-01-22 00:00:00,-0.0,5.133333333333324,951.6719298245614,956.7,100.0,0.10526315789473087
2024-01-22 01:00:00,-0.0,7.26666666666666,500.8385964912281,508.0,100.0,0.10526315789473087
2024-01-22 02:00:00,-0.0,4.466666666666664,308.7385964912281,313.1,100.0,0.10526315789473087
2024-01-22 03:00:00,-0.0,2.9333333333333282,252.0719298245614,254.9,100.0,0.10526315789473087
2024-01-22 04:00:00,-0.0,3.9999999999999956,214.20526315789473,218.1,100.0,0.10526315789473087
2024-01-22 05:00:00,-0.0,5.533333333333332,322.5719298245614,328.0,100.0,0.10526315789473087
2024-01-22 06:00:00,-0.0,5.799999999999995,222.30526315789476,228.0,100.0,0.10526315789473087
2024-01-22 07:00:00,0.1342143433996,7.199999999999999,213.87104881449514,221.1,100.0,0.10526315789473087
2024-01-22 08:00:00,5.293895557212299,3.5333333333333283,70.5780342673491,79.3,100.0,0.10526315789473087
2024-01-22 09:00:00,27.271803004874098,2.866666666666656,79.76679348635396,109.8,100.0,0.10526315789473087
2024-01-22 10:00:00,67.85463598039415,2.799999999999996,60.95062717750061,131.5,100.0,0.10526315789473087
2024-01-22 11:00:00,190.17958958943683,4.666666666666656,562.0590069017912,756.8,100.0,0.10526315789473087
2024-01-22 12:00:00,135.90538324250116,4.733333333333328,828.4665465820601,969.0,100.0,0.10526315789473087
2024-01-22 13:00:00,67.71354166666666,1.26666666666666,590.5250548245614,659.4,100.0,0.10526315789473087
2024-01-22 14:00:00,182.20659722222223,1.133333333333328,459.9653326023392,643.2,100.0,0.10526315789473087
2024-01-22 15:00:00,90.7638888888889,2.5333333333333323,586.6080409356724,679.8,100.0,0.10526315789473087
2024-01-22 16:00:00,39.7413194444444,3.799999999999992,602.9639437134504,646.4,100.0,0.10526315789473087
2024-01-22 17:00:00,4.30555555555555,2.333333333333328,383.7663742690059,390.3,100.0,0.10526315789473087
2024-01-22 18:00:00,-0.0,0.5999999999999881,388.70526315789476,389.2,100.0,0.10526315789473087
2024-01-22 19:00:00,-0.0,-0.0,222.20526315789473,222.1,100.0,0.10526315789473087
2024-01-22 20:00:00,-0.0,-0.0,195.30526315789473,195.2,100.0,0.10526315789473087
2024-01-22 21:00:00,-0.0,3.133333333333332,610.9719298245614,614.0,100.0,0.10526315789473087
2024-01-22 22:00:00,-0.0,0.5999999999999881,1403.505263157895,1404.0,100.0,0.10526315789473087
2024-01-22 23:00:00,-0.0,1.399999999999992,484.90526315789475,486.2,100.0,0.10526315789473087
2024-01-23 00:00:00,-0.0,4.599999999999996,1405.1052631578948,1409.6,100.0,0.10526315789473087
2024-01-23 01:00:00,-0.0,2.733333333333324,877.2719298245613,879.9,100.0,0.10526315789473087
2024-01-23 02:00:00,-0.0,4.466666666666664,260.7385964912281,265.1,100.0,0.10526315789473087
2024-01-23 03:00:00,-0.0,0.333333333333324,164.57192982456144,164.8,100.0,0.10526315789473087
2024-01-23 04:00:00,-0.0,5.599999999999992,208.30526315789476,213.8,100.0,0.10526315789473087
2024-01-23 05:00:00,-0.0,5.933333333333328,431.8719298245614,437.7,100.0,0.10526315789473087
2024-01-23 06:00:00,-0.0,8.099999999999987,181.80526315789476,189.8,100.0,0.10526315789473087
2024-01-23 07:00:00,0.12618881753744998,6.999999999999996,168.1790743403573,175.2,100.0,0.10526315789473087
2024-01-23 08:00:00,5.3076161475231,11.899999999999991,156.29764701037163,173.4,100.0,0.10526315789473087
2024-01-23 09:00:00,39.20595775047935,13.299999999999995,37.59930540741538,90.0,100.0,0.10526315789473087
2024-01-23 10:00:00,127.5520470407274,13.399999999999991,62.25321611716733,203.1,100.0,0.10526315789473087
2024-01-23 11:00:00,93.27498382992209,12.099999999999996,432.33027932797256,537.6,100.0,0.10526315789473087
2024-01-23 12:00:00,148.9924825032552,12.899999999999988,780.6127806546394,942.4,100.0,0.10526315789473087
2024-01-23 13:00:00,334.65277777777777,16.166666666666664,371.58581871345024,722.3,100.0,0.10526315789473087
2024-01-23 14:00:00,311.02430555555554,15.416666666666664,308.26429093567253,634.6,100.0,0.10526315789473087
2024-01-23 15:00:00,111.0538194444444,12.049999999999992,745.3014437134502,868.3,100.0,0.10526315789473087
2024-01-23 16:00:00,30.02604166666665,11.59999999999999,621.879221491228,663.4,100.0,0.10526315789473087
2024-01-23 17:00:00,1.8315972222222,17.416666666666668,503.05699926900587,522.2,100.0,0.10526315789473087
2024-01-23 18:00:00,-0.0,11.649999999999995,338.2552631578948,349.8,100.0,0.10526315789473087
2024-01-23 19:00:00,-0.0,14.583333333333336,252.22192982456139,266.7,100.0,0.10526315789473087
2024-01-23 20:00:00,-0.0,10.599999999999996,126.20526315789473,136.7,100.0,0.10526315789473087
2024-01-23 21:00:00,-0.0,7.666666666666656,778.438596491228,786.0,100.0,0.10526315789473087
2024-01-23 22:00:00,-0.0,4.466666666666664,981.038596491228,985.4,100.0,0.10526315789473087
2024-01-23 23:00:00,-0.0,3.266666666666664,480.73859649122807,483.9,100.0,0.10526315789473087
2024-01-24 00:00:00,-0.0,5.133333333333324,1237.4719298245616,1242.5,100.0,0.10526315789473087
2024-01-24 01:00:00,-0.0,1.4666666666666641,841.638596491228,843.0,100.0,0.10526315789473087
2024-01-24 02:00:00,-0.0,5.133333333333324,347.1719298245614,352.2,100.0,0.10526315789473087
2024-01-24 03:00:00,-0.0,4.466666666666664,244.73859649122807,249.1,100.0,0.10526315789473087
2024-01-24 04:00:00,-0.0,6.6,207.00526315789475,213.5,100.0,0.10526315789473087
2024-01-24 05:00:00,-0.0,7.666666666666656,346.8385964912281,354.4,100.0,0.10526315789473087
2024-01-24 06:00:00,-0.0,6.133333333333332,339.2719298245614,345.3,100.0,0.10526315789473087
2024-01-24 07:00:00,0.32974591996104996,3.799999999999992,112.17551723793368,116.2,100.0,0.10526315789473087
2024-01-24 08:00:00,7.22174273596865,3.5333333333333283,140.45018708859274,151.1,100.0,0.10526315789473087
2024-01-24 09:00:00,34.68824722700645,4.933333333333332,139.38368259755495,178.9,100.0,0.10526315789473087
2024-01-24 10:00:00,118.30787215795779,1.399999999999992,109.29739099993695,228.9,100.0,0.10526315789473087
2024-01-24 11:00:00,225.8817185295953,1.86666666666666,328.75687796163265,556.4,100.0,0.10526315789473087
2024-01-24 12:00:00,141.80643706851535,5.066666666666665,558.9321594227126,705.7,100.0,0.10526315789473087
2024-01-24 13:00:00,233.91666666666666,3.799999999999992,397.9885964912281,635.6,100.0,0.10526315789473087
2024-01-24 14:00:00,129.6076388888889,3.733333333333332,476.0642909356724,609.3,100.0,0.10526315789473087
2024-01-24 15:00:00,128.60416666666666,1.066666666666656,593.5344298245615,723.1,100.0,0.10526315789473087
2024-01-24 16:00:00,52.3611111111111,0.7333333333333321,600.7108187134503,653.7,100.0,0.10526315789473087
2024-01-24 17:00:00,3.9739583333332997,1.733333333333328,465.29797149122805,470.9,100.0,0.10526315789473087
2024-01-24 18:00:00,-0.0,2.46666666666666,167.63859649122807,170.0,100.0,0.10526315789473087
2024-01-24 19:00:00,-0.0,2.066666666666664,142.43859649122808,144.4,100.0,0.10526315789473087
2024-01-24 20:00:00,-0.0,3.733333333333332,146.17192982456143,149.8,100.0,0.10526315789473087
2024-01-24 21:00:00,-0.0,2.066666666666664,619.638596491228,621.6,100.0,0.10526315789473087
2024-01-24 22:00:00,-0.0,4.733333333333328,1096.6719298245614,1101.3,100.0,0.10526315789473087
2024-01-24 23:00:00,-0.0,6.999999999999996,439.5052631578947,446.4,100.0,0.10526315789473087
2024-01-25 00:00:00,-0.0,9.249999999999995,1329.0552631578948,1338.2,100.0,0.10526315789473087
2024-01-25 01:00:00,-0.0,8.099999999999987,562.4052631578946,570.4,100.0,0.10526315789473087
2024-01-25 02:00:00,-0.0,7.933333333333319,305.4719298245614,313.3,100.0,0.10526315789473087
2024-01-25 03:00:00,-0.0,8.099999999999987,226.70526315789473,234.7,100.0,0.10526315789473087
2024-01-25 04:00:00,-0.0,10.149999999999997,154.85526315789474,164.9,100.0,0.10526315789473087
2024-01-25 05:00:00,-0.0,11.799999999999995,256.80526315789473,268.5,100.0,0.10526315789473087
2024-01-25 06:00:00,-0.0,13.8,196.10526315789474,209.8,100.0,0.10526315789473087
2024-01-25 07:00:00,0.27248248354425,15.249999999999996,275.3827806743505,290.8,100.0,0.10526315789473087
2024-01-25 08:00:00,10.5443605273548,16.166666666666664,56.69423596387327,83.3,100.0,0.10526315789473087
2024-01-25 09:00:00,70.09024043877915,18.583333333333332,31.631689385782252,120.2,100.0,0.10526315789473087
2024-01-25 10:00:00,209.86157205369736,15.66666666666666,-0.0,216.5,108.47682678434582,9.028238720364019
2024-01-25 11:00:00,308.32451873355444,17.833333333333332,121.63335850410016,456.6,100.0,-8.808789429012082
2024-01-25 12:00:00,378.7658214569092,15.999999999999996,239.23944170098548,633.9,100.0,0.10526315789473087
2024-01-25 13:00:00,369.8611111111111,10.699999999999992,-0.0,356.2,123.04305555555554,24.36111111111109
2024-01-25 14:00:00,336.00694444444446,8.049999999999995,353.2167266081872,721.4,100.0,-24.126328947368407
2024-01-25 15:00:00,212.92881944444446,11.449999999999992,382.3264437134502,606.6,100.0,0.10526315789473087
2024-01-25 16:00:00,162.91145833333334,13.699999999999992,309.5938048245614,486.1,100.0,0.10526315789473087
2024-01-25 17:00:00,8.47743055555555,11.749999999999991,183.7778326023392,203.9,100.0,0.10526315789473087
2024-01-25 18:00:00,-0.0,12.099999999999996,234.70526315789473,246.7,100.0,0.10526315789473087
2024-01-25 19:00:00,-0.0,17.583333333333325,239.7219298245614,257.2,100.0,0.10526315789473087
2024-01-25 20:00:00,-0.0,22.24999999999999,100.35526315789474,122.5,100.0,0.10526315789473087
2024-01-25 21:00:00,-0.0,19.083333333333325,363.4219298245614,382.4,100.0,0.10526315789473087
2024-01-25 22:00:00,-0.0,11.199999999999996,887.1052631578947,898.2,100.0,0.10526315789473087
2024-01-25 23:00:00,-0.0,6.399999999999996,647.1052631578947,653.4,100.0,0.10526315789473087
2024-01-26 00:00:00,-0.0,4.933333333333332,1227.1719298245614,1232.0,100.0,0.10526315789473087
2024-01-26 01:00:00,-0.0,4.066666666666668,680.238596491228,684.2,100.0,0.10526315789473087
2024-01-26 02:00:00,-0.0,0.533333333333328,414.17192982456146,414.6,100.0,0.10526315789473087
2024-01-26 03:00:00,-0.0,7.3999999999999915,288.5052631578948,295.8,100.0,0.10526315789473087
2024-01-26 04:00:00,-0.0,7.999999999999991,226.90526315789475,234.8,100.0,0.10526315789473087
2024-01-26 05:00:00,-0.0,7.733333333333328,285.6719298245614,293.3,100.0,0.10526315789473087
2024-01-26 06:00:00,-0.0,6.266666666666664,241.7385964912281,247.9,100.0,0.10526315789473087
2024-01-26 07:00:00,0.16489171526495,8.549999999999999,115.79037144262979,124.4,100.0,0.10526315789473087
2024-01-26 08:00:00,11.9563154493355,11.849999999999987,101.69894770855925,125.4,100.0,0.10526315789473087
2024-01-26 09:00:00,114.55564611487914,12.349999999999993,-0.0,94.3,130.8753638091352,32.605646114879136
2024-01-26 10:00:00,256.7215265168084,11.199999999999996,-0.0,145.0,247.51993863629403,122.9215265168084
2024-01-26 11:00:00,367.58780744340686,9.499999999999991,2.588593927479792,534.7,100.0,-155.02359862911342
2024-01-26 12:00:00,377.8429661856757,9.0,46.06229697221903,432.8,100.0,0.10526315789473087
2024-01-26 13:00:00,371.5104166666667,13.399999999999991,177.99484649122797,562.8,100.0,0.10526315789473087
2024-01-26 14:00:00,345.59027777777777,12.199999999999992,134.114985380117,491.8,100.0,0.10526315789473087
2024-01-26 15:00:00,219.92708333333331,11.899999999999991,413.47817982456144,645.2,100.0,0.10526315789473087
2024-01-26 16:00:00,156.82638888888889,14.499999999999996,177.27887426900585,348.5,100.0,0.10526315789473087
2024-01-26 17:00:00,9.9565972222222,10.149999999999997,281.2986659356726,301.3,100.0,0.10526315789473087
2024-01-26 18:00:00,-0.0,12.099999999999996,212.90526315789475,224.9,100.0,0.10526315789473087
2024-01-26 19:00:00,-0.0,12.0,299.70526315789476,311.6,100.0,0.10526315789473087
2024-01-26 20:00:00,-0.0,13.299999999999995,75.30526315789473,88.5,100.0,0.10526315789473087
2024-01-26 21:00:00,-0.0,11.849999999999987,624.9552631578947,636.7,100.0,0.10526315789473087
2024-01-26 22:00:00,-0.0,12.249999999999996,849.4552631578947,861.6,100.0,0.10526315789473087
2024-01-26 23:00:00,-0.0,11.59999999999999,525.1052631578947,536.6,100.0,0.10526315789473087
2024-01-27 00:00:00,-0.0,7.666666666666656,1377.438596491228,1385.0,100.0,0.10526315789473087
2024-01-27 01:00:00,-0.0,6.0,568.9052631578946,574.8,100.0,0.10526315789473087
2024-01-27 02:00:00,-0.0,10.899999999999995,442.8052631578948,453.6,100.0,0.10526315789473087
2024-01-27 03:00:00,-0.0,9.45,138.55526315789476,147.9,100.0,0.10526315789473087
2024-01-27 04:00:00,-0.0,9.399999999999995,107.20526315789473,116.5,100.0,0.10526315789473087
2024-01-27 05:00:00,-0.0,3.9999999999999956,348.0052631578947,351.9,100.0,0.10526315789473087
2024-01-27 06:00:00,-0.0,5.266666666666656,213.53859649122808,218.7,100.0,0.10526315789473087
2024-01-27 07:00:00,0.31126774433585,3.266666666666664,189.72732874689223,193.2,100.0,0.10526315789473087
2024-01-27 08:00:00,11.3660759002798,1.733333333333328,61.60585392428159,74.6,100.0,0.10526315789473087
2024-01-27 09:00:00,73.42314720153804,0.6666666666666601,47.515449289690025,121.5,100.0,0.10526315789473087
2024-01-27 10:00:00,126.21966971291434,0.999999999999996,141.3855934449804,268.5,100.0,0.10526315789473087
2024-01-27 11:00:00,273.9236336284214,2.46666666666666,63.31496286280674,339.6,100.0,0.10526315789473087
2024-01-27 12:00:00,346.93980058034265,2.733333333333324,206.33212924421866,555.9,100.0,0.10526315789473087
2024-01-27 13:00:00,369.1493055555556,6.933333333333324,116.72262426900579,492.7,100.0,0.10526315789473087
2024-01-27 14:00:00,331.73611111111114,6.466666666666656,170.40248538011696,508.5,100.0,0.10526315789473087
2024-01-27 15:00:00,226.22916666666666,6.0,169.87609649122808,402.0,100.0,0.10526315789473087
2024-01-27 16:00:00,72.5503472222222,8.299999999999992,535.1549159356725,615.9,100.0,0.10526315789473087
2024-01-27 17:00:00,4.9704861111111,5.066666666666665,356.568110380117,366.5,100.0,0.10526315789473087
2024-01-27 18:00:00,-0.0,3.866666666666664,85.13859649122807,88.9,100.0,0.10526315789473087
2024-01-27 19:00:00,-0.0,1.5999999999999959,153.40526315789475,154.9,100.0,0.10526315789473087
2024-01-27 20:00:00,-0.0,1.999999999999992,98.90526315789474,100.8,100.0,0.10526315789473087
2024-01-27 21:00:00,-0.0,1.799999999999988,556.4052631578948,558.1,100.0,0.10526315789473087
2024-01-27 22:00:00,-0.0,-0.0,1153.3052631578948,1153.2,100.0,0.10526315789473087
2024-01-27 23:00:00,-0.0,-0.0,541.7052631578947,541.6,100.0,0.10526315789473087
2024-01-28 00:00:00,-0.0,-0.0,1189.8052631578948,1189.7,100.0,0.10526315789473087
2024-01-28 01:00:00,-0.0,-0.0,605.0052631578947,604.9,100.0,0.10526315789473087
2024-01-28 02:00:00,-0.0,-0.0,313.0052631578947,312.9,100.0,0.10526315789473087
2024-01-28 03:00:00,-0.0,-0.0,293.5052631578947,293.4,100.0,0.10526315789473087
2024-01-28 04:00:00,-0.0,-0.0,313.90526315789475,313.8,100.0,0.10526315789473087
2024-01-28 05:00:00,-0.0,-0.0,311.80526315789473,311.7,100.0,0.10526315789473087
2024-01-28 06:00:00,-0.0,-0.0,246.30526315789473,246.2,100.0,0.10526315789473087
2024-01-28 07:00:00,0.31030463416955,-0.0,129.2949585237252,129.5,100.0,0.10526315789473087
2024-01-28 08:00:00,16.06728887909815,-0.0,137.03797427879658,153.0,100.0,0.10526315789473087
2024-01-28 09:00:00,77.75496151712206,-0.0,-0.0,75.9,101.66221344126595,1.8549615171220495
2024-01-28 10:00:00,117.16183993551465,-0.0,0.49547456151201175,119.3,100.0,-1.642685502973342
2024-01-28 11:00:00,103.5207686159346,-0.0,217.48449454196012,320.9,100.0,0.10526315789473087
2024-01-28 12:00:00,173.51016251246133,-0.0,211.39510064543342,384.8,100.0,0.10526315789473087
2024-01-28 13:00:00,272.51041666666663,-0.0,167.19484649122813,439.6,100.0,0.10526315789473087
2024-01-28 14:00:00,338.75,-0.0,235.65526315789464,574.3,100.0,0.10526315789473087
2024-01-28 15:00:00,209.03645833333334,-0.0,311.26880482456136,520.2,100.0,0.10526315789473087
2024-01-28 16:00:00,149.7690972222222,-0.0,322.3361659356725,472.0,100.0,0.10526315789473087
2024-01-28 17:00:00,11.34201388888885,-0.0,319.8632492690059,331.1,100.0,0.10526315789473087
2024-01-28 18:00:00,-0.0,-0.0,138.10526315789474,138.0,100.0,0.10526315789473087
2024-01-28 19:00:00,-0.0,-0.0,89.10526315789473,89.0,100.0,0.10526315789473087
2024-01-28 20:00:00,-0.0,-0.0,68.60526315789473,68.5,100.0,0.10526315789473087
2024-01-28 21:00:00,-0.0,-0.0,661.7052631578947,661.6,100.0,0.10526315789473087
2024-01-28 22:00:00,-0.0,-0.0,835.1052631578947,835.0,100.0,0.10526315789473087
2024-01-28 23:00:00,-0.0,-0.0,506.0052631578947,505.9,100.0,0.10526315789473087
2024-01-29 00:00:00,-0.0,-0.0,1070.505263157895,1070.4,100.0,0.10526315789473087
2024-01-29 01:00:00,-0.0,-0.0,291.40526315789475,291.3,100.0,0.10526315789473087
2024-01-29 02:00:00,-0.0,-0.0,400.70526315789476,400.6,100.0,0.10526315789473087
2024-01-29 03:00:00,-0.0,-0.0,160.60526315789474,160.5,100.0,0.10526315789473087
2024-01-29 04:00:00,-0.0,-0.0,126.90526315789472,126.8,100.0,0.10526315789473087
2024-01-29 05:00:00,-0.0,-0.0,266.70526315789476,266.6,100.0,0.10526315789473087
2024-01-29 06:00:00,-0.0,-0.0,130.90526315789475,130.8,100.0,0.10526315789473087
2024-01-29 07:00:00,0.03917009155783389,-0.0,102.9660930663369,102.9,100.0,0.10526315789473087
2024-01-29 08:00:00,10.0002960420938,-0.0,86.40496711580093,96.3,100.0,0.10526315789473087
2024-01-29 09:00:00,69.24409151077269,-0.0,24.46117164712203,93.6,100.0,0.10526315789473087
2024-01-29 10:00:00,233.62241321139865,-0.0,-0.0,134.9,193.6862925508287,98.72241321139865
2024-01-29 11:00:00,364.4446134567261,-0.0,317.74211679771827,780.6,100.0,-98.41326974555567
2024-01-29 12:00:00,379.6552716361152,-0.0,369.9499915217795,749.5,100.0,0.10526315789473087
2024-01-29 13:00:00,374.80902777777777,0.799999999999992,-0.0,329.7,143.51357638888888,45.90902777777777
2024-01-29 14:00:00,347.1701388888889,1.86666666666666,-0.0,377.3,116.52002809027776,-28.263194444444437
2024-01-29 15:00:00,212.9357638888889,-0.0,284.09738551933475,514.3,100.0,-17.2668505917763
2024-01-29 16:00:00,162.9895833333333,-0.0,374.71567982456145,537.6,100.0,0.10526315789473087
2024-01-29 17:00:00,14.27604166666665,-0.0,309.3292214912281,323.5,100.0,0.10526315789473087
2024-01-29 18:00:00,-0.0,-0.0,144.10526315789474,144.0,100.0,0.10526315789473087
2024-01-29 19:00:00,-0.0,-0.0,247.00526315789475,246.9,100.0,0.10526315789473087
2024-01-29 20:00:00,-0.0,-0.0,116.80526315789473,116.7,100.0,0.10526315789473087
2024-01-29 21:00:00,-0.0,-0.0,489.0052631578947,488.9,100.0,0.10526315789473087
2024-01-29 22:00:00,-0.0,-0.0,909.4052631578946,909.3,100.0,0.10526315789473087
2024-01-29 23:00:00,-0.0,-0.0,448.20526315789476,448.1,100.0,0.10526315789473087
2024-01-30 00:00:00,-0.0,-0.0,947.7052631578947,947.6,100.0,0.10526315789473087
2024-01-30 01:00:00,-0.0,-0.0,299.80526315789473,299.7,100.0,0.10526315789473087
2024-01-30 02:00:00,-0.0,-0.0,163.60526315789474,163.5,100.0,0.10526315789473087
2024-01-30 03:00:00,-0.0,-0.0,283.0052631578947,282.9,100.0,0.10526315789473087
2024-01-30 04:00:00,-0.0,-0.0,179.10526315789474,179.0,100.0,0.10526315789473087
2024-01-30 05:00:00,-0.0,-0.0,297.5052631578947,297.4,100.0,0.10526315789473087
2024-01-30 06:00:00,-0.0,-0.0,200.10526315789474,200.0,100.0,0.10526315789473087
2024-01-30 07:00:00,0.044543108670040965,-0.0,150.3607200492247,150.3,100.0,0.10526315789473087
2024-01-30 08:00:00,8.6891856264426,-0.0,-0.0,0.5,107.67972634512047,8.1891856264426
2024-01-30 09:00:00,78.6552795441821,-0.0,39.97414506763333,126.6,100.0,-7.970575388184575
2024-01-30 10:00:00,249.76961029900446,-0.0,-0.0,128.3,215.29612978405422,121.46961029900444
2024-01-30 11:00:00,366.3398223453098,-0.0,-0.0,470.2,116.41366488231449,-103.86017765469018
2024-01-30 12:00:00,382.27690060933435,-0.0,-0.0,271.7,221.3453067962998,110.57690060933436
2024-01-30 13:00:00,376.1979166666667,-0.0,-0.0,284.5,308.23698232283687,91.69791666666669
2024-01-30 14:00:00,341.4756944444444,0.7333333333333321,-0.0,349.8,300.71732172940284,-7.590972222222279
2024-01-30 15:00:00,213.52430555555554,-0.0,8.57569444444448,422.1,110.41660440767345,-200.0
2024-01-30 16:00:00,164.78125,-0.0,306.1701312597203,481.8,100.0,-10.84861874027976
2024-01-30 17:00:00,16.59374999999995,-0.0,346.1115131578948,362.6,100.0,0.10526315789473087
2024-01-30 18:00:00,-0.0,-0.0,273.10526315789474,273.0,100.0,0.10526315789473087
2024-01-30 19:00:00,-0.0,-0.0,112.10526315789473,112.0,100.0,0.10526315789473087
2024-01-30 20:00:00,-0.0,-0.0,103.00526315789473,102.9,100.0,0.10526315789473087
2024-01-30 21:00:00,-0.0,-0.0,472.30526315789473,472.2,100.0,0.10526315789473087
2024-01-30 22:00:00,-0.0,-0.0,1015.5052631578947,1015.4,100.0,0.10526315789473087
2024-01-30 23:00:00,-0.0,-0.0,363.5052631578947,363.4,100.0,0.10526315789473087
2024-01-31 00:00:00,-0.0,-0.0,759.6052631578947,759.5,100.0,0.10526315789473087
2024-01-31 01:00:00,-0.0,-0.0,520.9052631578946,520.8,100.0,0.10526315789473087
2024-01-31 02:00:00,-0.0,-0.0,241.20526315789473,241.1,100.0,0.10526315789473087
2024-01-31 03:00:00,-0.0,-0.0,108.80526315789473,108.7,100.0,0.10526315789473087
2024-01-31 04:00:00,-0.0,-0.0,234.80526315789473,234.7,100.0,0.10526315789473087
2024-01-31 05:00:00,-0.0,-0.0,272.90526315789475,272.8,100.0,0.10526315789473087
2024-01-31 06:00:00,-0.0,-0.0,285.20526315789476,285.1,100.0,0.10526315789473087
2024-01-31 07:00:00,0.04222853794797427,-0.0,131.76303461994675,131.7,100.0,0.10526315789473087
2024-01-31 08:00:00,6.907635192619599,-0.0,16.99762796527513,23.8,100.0,0.10526315789473087
2024-01-31 09:00:00,69.11652730570896,-0.0,-0.0,56.8,111.60070094042352,12.31652730570896
2024-01-31 10:00:00,231.78099340862695,-0.0,-0.0,87.4,248.65104397767868,144.38099340862695
2024-01-31 11:00:00,353.6767684088813,-0.0,-0.0,296.6,302.6253229221382,57.076768408881264
2024-01-31 12:00:00,367.4752351972792,-0.0,-0.0,468.4,206.4441710366313,-100.9247648027208
2024-01-31 13:00:00,363.28125,-0.0,-0.0,396.0,175.1549143655947,-32.71875
2024-01-31 14:00:00,331.875,-0.0,154.59893741975884,565.4,100.0,-78.92606258024115
2024-01-31 15:00:00,207.2881944444444,-0.0,685.6170687134502,892.8,100.0,0.10526315789473087
2024-01-31 16:00:00,149.05729166666666,-0.0,208.3479714912281,357.3,100.0,0.10526315789473087
2024-01-31 17:00:00,14.9444444444444,-0.0,196.96081871345035,211.8,100.0,0.10526315789473087
2024-01-31 18:00:00,-0.0,-0.0,227.70526315789473,227.6,100.0,0.10526315789473087
2024-01-31 19:00:00,-0.0,-0.0,139.40526315789475,139.3,100.0,0.10526315789473087
2024-01-31 20:00:00,-0.0,-0.0,66.80526315789473,66.7,100.0,0.10526315789473087
2024-01-31 21:00:00,-0.0,-0.0,473.80526315789473,473.7,100.0,0.10526315789473087
2024-01-31 22:00:00,-0.0,-0.0,1071.7052631578947,1071.6,100.0,0.10526315789473087
2024-01-31 23:00:00,-0.0,-0.0,472.40526315789475,472.3,100.0,0.10526315789473087
2024-02-01 00:00:00,-0.0,-0.0,883.0052631578947,882.9,100.0,0.10526315789473087
2024-02-01 01:00:00,-0.0,-0.0,467.80526315789473,467.7,100.0,0.10526315789473087
2024-02-01 02:00:00,-0.0,-0.0,175.40526315789475,175.3,100.0,0.10526315789473087
2024-02-01 03:00:00,-0.0,-0.0,169.60526315789474,169.5,100.0,0.10526315789473087
2024-02-01 04:00:00,-0.0,-0.0,266.5052631578947,266.4,100.0,0.10526315789473087
2024-02-01 05:00:00,-0.0,-0.0,378.10526315789474,378.0,100.0,0.10526315789473087
2024-02-01 06:00:00,-0.0,-0.0,290.5052631578947,290.4,100.0,0.10526315789473087
2024-02-01 07:00:00,0.03762196426072882,-0.0,14.967641193634002,14.9,100.0,0.10526315789473087
2024-02-01 08:00:00,6.4263212848972,-0.0,-0.0,0.0,106.00500522065235,6.4263212848972
2024-02-01 09:00:00,39.4796483384238,-0.0,94.41087775059546,140.1,100.0,-6.209473910980735
2024-02-01 10:00:00,126.32163518004947,1.799999999999988,6.483627977845288,134.5,100.0,0.10526315789473087
2024-02-01 11:00:00,259.5974757936266,3.466666666666656,137.5411206976015,400.5,100.0,0.10526315789473087
2024-02-01 12:00:00,358.484099706014,4.933333333333332,291.9878301185474,655.3,100.0,0.10526315789473087
2024-02-01 13:00:00,297.30381944444446,6.333333333333324,104.16811038011696,407.7,100.0,0.10526315789473087
2024-02-01 14:00:00,69.3177083333333,3.06666666666666,382.92088815789475,455.2,100.0,0.10526315789473087
2024-02-01 15:00:00,23.9878472222222,1.4666666666666641,641.6507492690058,667.0,100.0,0.10526315789473087
2024-02-01 16:00:00,41.30555555555555,2.599999999999992,387.49970760233924,431.3,100.0,0.10526315789473087
2024-02-01 17:00:00,1.68055555555555,4.333333333333332,298.49137426900586,304.4,100.0,0.10526315789473087
2024-02-01 18:00:00,-0.0,5.666666666666664,117.03859649122805,122.6,100.0,0.10526315789473087
2024-02-01 19:00:00,-0.0,8.25,227.95526315789473,236.1,100.0,0.10526315789473087
2024-02-01 20:00:00,-0.0,7.1333333333333275,285.3719298245614,292.4,100.0,0.10526315789473087
2024-02-01 21:00:00,-0.0,9.699999999999996,647.8052631578946,657.4,100.0,0.10526315789473087
2024-02-01 22:00:00,-0.0,6.266666666666664,865.238596491228,871.4,100.0,0.10526315789473087
2024-02-01 23:00:00,-0.0,8.599999999999993,283.6052631578948,292.1,100.0,0.10526315789473087
2024-02-02 00:00:00,-0.0,10.449999999999996,1000.9552631578946,1011.3,100.0,0.10526315789473087
2024-02-02 01:00:00,-0.0,9.45,570.1552631578946,579.5,100.0,0.10526315789473087
2024-02-02 02:00:00,-0.0,8.749999999999993,504.15526315789464,512.8,100.0,0.10526315789473087
2024-02-02 03:00:00,-0.0,8.949999999999996,332.85526315789474,341.7,100.0,0.10526315789473087
2024-02-02 04:00:00,-0.0,7.666666666666656,276.7385964912281,284.3,100.0,0.10526315789473087
2024-02-02 05:00:00,-0.0,3.1999999999999917,468.80526315789473,471.9,100.0,0.10526315789473087
2024-02-02 06:00:00,-0.0,2.5333333333333323,248.4719298245614,250.9,100.0,0.10526315789473087
2024-02-02 07:00:00,0.23624363820995,2.866666666666656,138.40235285301816,141.4,100.0,0.10526315789473087
2024-02-02 08:00:00,3.82635933864445,1.6666666666666559,80.01223715258362,85.4,100.0,0.10526315789473087
2024-02-02 09:00:00,24.4788177973694,4.733333333333328,77.293112027192,106.4,100.0,0.10526315789473087
2024-02-02 10:00:00,34.02104861206475,3.5333333333333283,176.35088121249666,213.8,100.0,0.10526315789473087
2024-02-02 11:00:00,44.468093183305506,3.466666666666656,448.3705033079226,496.2,100.0,0.10526315789473087
2024-02-02 12:00:00,42.529538181093,0.933333333333324,509.6423916434684,553.0,100.0,0.10526315789473087
2024-02-02 13:00:00,47.02777777777775,-0.0,405.07748538011697,452.0,100.0,0.10526315789473087
2024-02-02 14:00:00,39.40625,-0.0,360.79901315789476,400.1,100.0,0.10526315789473087
2024-02-02 15:00:00,31.69618055555555,-0.0,489.3090826023391,520.9,100.0,0.10526315789473087
2024-02-02 16:00:00,21.5052083333333,-0.0,483.8000548245614,505.2,100.0,0.10526315789473087
2024-02-02 17:00:00,2.5329861111111,-0.0,307.6722770467837,310.1,100.0,0.10526315789473087
2024-02-02 18:00:00,-0.0,1.399999999999992,224.50526315789475,225.8,100.0,0.10526315789473087
2024-02-02 19:00:00,-0.0,-0.0,160.00526315789475,159.9,100.0,0.10526315789473087
2024-02-02 20:00:00,-0.0,0.06666666666666,145.63859649122807,145.6,100.0,0.10526315789473087
2024-02-02 21:00:00,-0.0,-0.0,605.6052631578947,605.5,100.0,0.10526315789473087
2024-02-02 22:00:00,-0.0,4.599999999999996,967.6052631578947,972.1,100.0,0.10526315789473087
2024-02-02 23:00:00,-0.0,2.4,366.10526315789474,368.4,100.0,0.10526315789473087
2024-02-03 00:00:00,-0.0,1.86666666666666,526.238596491228,528.0,100.0,0.10526315789473087
2024-02-03 01:00:00,-0.0,5.266666666666656,773.638596491228,778.8,100.0,0.10526315789473087
2024-02-03 02:00:00,-0.0,5.199999999999996,425.80526315789473,430.9,100.0,0.10526315789473087
2024-02-03 03:00:00,-0.0,3.266666666666664,203.7385964912281,206.9,100.0,0.10526315789473087
2024-02-03 04:00:00,-0.0,1.799999999999988,291.7052631578947,293.4,100.0,0.10526315789473087
2024-02-03 05:00:00,-0.0,0.7333333333333321,315.27192982456137,315.9,100.0,0.10526315789473087
2024-02-03 06:00:00,-0.0,1.333333333333332,212.2719298245614,213.5,100.0,0.10526315789473087
2024-02-03 07:00:00,0.33977533069745003,0.333333333333324,156.63215449386396,157.2,100.0,0.10526315789473087
2024-02-03 08:00:00,10.37590905817015,0.06666666666666,60.96268743305791,71.3,100.0,0.10526315789473087
2024-02-03 09:00:00,47.0160448220041,1.2,81.68921833589067,129.8,100.0,0.10526315789473087
2024-02-03 10:00:00,177.0790898799896,3.799999999999992,-0.0,159.1,120.59013538599012,21.77908987998959
2024-02-03 11:00:00,353.0225610733032,0.933333333333324,-0.0,232.9,235.47264493690884,121.05589440663654
2024-02-03 12:00:00,376.10124799940326,4.2,-0.0,280.2,330.333357891405,100.10124799940327
2024-02-03 13:00:00,362.23263888888886,4.133333333333328,-0.0,543.8,161.44069814462475,-177.43402777777777
2024-02-03 14:00:00,345.55555555555554,3.733333333333332,19.00662958850046,432.8,100.0,-64.50448152261066
2024-02-03 15:00:00,150.95659722222223,5.3999999999999995,329.04866593567255,485.3,100.0,0.10526315789473087
2024-02-03 16:00:00,38.58854166666665,6.799999999999992,481.6167214912281,526.9,100.0,0.10526315789473087
2024-02-03 17:00:00,19.68229166666665,4.599999999999996,257.5229714912281,281.7,100.0,0.10526315789473087
2024-02-03 18:00:00,-0.0,1.399999999999992,199.50526315789475,200.8,100.0,0.10526315789473087
2024-02-03 19:00:00,-0.0,-0.0,278.70526315789476,278.6,100.0,0.10526315789473087
2024-02-03 20:00:00,-0.0,-0.0,238.80526315789473,238.7,100.0,0.10526315789473087
2024-02-03 21:00:00,-0.0,-0.0,330.5052631578947,330.4,100.0,0.10526315789473087
2024-02-03 22:00:00,-0.0,-0.0,1183.8052631578948,1183.7,100.0,0.10526315789473087
2024-02-03 23:00:00,-0.0,-0.0,454.40526315789475,454.3,100.0,0.10526315789473087
2024-02-04 00:00:00,-0.0,-0.0,757.2052631578947,757.1,100.0,0.10526315789473087
2024-02-04 01:00:00,-0.0,1.733333333333328,375.6719298245614,377.3,100.0,0.10526315789473087
2024-02-04 02:00:00,-0.0,2.266666666666656,216.03859649122808,218.2,100.0,0.10526315789473087
2024-02-04 03:00:00,-0.0,4.533333333333324,93.47192982456141,97.9,100.0,0.10526315789473087
2024-02-04 04:00:00,-0.0,6.66666666666666,113.63859649122807,120.2,100.0,0.10526315789473087
2024-02-04 05:00:00,-0.0,3.0,305.60526315789474,308.5,100.0,0.10526315789473087
2024-02-04 06:00:00,-0.0,3.5333333333333283,151.2719298245614,154.7,100.0,0.10526315789473087
2024-02-04 07:00:00,0.31663724479985,0.799999999999992,130.8886259130949,131.9,100.0,0.10526315789473087
2024-02-04 08:00:00,20.74376814688245,-0.0,6.661495011012281,27.3,100.0,0.10526315789473087
2024-02-04 09:00:00,95.68905989329019,3.0,84.01620326460454,182.6,100.0,0.10526315789473087
2024-02-04 10:00:00,239.72560882568357,2.666666666666664,-0.0,199.2,140.93266171773274,43.19227549235024
2024-02-04 11:00:00,368.07364092932806,2.799999999999996,-0.0,406.0,107.42168793887667,-35.12635907067194
2024-02-04 12:00:00,385.2544747458564,3.799999999999992,57.246297621577526,454.0,100.0,-7.699227632566097
2024-02-04 13:00:00,382.74305555555554,1.4666666666666641,-0.0,372.6,110.92923611111108,11.609722222222185
2024-02-04 14:00:00,353.28125,0.999999999999996,57.731058552631566,423.4,100.0,-11.387691447368397
2024-02-04 15:00:00,218.00520833333331,1.133333333333328,340.366721491228,559.4,100.0,0.10526315789473087
2024-02-04 16:00:00,180.7986111111111,-0.0,373.50665204678364,554.2,100.0,0.10526315789473087
2024-02-04 17:00:00,24.8802083333333,-0.0,412.2250548245614,437.0,100.0,0.10526315789473087
2024-02-04 18:00:00,-0.0,-0.0,126.50526315789473,126.4,100.0,0.10526315789473087
2024-02-04 19:00:00,-0.0,-0.0,100.00526315789473,99.9,100.0,0.10526315789473087
2024-02-04 20:00:00,-0.0,-0.0,121.80526315789473,121.7,100.0,0.10526315789473087
2024-02-04 21:00:00,-0.0,-0.0,331.70526315789476,331.6,100.0,0.10526315789473087
2024-02-04 22:00:00,-0.0,-0.0,752.5052631578947,752.4,100.0,0.10526315789473087
2024-02-04 23:00:00,-0.0,0.5999999999999881,590.4052631578946,590.9,100.0,0.10526315789473087
2024-02-05 00:00:00,-0.0,1.066666666666656,631.0385964912281,632.0,100.0,0.10526315789473087
2024-02-05 01:00:00,-0.0,-0.0,270.30526315789473,270.2,100.0,0.10526315789473087
2024-02-05 02:00:00,-0.0,-0.0,322.90526315789475,322.8,100.0,0.10526315789473087
2024-02-05 03:00:00,-0.0,-0.0,218.40526315789475,218.3,100.0,0.10526315789473087
2024-02-05 04:00:00,-0.0,-0.0,101.10526315789473,101.0,100.0,0.10526315789473087
2024-02-05 05:00:00,-0.0,-0.0,282.90526315789475,282.8,100.0,0.10526315789473087
2024-02-05 06:00:00,-0.0,-0.0,93.40526315789472,93.3,100.0,0.10526315789473087
2024-02-05 07:00:00,0.098592167358,-0.0,176.60667099053674,176.6,100.0,0.10526315789473087
2024-02-05 08:00:00,26.116769894336652,-0.0,12.48849326355808,38.5,100.0,0.10526315789473087
2024-02-05 09:00:00,162.15306229061548,4.86666666666666,-0.0,44.9,215.91374250941803,122.11972895728213
2024-02-05 10:00:00,290.6224033567641,3.333333333333324,-0.0,214.3,291.3707786225011,79.65573669009741
2024-02-05 11:00:00,397.596796353658,8.599999999999993,-0.0,427.4,270.9363643798538,-21.20320364634196
2024-02-05 12:00:00,391.3087341520521,1.066666666666656,-0.0,422.8,241.76205879325676,-30.42459918128123
2024-02-05 13:00:00,380.27777777777777,1.133333333333328,-0.0,255.1,361.51585229001904,126.3111111111111
2024-02-05 14:00:00,353.76736111111114,-0.0,-0.0,387.6,329.0133294932846,-33.83263888888888
2024-02-05 15:00:00,228.1736111111111,-0.0,134.02638888888896,562.2,138.68431616379127,-200.0
2024-02-05 16:00:00,189.93749999999994,-0.0,118.28815068670798,348.8,100.0,-40.57434931329208
2024-02-05 17:00:00,26.1736111111111,-0.0,234.33165204678363,260.4,100.0,0.10526315789473087
2024-02-05 18:00:00,-0.0,-0.0,231.30526315789473,231.2,100.0,0.10526315789473087
2024-02-05 19:00:00,-0.0,-0.0,200.70526315789473,200.6,100.0,0.10526315789473087
2024-02-05 20:00:00,-0.0,-0.0,89.40526315789472,89.3,100.0,0.10526315789473087
2024-02-05 21:00:00,-0.0,-0.0,275.80526315789473,275.7,100.0,0.10526315789473087
2024-02-05 22:00:00,-0.0,-0.0,853.2052631578947,853.1,100.0,0.10526315789473087
2024-02-05 23:00:00,-0.0,-0.0,448.0052631578947,447.9,100.0,0.10526315789473087
2024-02-06 00:00:00,-0.0,-0.0,724.2052631578947,724.1,100.0,0.10526315789473087
2024-02-06 01:00:00,-0.0,-0.0,238.10526315789474,238.0,100.0,0.10526315789473087
2024-02-06 02:00:00,-0.0,-0.0,189.60526315789474,189.5,100.0,0.10526315789473087
2024-02-06 03:00:00,-0.0,-0.0,123.70526315789472,123.6,100.0,0.10526315789473087
2024-02-06 04:00:00,-0.0,-0.0,128.90526315789475,128.8,100.0,0.10526315789473087
2024-02-06 05:00:00,-0.0,-0.0,276.60526315789474,276.5,100.0,0.10526315789473087
2024-02-06 06:00:00,-0.0,-0.0,160.80526315789473,160.7,100.0,0.10526315789473087
2024-02-06 07:00:00,0.04936862478239668,-0.0,93.85589453311232,93.8,100.0,0.10526315789473087
2024-02-06 08:00:00,8.88603948082565,-0.0,41.61922367706908,50.4,100.0,0.10526315789473087
2024-02-06 09:00:00,64.23676196071835,-0.0,58.968501197176366,123.1,100.0,0.10526315789473087
2024-02-06 10:00:00,266.30205154418945,-0.0,-0.0,119.6,239.26694896697998,146.70205154418946
2024-02-06 11:00:00,382.51524925231934,-0.0,-0.0,323.7,294.90216880771635,58.81524925231935
2024-02-06 12:00:00,374.27594502766925,-0.0,-0.0,416.4,254.58941441519445,-42.124054972330725
2024-02-06 13:00:00,341.44097222222223,-0.0,-0.0,476.1,126.40874861189036,-134.6590277777778
2024-02-06 14:00:00,333.59375,-0.0,12.640629091285803,373.9,100.0,-27.665620908714175
2024-02-06 15:00:00,179.3975694444444,-0.0,311.9076937134503,491.2,100.0,0.10526315789473087
2024-02-06 16:00:00,68.0694444444444,-0.0,776.4358187134503,844.4,100.0,0.10526315789473087
2024-02-06 17:00:00,5.9704861111111,-0.0,162.93477704678367,168.8,100.0,0.10526315789473087
2024-02-06 18:00:00,-0.0,-0.0,17.10526315789473,17.0,100.0,0.10526315789473087
2024-02-06 19:00:00,-0.0,-0.0,134.00526315789475,133.9,100.0,0.10526315789473087
2024-02-06 20:00:00,-0.0,0.133333333333332,195.6719298245614,195.7,100.0,0.10526315789473087
2024-02-06 21:00:00,-0.0,-0.0,525.3052631578947,525.2,100.0,0.10526315789473087
2024-02-06 22:00:00,-0.0,-0.0,981.9052631578946,981.8,100.0,0.10526315789473087
2024-02-06 23:00:00,-0.0,-0.0,272.90526315789475,272.8,100.0,0.10526315789473087
2024-02-07 00:00:00,-0.0,-0.0,545.8052631578947,545.7,100.0,0.10526315789473087
2024-02-07 01:00:00,-0.0,-0.0,329.40526315789475,329.3,100.0,0.10526315789473087
2024-02-07 02:00:00,-0.0,-0.0,134.10526315789474,134.0,100.0,0.10526315789473087
2024-02-07 03:00:00,-0.0,-0.0,163.30526315789473,163.2,100.0,0.10526315789473087
2024-02-07 04:00:00,-0.0,-0.0,164.10526315789474,164.0,100.0,0.10526315789473087
2024-02-07 05:00:00,-0.0,-0.0,172.70526315789473,172.6,100.0,0.10526315789473087
2024-02-07 06:00:00,-0.0,-0.0,79.50526315789473,79.4,100.0,0.10526315789473087
2024-02-07 07:00:00,0.06361685162925,-0.0,128.94164630626548,128.9,100.0,0.10526315789473087
2024-02-07 08:00:00,11.01085464366605,5.433333333333324,93.16107518089535,109.5,100.0,0.10526315789473087
2024-02-07 09:00:00,114.2262065410614,6.533333333333328,-0.0,36.2,180.231562880675,84.55953987439473
2024-02-07 10:00:00,273.98350715637207,9.0,-0.0,142.5,313.5106631163478,140.48350715637207
2024-02-07 11:00:00,368.6604923672146,7.733333333333328,-0.0,342.8,345.11128686875196,33.59382570054792
2024-02-07 12:00:00,372.94741577572296,5.066666666666665,14.385917557610355,592.4,154.7661755818832,-200.0
2024-02-07 13:00:00,366.9618055555556,2.866666666666656,-0.0,374.6,150.07845801741246,-4.7715277777777665
2024-02-07 14:00:00,314.0677083333333,7.866666666666661,16.209435990110478,390.7,100.0,-52.55618900988952
2024-02-07 15:00:00,197.6076388888889,7.3999999999999915,231.59762426900585,436.5,100.0,0.10526315789473087
2024-02-07 16:00:00,131.734375,9.3,223.4708881578947,364.4,100.0,0.10526315789473087
2024-02-07 17:00:00,12.80902777777775,8.25,206.646235380117,227.6,100.0,0.10526315789473087
2024-02-07 18:00:00,-0.0,8.599999999999993,-0.0,0.0,108.07,8.599999999999993
2024-02-07 19:00:00,-0.0,10.549999999999992,141.7690210526316,160.7,100.0,-8.380978947368417
2024-02-07 20:00:00,-0.0,8.899999999999991,47.905263157894744,56.7,100.0,0.10526315789473087
2024-02-07 21:00:00,-0.0,9.649999999999991,227.55526315789473,237.1,100.0,0.10526315789473087
2024-02-07 22:00:00,-0.0,8.599999999999993,912.9052631578946,921.4,100.0,0.10526315789473087
2024-02-07 23:00:00,-0.0,3.333333333333324,411.9719298245614,415.2,100.0,0.10526315789473087
2024-02-08 00:00:00,-0.0,6.466666666666656,519.138596491228,525.5,100.0,0.10526315789473087
2024-02-08 01:00:00,-0.0,9.499999999999991,340.5052631578947,349.9,100.0,0.10526315789473087
2024-02-08 02:00:00,-0.0,10.599999999999996,254.90526315789472,265.4,100.0,0.10526315789473087
2024-02-08 03:00:00,-0.0,6.8666666666666645,71.83859649122806,78.6,100.0,0.10526315789473087
2024-02-08 04:00:00,-0.0,9.349999999999993,65.35526315789473,74.6,100.0,0.10526315789473087
2024-02-08 05:00:00,-0.0,10.05,163.35526315789474,173.3,100.0,0.10526315789473087
2024-02-08 06:00:00,-0.0,1.4666666666666641,80.43859649122805,81.8,100.0,0.10526315789473087
2024-02-08 07:00:00,0.18259729284585,-0.0,80.12266586504887,80.2,100.0,0.10526315789473087
2024-02-08 08:00:00,23.0455363065832,5.799999999999995,16.159726851311532,44.9,100.0,0.10526315789473087
2024-02-08 09:00:00,132.27721121576093,2.266666666666656,-0.0,27.7,201.40168398830622,106.84387788242758
2024-02-08 10:00:00,299.10914633009173,3.866666666666664,-0.0,113.8,380.9173046512384,189.1758129967584
2024-02-08 11:00:00,386.43202145894367,5.799999999999995,-0.0,372.7,399.0918077325837,19.532021458943674
2024-02-08 12:00:00,390.2215931150648,6.933333333333324,-0.0,306.9,484.43489605082937,90.25492644839817
2024-02-08 13:00:00,381.45833333333337,1.7999999999999998,-0.0,569.2,307.30587782144516,-185.94166666666666
2024-02-08 14:00:00,346.64930555555554,0.06666666666666,-0.0,288.5,362.30374555473486,58.215972222222206
2024-02-08 15:00:00,226.26215277777774,-0.0,21.83784722222228,448.1,171.9414418091801,-200.0
2024-02-08 16:00:00,182.2378472222222,-0.0,-0.0,257.0,100.74545522848203,-74.7621527777778
2024-02-08 17:00:00,26.51215277777775,-0.0,257.20920535563954,284.4,100.0,-0.6786418665826869
2024-02-08 18:00:00,-0.0,-0.0,248.60526315789474,248.5,100.0,0.10526315789473087
2024-02-08 19:00:00,-0.0,1.2,45.00526315789473,46.1,100.0,0.10526315789473087
2024-02-08 20:00:00,-0.0,1.733333333333328,101.87192982456139,103.5,100.0,0.10526315789473087
2024-02-08 21:00:00,-0.0,0.266666666666664,262.23859649122807,262.4,100.0,0.10526315789473087
2024-02-08 22:00:00,-0.0,0.266666666666664,523.638596491228,523.8,100.0,0.10526315789473087
2024-02-08 23:00:00,-0.0,0.5999999999999881,330.6052631578948,331.1,100.0,0.10526315789473087
2024-02-09 00:00:00,-0.0,2.866666666666656,546.838596491228,549.6,100.0,0.10526315789473087
2024-02-09 01:00:00,-0.0,-0.0,134.80526315789473,134.7,100.0,0.10526315789473087
2024-02-09 02:00:00,-0.0,-0.0,135.10526315789474,135.0,100.0,0.10526315789473087
2024-02-09 03:00:00,-0.0,-0.0,247.90526315789475,247.8,100.0,0.10526315789473087
2024-02-09 04:00:00,-0.0,-0.0,16.60526315789473,16.5,100.0,0.10526315789473087
2024-02-09 05:00:00,-0.0,-0.0,125.60526315789473,125.5,100.0,0.10526315789473087
2024-02-09 06:00:00,-0.0,-0.0,39.10526315789473,39.0,100.0,0.10526315789473087
2024-02-09 07:00:00,0.06730486444815001,-0.0,86.43795829344658,86.4,100.0,0.10526315789473087
2024-02-09 08:00:00,4.00279805258225,-0.0,18.60246510531248,22.5,100.0,0.10526315789473087
2024-02-09 09:00:00,33.7943569653564,-0.0,200.31090619253834,234.0,100.0,0.10526315789473087
2024-02-09 10:00:00,162.11568342314825,-0.0,-0.0,111.6,147.88989925199084,50.51568342314826
2024-02-09 11:00:00,278.2832015885247,-0.0,-0.0,163.3,256.9760508618373,114.98320158852471
2024-02-09 12:00:00,242.40809451209174,6.133333333333332,-0.0,134.0,365.53343126412926,114.54142784542506
2024-02-09 13:00:00,127.0364583333333,8.049999999999995,-0.0,109.9,389.09503324953175,25.18645833333329
2024-02-09 14:00:00,78.86805555555556,10.199999999999987,-0.0,256.1,230.02559099405997,-167.0319444444445
2024-02-09 15:00:00,58.1163194444444,4.3999999999999915,63.456769604959916,262.6,100.0,-136.62691095059571
2024-02-09 16:00:00,18.55729166666665,8.099999999999987,275.24797149122816,301.8,100.0,0.10526315789473087
2024-02-09 17:00:00,2.5069444444444,4.86666666666666,218.23165204678367,225.5,100.0,0.10526315789473087
2024-02-09 18:00:00,-0.0,1.6666666666666559,63.738596491228066,65.3,100.0,0.10526315789473087
2024-02-09 19:00:00,-0.0,9.099999999999996,65.60526315789473,74.6,100.0,0.10526315789473087
2024-02-09 20:00:00,-0.0,10.399999999999991,114.80526315789473,125.1,100.0,0.10526315789473087
2024-02-09 21:00:00,-0.0,16.083333333333336,32.0219298245614,48.0,100.0,0.10526315789473087
2024-02-09 22:00:00,-0.0,15.0,269.40526315789475,284.3,100.0,0.10526315789473087
2024-02-09 23:00:00,-0.0,14.749999999999993,142.85526315789474,157.5,100.0,0.10526315789473087
2024-02-10 00:00:00,-0.0,20.083333333333318,148.7219298245614,168.7,100.0,0.10526315789473087
2024-02-10 01:00:00,-0.0,15.66666666666666,90.93859649122807,106.5,100.0,0.10526315789473087
2024-02-10 02:00:00,-0.0,19.166666666666664,209.03859649122808,228.1,100.0,0.10526315789473087
2024-02-10 03:00:00,-0.0,17.91666666666667,34.98859649122806,52.8,100.0,0.10526315789473087
2024-02-10 04:00:00,-0.0,16.833333333333325,41.27192982456141,58.0,100.0,0.10526315789473087
2024-02-10 05:00:00,-0.0,12.299999999999999,27.905263157894737,40.1,100.0,0.10526315789473087
2024-02-10 06:00:00,-0.0,9.9,101.20526315789472,111.0,100.0,0.10526315789473087
2024-02-10 07:00:00,0.11387296822955,6.66666666666666,40.224723522998524,46.9,100.0,0.10526315789473087
2024-02-10 08:00:00,31.64365183769,9.699999999999996,-0.0,32.0,108.7764692458055,9.343651837689997
2024-02-10 09:00:00,107.36415816677939,11.449999999999992,-0.0,121.4,106.21114303500009,-2.5858418332206234
2024-02-10 10:00:00,102.48748567369249,10.299999999999997,-0.0,59.1,157.10804328197295,53.687485673692485
2024-02-10 11:00:00,137.91720231374106,8.599999999999993,-0.0,120.6,181.572277436745,25.917202313741058
2024-02-10 12:00:00,122.3648422029283,6.199999999999991,-0.0,165.5,146.30230525209012,-36.93515779707171
2024-02-10 13:00:00,43.5694444444444,5.466666666666661,39.57862262905941,137.2,100.0,-48.585266259829524
2024-02-10 14:00:00,87.41840277777776,9.549999999999995,-0.0,55.0,139.76998263888888,41.968402777777754
2024-02-10 15:00:00,114.68402777777776,7.933333333333333,130.6666255665205,295.0,100.0,-41.71601332236842
2024-02-10 16:00:00,117.2743055555555,-0.0,65.53095760233923,182.7,100.0,0.10526315789473087
2024-02-10 17:00:00,1.0625,12.699999999999996,72.34276315789472,86.0,100.0,0.10526315789473087
2024-02-10 18:00:00,-0.0,-0.0,166.00526315789475,165.9,100.0,0.10526315789473087
2024-02-10 19:00:00,-0.0,-0.0,122.80526315789473,122.7,100.0,0.10526315789473087
2024-02-10 20:00:00,-0.0,5.133333333333324,82.4719298245614,87.5,100.0,0.10526315789473087
2024-02-10 21:00:00,-0.0,10.649999999999999,117.65526315789472,128.2,100.0,0.10526315789473087
2024-02-10 22:00:00,-0.0,1.066666666666656,456.6385964912281,457.6,100.0,0.10526315789473087
2024-02-10 23:00:00,-0.0,6.399999999999996,120.00526315789473,126.3,100.0,0.10526315789473087
2024-02-11 00:00:00,-0.0,13.599999999999996,363.9052631578947,377.4,100.0,0.10526315789473087
2024-02-11 01:00:00,-0.0,9.75,14.85526315789473,24.5,100.0,0.10526315789473087
2024-02-11 02:00:00,-0.0,8.299999999999992,80.10526315789473,88.3,100.0,0.10526315789473087
2024-02-11 03:00:00,-0.0,13.05,16.05526315789473,29.0,100.0,0.10526315789473087
2024-02-11 04:00:00,-0.0,10.849999999999993,36.75526315789474,47.5,100.0,0.10526315789473087
2024-02-11 05:00:00,-0.0,11.049999999999995,16.555263157894736,27.5,100.0,0.10526315789473087
2024-02-11 06:00:00,-0.0,9.999999999999996,55.30526315789473,65.2,100.0,0.10526315789473087
2024-02-11 07:00:00,0.11846166104075,11.799999999999995,98.28680149685397,110.1,100.0,0.10526315789473087
2024-02-11 08:00:00,10.83564934062045,10.199999999999987,-0.0,17.8,102.97386687358942,3.2356493406204354
2024-02-11 09:00:00,80.1656198832724,12.499999999999993,-0.0,52.5,141.0282318958246,40.16561988327239
2024-02-11 10:00:00,226.13561842176648,13.649999999999988,-0.0,74.6,297.81354116460693,165.18561842176646
2024-02-11 11:00:00,359.0,-0.0,-0.0,159.0,487.51572762344233,200.0
2024-02-11 12:00:00,133.55451379387483,-0.0,-0.0,119.9,500.0,13.654513793874829
2024-02-11 13:00:00,83.62631578947368,-0.0,-0.0,83.1,500.0,0.5263157894736842
2024-02-11 14:00:00,147.11798245614034,14.708333333333329,-0.0,161.3,500.0,0.5263157894736842
2024-02-11 15:00:00,95.5677083333333,10.749999999999996,-0.0,281.6,332.9818229166666,-175.2822916666667
2024-02-11 16:00:00,74.29513888888884,11.55,11.65486111111116,297.5,142.64884109374992,-200.0
2024-02-11 17:00:00,4.19791666666665,10.149999999999997,-0.0,44.4,113.95671308598949,-30.05208333333335
2024-02-11 18:00:00,-0.0,12.149999999999988,24.478677502206846,51.2,100.0,-14.571322497793167
2024-02-11 19:00:00,-0.0,13.999999999999991,-0.0,0.0,113.2,13.999999999999991
2024-02-11 20:00:00,-0.0,6.06666666666666,-0.0,0.0,118.85013333333332,6.06666666666666
2024-02-11 21:00:00,-0.0,3.733333333333332,69.44952645614038,92.9,100.0,-19.717140210526296
2024-02-11 22:00:00,-0.0,6.466666666666656,446.7385964912281,453.1,100.0,0.10526315789473087
2024-02-11 23:00:00,-0.0,11.59999999999999,112.10526315789473,123.6,100.0,0.10526315789473087
2024-02-12 00:00:00,-0.0,11.59999999999999,281.5052631578948,293.0,100.0,0.10526315789473087
2024-02-12 01:00:00,-0.0,14.333333333333327,116.8719298245614,131.1,100.0,0.10526315789473087
2024-02-12 02:00:00,-0.0,12.799999999999992,70.40526315789472,83.1,100.0,0.10526315789473087
2024-02-12 03:00:00,-0.0,17.666666666666664,65.03859649122805,82.6,100.0,0.10526315789473087
2024-02-12 04:00:00,-0.0,12.899999999999988,14.705263157894741,27.5,100.0,0.10526315789473087
2024-02-12 05:00:00,-0.0,10.849999999999993,50.25526315789474,61.0,100.0,0.10526315789473087
2024-02-12 06:00:00,-0.0,9.624999999999996,-0.0,0.0,109.04375,9.624999999999996
2024-02-12 07:00:00,0.12039462285529999,11.749999999999991,113.92465142977628,135.2,100.0,-9.404953947368426
2024-02-12 08:00:00,12.1727201153731,6.199999999999991,-0.0,18.0,100.25408410960445,0.3727201153730908
2024-02-12 09:00:00,44.55288966496785,5.199999999999996,-0.0,18.6,129.7490752072143,31.152889664967844
2024-02-12 10:00:00,184.8348303635915,3.9999999999999956,-0.0,56.5,255.33741497741903,132.3348303635915
2024-02-12 11:00:00,271.5,-0.0,-0.0,71.5,445.0820775624416,200.0
2024-02-12 12:00:00,192.67684685802195,5.799999999999995,-0.0,140.2,500.0,58.27684685802195
2024-02-12 13:00:00,125.08680555555554,3.933333333333324,-0.0,190.6,440.99913194444446,-61.57986111111113
2024-02-12 14:00:00,58.24652777777775,3.866666666666664,-0.0,38.2,463.2756675347222,23.91319444444441
2024-02-12 15:00:00,41.49305555555555,2.133333333333324,-0.0,238.7,277.4924613116319,-195.07361111111112
2024-02-12 16:00:00,35.15625,1.2,-0.0,196.9,124.69840635032028,-160.54375000000002
2024-02-12 17:00:00,6.8142361111111,0.399999999999996,64.41870289523632,97.5,100.0,-25.867060993652593
2024-02-12 18:00:00,-0.0,4.333333333333332,30.571929824561398,34.8,100.0,0.10526315789473087
2024-02-12 19:00:00,-0.0,6.133333333333332,28.3719298245614,34.4,100.0,0.10526315789473087
2024-02-12 20:00:00,-0.0,1.5333333333333241,65.3719298245614,66.8,100.0,0.10526315789473087
2024-02-12 21:00:00,-0.0,3.933333333333324,82.3719298245614,86.2,100.0,0.10526315789473087
2024-02-12 22:00:00,-0.0,5.799999999999995,290.60526315789474,296.3,100.0,0.10526315789473087
2024-02-12 23:00:00,-0.0,10.5,34.705263157894734,45.1,100.0,0.10526315789473087
2024-02-13 00:00:00,-0.0,8.949999999999996,340.15526315789475,349.0,100.0,0.10526315789473087
2024-02-13 01:00:00,-0.0,8.799999999999997,227.80526315789473,236.5,100.0,0.10526315789473087
2024-02-13 02:00:00,-0.0,8.299999999999992,147.80526315789476,156.0,100.0,0.10526315789473087
2024-02-13 03:00:00,-0.0,5.266666666666656,118.23859649122808,123.4,100.0,0.10526315789473087
2024-02-13 04:00:00,-0.0,7.933333333333333,22.271929824561397,30.1,100.0,0.10526315789473087
2024-02-13 05:00:00,-0.0,8.799999999999997,37.90526315789474,46.6,100.0,0.10526315789473087
2024-02-13 06:00:00,-0.0,9.15,93.75526315789472,102.8,100.0,0.10526315789473087
2024-02-13 07:00:00,0.380925576513,5.666666666666664,64.55767091471506,70.5,100.0,0.10526315789473087
2024-02-13 08:00:00,17.8482338382552,7.933333333333319,7.423695986306214,33.1,100.0,0.10526315789473087
2024-02-13 09:00:00,95.92825076025389,8.349999999999996,-0.0,7.1,192.2193382222412,97.17825076025389
2024-02-13 10:00:00,264.75,8.149999999999991,-0.0,72.9,382.02711888401893,200.0
2024-02-13 11:00:00,337.88411393143696,6.399999999999996,-0.0,219.7,500.0,124.58411393143695
2024-02-13 12:00:00,79.02631578947368,-0.0,-0.0,78.5,500.0,0.5263157894736842
2024-02-13 13:00:00,170.47631578947366,10.249999999999991,-0.0,180.2,500.0,0.5263157894736842
2024-02-13 14:00:00,108.92631578947369,8.799999999999997,-0.0,117.2,500.0,0.5263157894736842
2024-02-13 15:00:00,211.22631578947366,10.5,-0.0,221.2,500.0,0.5263157894736842
2024-02-13 16:00:00,80.0347222222222,9.199999999999992,-0.0,149.6,442.1529861111111,-60.365277777777806
2024-02-13 17:00:00,18.1423611111111,7.733333333333328,52.92430555555558,278.8,251.71083312499997,-200.0
2024-02-13 18:00:00,-0.0,7.866666666666661,-0.0,80.8,182.1724556252083,-72.93333333333334
2024-02-13 19:00:00,-0.0,8.549999999999999,-0.0,76.0,117.91278316958308,-67.45
2024-02-13 20:00:00,-0.0,8.749999999999993,128.0185574879858,155.5,100.0,-18.731442512014205
2024-02-13 21:00:00,-0.0,6.999999999999996,154.20526315789473,161.1,100.0,0.10526315789473087
2024-02-13 22:00:00,-0.0,8.599999999999993,184.40526315789475,192.9,100.0,0.10526315789473087
2024-02-13 23:00:00,-0.0,7.733333333333328,130.67192982456143,138.3,100.0,0.10526315789473087
2024-02-14 00:00:00,-0.0,6.777137571765,363.7281255861297,370.4,100.0,0.10526315789473087
2024-02-14 01:00:00,-0.0,10.19314006891284,132.9121230889819,143.0,100.0,0.10526315789473087
2024-02-14 02:00:00,-0.0,4.533333333333324,243.2719298245614,247.7,100.0,0.10526315789473087
2024-02-14 03:00:00,-0.0,4.999999999999992,56.00526315789474,60.9,100.0,0.10526315789473087
2024-02-14 04:00:00,-0.0,5.333333333333328,56.1719298245614,61.4,100.0,0.10526315789473087
2024-02-14 05:00:00,-0.0,4.799999999999987,150.80526315789476,155.5,100.0,0.10526315789473087
2024-02-14 06:00:00,-0.0,4.2,71.40526315789472,75.5,100.0,0.10526315789473087
2024-02-14 07:00:00,0.62764852825135,3.466666666666656,64.81094796297671,68.8,100.0,0.10526315789473087
2024-02-14 08:00:00,27.4308256515198,4.466666666666664,7.007770839708268,38.8,100.0,0.10526315789473087
2024-02-14 09:00:00,119.4008425871531,5.199999999999996,-0.0,36.1,183.9758004577954,88.50084258715307
2024-02-14 10:00:00,227.5,-0.0,-0.0,27.5,373.7918246573376,200.0
2024-02-14 11:00:00,209.14417596559977,-0.0,-0.0,75.9,500.0,133.24417596559977
2024-02-14 12:00:00,208.82631578947365,5.3999999999999995,-0.0,213.7,500.0,0.5263157894736842
2024-02-14 13:00:00,226.69298245614036,2.733333333333324,-0.0,228.9,500.0,0.5263157894736842
2024-02-14 14:00:00,299.79298245614035,2.733333333333324,-0.0,302.0,500.0,0.5263157894736842
2024-02-14 15:00:00,256.59722222222223,3.9999999999999956,-0.0,286.1,475.2723611111111,-25.502777777777798
2024-02-14 16:00:00,195.57291666666666,3.733333333333332,-0.0,281.2,396.99802624999995,-81.89375
2024-02-14 17:00:00,29.77430555555555,4.533333333333324,-0.0,129.6,306.0732851681944,-95.29236111111112
2024-02-14 18:00:00,-0.0,1.733333333333328,-0.0,53.4,256.6838785496929,-51.66666666666667
2024-02-14 19:00:00,-0.0,-0.0,-0.0,107.0,154.77719467114326,-107.0
2024-02-14 20:00:00,-0.0,-0.0,-0.0,12.4,142.84241747647212,-12.4
2024-02-14 21:00:00,-0.0,-0.0,97.25307888526771,142.2,100.0,-44.94692111473228
2024-02-14 22:00:00,-0.0,-0.0,281.90526315789475,281.8,100.0,0.10526315789473087
2024-02-14 23:00:00,-0.0,-0.0,209.00526315789475,208.9,100.0,0.10526315789473087
2024-02-15 00:00:00,-0.0,-0.0,318.80526315789473,318.7,100.0,0.10526315789473087
2024-02-15 01:00:00,-0.0,-0.0,185.80526315789473,185.7,100.0,0.10526315789473087
2024-02-15 02:00:00,-0.0,-0.0,355.5052631578947,355.4,100.0,0.10526315789473087
2024-02-15 03:00:00,-0.0,-0.0,260.80526315789473,260.7,100.0,0.10526315789473087
2024-02-15 04:00:00,-0.0,-0.0,38.40526315789473,38.3,100.0,0.10526315789473087
2024-02-15 05:00:00,-0.0,-0.0,99.00526315789473,98.9,100.0,0.10526315789473087
2024-02-15 06:00:00,-0.0,-0.0,64.70526315789472,64.6,100.0,0.10526315789473087
2024-02-15 07:00:00,0.09330854285505,-0.0,23.81195461503968,23.8,100.0,0.10526315789473087
2024-02-15 08:00:00,18.9824507714042,-0.0,23.622812386490533,42.5,100.0,0.10526315789473087
2024-02-15 09:00:00,87.75190658039516,-0.0,-0.0,56.4,129.6843112513754,31.35190658039516
2024-02-15 10:00:00,284.4,-0.0,-0.0,84.4,319.554626940124,200.0
2024-02-15 11:00:00,372.1788712492802,-0.0,-0.0,181.9,500.0,190.27887124928014
2024-02-15 12:00:00,194.52631578947367,-0.0,-0.0,194.0,500.0,0.5263157894736842
2024-02-15 13:00:00,181.52631578947367,-0.0,-0.0,181.0,500.0,0.5263157894736842
2024-02-15 14:00:00,202.8763157894737,8.949999999999996,-0.0,211.3,500.0,0.5263157894736842
2024-02-15 15:00:00,262.34375,11.749999999999991,-0.0,281.6,492.3690625,-7.506250000000032
2024-02-15 16:00:00,126.6753472222222,11.149999999999993,-0.0,239.8,395.000773298611,-101.97465277777782
2024-02-15 17:00:00,27.7552083333333,12.999999999999995,-0.0,139.2,301.08322044197905,-98.44479166666669
2024-02-15 18:00:00,-0.0,10.35,-0.0,122.2,194.5246372215371,-111.85000000000001
2024-02-15 19:00:00,-0.0,12.199999999999992,29.005144648088912,140.5,100.0,-99.2948553519111
2024-02-15 20:00:00,-0.0,12.349999999999993,-0.0,12.2,100.0425,0.14999999999999325
2024-02-15 21:00:00,-0.0,13.05,178.11057105263157,191.1,100.0,0.0605710526315755
2024-02-15 22:00:00,-0.0,10.999999999999993,307.0052631578947,317.9,100.0,0.10526315789473087
2024-02-15 23:00:00,-0.0,12.299999999999999,146.20526315789473,158.4,100.0,0.10526315789473087
2024-02-16 00:00:00,-0.0,13.05,528.7552631578948,541.7,100.0,0.10526315789473087
2024-02-16 01:00:00,-0.0,11.949999999999996,449.85526315789474,461.7,100.0,0.10526315789473087
2024-02-16 02:00:00,-0.0,9.049999999999992,208.05526315789476,217.0,100.0,0.10526315789473087
2024-02-16 03:00:00,-0.0,8.899999999999991,25.305263157894743,34.1,100.0,0.10526315789473087
2024-02-16 04:00:00,-0.0,10.999999999999993,129.30526315789473,140.2,100.0,0.10526315789473087
2024-02-16 05:00:00,-0.0,6.533333333333328,138.6719298245614,145.1,100.0,0.10526315789473087
2024-02-16 06:00:00,-0.0,12.299999999999999,111.60526315789473,123.8,100.0,0.10526315789473087
2024-02-16 07:00:00,0.36793560514015,9.349999999999993,107.68732755275458,117.3,100.0,0.10526315789473087
2024-02-16 08:00:00,14.799601601229751,10.95,43.755661556664975,69.4,100.0,0.10526315789473087
2024-02-16 09:00:00,32.2761289609803,11.449999999999992,-0.0,40.9,102.58482251293128,2.826128960980295
2024-02-16 10:00:00,63.4440931346681,14.166666666666671,-0.0,28.4,149.23245950168638,49.210759801334774
2024-02-16 11:00:00,206.2930737601386,10.299999999999997,-0.0,50.0,307.3466471143164,166.59307376013862
2024-02-16 12:00:00,329.0601095093621,8.949999999999996,-0.0,331.4,313.3189045010961,6.61010950936214
2024-02-16 13:00:00,247.9965277777778,8.149999999999991,-0.0,226.5,341.1697869854839,29.64652777777779
2024-02-16 14:00:00,199.95312499999994,0.799999999999992,-0.0,183.3,357.40908594849833,17.453124999999925
2024-02-16 15:00:00,50.1267361111111,-0.0,-0.0,162.7,250.10707616810538,-112.57326388888889
2024-02-16 16:00:00,30.85590277777775,-0.0,205.2999192307093,393.9,100.0,-157.74417799151294
2024-02-16 17:00:00,4.83854166666665,-0.0,178.1667214912281,182.9,100.0,0.10526315789473087
2024-02-16 18:00:00,-0.0,-0.0,85.30526315789473,85.2,100.0,0.10526315789473087
2024-02-16 19:00:00,-0.0,-0.0,183.50526315789475,183.4,100.0,0.10526315789473087
2024-02-16 20:00:00,-0.0,-0.0,235.00526315789475,234.9,100.0,0.10526315789473087
2024-02-16 21:00:00,-0.0,-0.0,228.90526315789475,228.8,100.0,0.10526315789473087
2024-02-16 22:00:00,-0.0,-0.0,512.0052631578947,511.9,100.0,0.10526315789473087
2024-02-16 23:00:00,-0.0,-0.0,228.30526315789473,228.2,100.0,0.10526315789473087
2024-02-17 00:00:00,-0.0,-0.0,591.3052631578947,591.2,100.0,0.10526315789473087
2024-02-17 01:00:00,-0.0,-0.0,213.50526315789475,213.4,100.0,0.10526315789473087
2024-02-17 02:00:00,-0.0,-0.0,320.70526315789476,320.6,100.0,0.10526315789473087
2024-02-17 03:00:00,-0.0,-0.0,268.0052631578947,267.9,100.0,0.10526315789473087
2024-02-17 04:00:00,-0.0,-0.0,431.0052631578947,430.9,100.0,0.10526315789473087
2024-02-17 05:00:00,-0.0,-0.0,127.40526315789472,127.3,100.0,0.10526315789473087
2024-02-17 06:00:00,-0.0,-0.0,172.70526315789473,172.6,100.0,0.10526315789473087
2024-02-17 07:00:00,0.5217225404663001,-0.0,188.28354061742843,188.7,100.0,0.10526315789473087
2024-02-17 08:00:00,12.01840229125485,-0.0,33.38686086663988,45.3,100.0,0.10526315789473087
2024-02-17 09:00:00,34.424823257658204,6.333333333333324,-0.0,10.6,128.55024876144196,30.158156590991528
2024-02-17 10:00:00,99.8352476623323,13.05,63.89717495589869,206.7,100.0,-29.917577381768986
2024-02-17 11:00:00,205.08513847986856,11.499999999999996,-0.0,186.6,128.38588155587513,29.985138479868564
2024-02-17 12:00:00,93.706983089447,11.299999999999994,-0.0,133.6,101.09412960929389,-28.593016910553008
2024-02-17 13:00:00,54.26388888888885,10.149999999999997,216.64081060618003,282.1,100.0,-1.0453005049311508
2024-02-17 14:00:00,90.94618055555554,9.549999999999995,185.7090826023392,286.1,100.0,0.10526315789473087
2024-02-17 15:00:00,40.76215277777775,7.333333333333332,345.6097770467837,393.6,100.0,0.10526315789473087
2024-02-17 16:00:00,36.63368055555555,3.66666666666666,331.3049159356725,371.5,100.0,0.10526315789473087
2024-02-17 17:00:00,7.02604166666665,-0.0,234.07922149122808,241.0,100.0,0.10526315789473087
2024-02-17 18:00:00,-0.0,-0.0,85.00526315789473,84.9,100.0,0.10526315789473087
2024-02-17 19:00:00,-0.0,-0.0,16.40526315789473,16.3,100.0,0.10526315789473087
2024-02-17 20:00:00,-0.0,-0.0,51.205263157894734,51.1,100.0,0.10526315789473087
2024-02-17 21:00:00,-0.0,-0.0,348.80526315789473,348.7,100.0,0.10526315789473087
2024-02-17 22:00:00,-0.0,-0.0,557.7052631578947,557.6,100.0,0.10526315789473087
2024-02-17 23:00:00,-0.0,-0.0,187.70526315789473,187.6,100.0,0.10526315789473087
2024-02-18 00:00:00,-0.0,-0.0,594.8052631578947,594.7,100.0,0.10526315789473087
2024-02-18 01:00:00,-0.0,-0.0,307.60526315789474,307.5,100.0,0.10526315789473087
2024-02-18 02:00:00,-0.0,-0.0,117.30526315789473,117.2,100.0,0.10526315789473087
2024-02-18 03:00:00,-0.0,-0.0,140.70526315789473,140.6,100.0,0.10526315789473087
2024-02-18 04:00:00,-0.0,-0.0,248.40526315789475,248.3,100.0,0.10526315789473087
2024-02-18 05:00:00,-0.0,-0.0,177.80526315789473,177.7,100.0,0.10526315789473087
2024-02-18 06:00:00,-0.0,-0.0,160.40526315789475,160.3,100.0,0.10526315789473087
2024-02-18 07:00:00,0.7584515348490499,-0.0,73.94681162304568,74.6,100.0,0.10526315789473087
2024-02-18 08:00:00,25.4788160158528,-0.0,62.02644714204193,87.4,100.0,0.10526315789473087
2024-02-18 09:00:00,127.28718267546759,-0.0,-0.0,68.7,155.5578235416942,58.58718267546759
2024-02-18 10:00:00,239.01857872804004,-0.0,-0.0,263.2,132.42991550979056,-24.181421271959948
2024-02-18 11:00:00,386.7565080854628,-0.0,-0.0,389.2,129.97616827547046,-2.4434919145371623
2024-02-18 12:00:00,389.19812997182214,3.1999999999999917,-0.0,298.9,218.669415580426,93.49812997182215
2024-02-18 13:00:00,387.41319444444446,2.4,-0.0,362.8,244.11328088706782,27.013194444444444
2024-02-18 14:00:00,355.72916666666663,0.933333333333324,-0.0,193.5,398.8735426061807,163.16249999999997
2024-02-18 15:00:00,257.77777777777777,0.399999999999996,-0.0,420.9,243.88855795246346,-162.7222222222222
2024-02-18 16:00:00,190.32986111111111,0.06666666666666,55.19855707010538,396.8,100.0,-151.20491515211685
2024-02-18 17:00:00,27.01388888888885,-0.0,109.49137426900589,136.4,100.0,0.10526315789473087
2024-02-18 18:00:00,0.2708333333333,-0.0,48.934429824561434,49.1,100.0,0.10526315789473087
2024-02-18 19:00:00,-0.0,-0.0,90.90526315789472,90.8,100.0,0.10526315789473087
2024-02-18 20:00:00,-0.0,-0.0,89.80526315789473,89.7,100.0,0.10526315789473087
2024-02-18 21:00:00,-0.0,-0.0,277.60526315789474,277.5,100.0,0.10526315789473087
2024-02-18 22:00:00,-0.0,-0.0,537.7052631578947,537.6,100.0,0.10526315789473087
2024-02-18 23:00:00,-0.0,-0.0,212.90526315789475,212.8,100.0,0.10526315789473087
2024-02-19 00:00:00,-0.0,-0.0,541.3052631578947,541.2,100.0,0.10526315789473087
2024-02-19 01:00:00,-0.0,-0.0,481.40526315789475,481.3,100.0,0.10526315789473087
2024-02-19 02:00:00,-0.0,1.5333333333333241,118.6719298245614,120.1,100.0,0.10526315789473087
2024-02-19 03:00:00,-0.0,1.2,121.60526315789473,122.7,100.0,0.10526315789473087
2024-02-19 04:00:00,-0.0,-0.0,124.00526315789473,123.9,100.0,0.10526315789473087
2024-02-19 05:00:00,-0.0,0.799999999999992,118.70526315789473,119.4,100.0,0.10526315789473087
2024-02-19 06:00:00,-0.0,2.733333333333324,158.87192982456142,161.5,100.0,0.10526315789473087
2024-02-19 07:00:00,0.46145605078585,2.46666666666666,161.27714044044222,164.1,100.0,0.10526315789473087
2024-02-19 08:00:00,7.4039730222688505,7.666666666666656,98.6346234689592,113.6,100.0,0.10526315789473087
2024-02-19 09:00:00,33.02128765318125,10.35,14.633975504713483,57.9,100.0,0.10526315789473087
2024-02-19 10:00:00,178.2949787378311,12.349999999999993,-0.0,182.5,107.63772980093952,8.14497873783108
2024-02-19 11:00:00,302.32759952545166,10.199999999999987,114.04598776808666,434.5,100.0,-7.926412706461666
2024-02-19 12:00:00,333.1861045625474,12.6,-0.0,244.5,196.12179933442005,101.28610456254742
2024-02-19 13:00:00,143.70833333333334,11.449999999999992,58.56726926131333,314.7,100.0,-100.97439740535332
2024-02-19 14:00:00,92.1579861111111,10.449999999999996,279.69727704678365,382.2,100.0,0.10526315789473087
2024-02-19 15:00:00,56.77777777777775,9.549999999999995,149.377485380117,215.6,100.0,0.10526315789473087
2024-02-19 16:00:00,26.09375,9.199999999999992,427.9115131578948,463.1,100.0,0.10526315789473087
2024-02-19 17:00:00,2.2100694444444,8.349999999999996,237.74519371345033,248.2,100.0,0.10526315789473087
2024-02-19 18:00:00,0.35590277777775,6.66666666666666,95.18269371345032,102.1,100.0,0.10526315789473087
2024-02-19 19:00:00,-0.0,9.999999999999996,38.90526315789474,48.8,100.0,0.10526315789473087
2024-02-19 20:00:00,-0.0,11.1,37.50526315789473,48.5,100.0,0.10526315789473087
2024-02-19 21:00:00,-0.0,10.149999999999997,314.5552631578948,324.6,100.0,0.10526315789473087
2024-02-19 22:00:00,-0.0,8.499999999999996,491.10526315789474,499.5,100.0,0.10526315789473087
2024-02-19 23:00:00,-0.0,5.666666666666664,219.93859649122808,225.5,100.0,0.10526315789473087
2024-02-20 00:00:00,-0.0,10.199999999999987,370.70526315789476,380.8,100.0,0.10526315789473087
2024-02-20 01:00:00,-0.0,12.6,356.80526315789473,369.3,100.0,0.10526315789473087
2024-02-20 02:00:00,-0.0,10.05,190.45526315789473,200.4,100.0,0.10526315789473087
2024-02-20 03:00:00,-0.0,12.299999999999999,127.70526315789475,139.9,100.0,0.10526315789473087
2024-02-20 04:00:00,-0.0,10.35,295.6552631578947,305.9,100.0,0.10526315789473087
2024-02-20 05:00:00,-0.0,8.049999999999995,255.85526315789477,263.8,100.0,0.10526315789473087
2024-02-20 06:00:00,-0.0,5.199999999999996,106.40526315789472,111.5,100.0,0.10526315789473087
2024-02-20 07:00:00,0.53010065522455,4.26666666666666,90.00849583600352,94.7,100.0,0.10526315789473087
2024-02-20 08:00:00,17.45375065339935,3.333333333333324,52.31817917116204,73.0,100.0,0.10526315789473087
2024-02-20 09:00:00,32.9600988162888,5.199999999999996,126.94516434160596,165.0,100.0,0.10526315789473087
2024-02-20 10:00:00,59.8353995548354,4.733333333333328,115.53653026972603,180.0,100.0,0.10526315789473087
2024-02-20 11:00:00,65.3884564505683,6.06666666666666,400.05014004065976,471.4,100.0,0.10526315789473087
2024-02-20 12:00:00,134.9752923515108,7.333333333333332,354.4966374730506,496.7,100.0,0.10526315789473087
2024-02-20 13:00:00,28.1440972222222,4.3999999999999915,260.8611659356726,293.3,100.0,0.10526315789473087
2024-02-20 14:00:00,14.99305555555555,6.199999999999991,379.4122076023392,400.5,100.0,0.10526315789473087
2024-02-20 15:00:00,27.1145833333333,4.999999999999992,401.09067982456145,433.1,100.0,0.10526315789473087
2024-02-20 16:00:00,32.8020833333333,5.133333333333324,295.6698464912281,333.5,100.0,0.10526315789473087
2024-02-20 17:00:00,4.88715277777775,6.466666666666656,226.65144371345033,237.9,100.0,0.10526315789473087
2024-02-20 18:00:00,-0.0,8.049999999999995,90.25526315789473,98.2,100.0,0.10526315789473087
2024-02-20 19:00:00,-0.0,6.733333333333332,186.17192982456143,192.8,100.0,0.10526315789473087
2024-02-20 20:00:00,-0.0,-0.0,226.60526315789474,226.5,100.0,0.10526315789473087
2024-02-20 21:00:00,-0.0,-0.0,318.20526315789476,318.1,100.0,0.10526315789473087
2024-02-20 22:00:00,-0.0,0.866666666666664,796.938596491228,797.7,100.0,0.10526315789473087
2024-02-20 23:00:00,-0.0,0.333333333333324,349.37192982456145,349.6,100.0,0.10526315789473087
2024-02-21 00:00:00,-0.0,4.799999999999987,519.3052631578947,524.0,100.0,0.10526315789473087
2024-02-21 01:00:00,-0.0,1.733333333333328,306.6719298245614,308.3,100.0,0.10526315789473087
2024-02-21 02:00:00,-0.0,6.799999999999992,76.90526315789472,83.6,100.0,0.10526315789473087
2024-02-21 03:00:00,-0.0,7.866666666666661,214.13859649122807,221.9,100.0,0.10526315789473087
2024-02-21 04:00:00,-0.0,7.866666666666661,140.33859649122806,148.1,100.0,0.10526315789473087
2024-02-21 05:00:00,-0.0,-0.0,103.30526315789473,103.2,100.0,0.10526315789473087
2024-02-21 06:00:00,-0.0,-0.0,93.50526315789473,93.4,100.0,0.10526315789473087
2024-02-21 07:00:00,0.4795983438897,-0.0,137.92566481400505,138.3,100.0,0.10526315789473087
2024-02-21 08:00:00,15.02487653452485,1.933333333333332,87.24705329003653,104.1,100.0,0.10526315789473087
2024-02-21 09:00:00,99.86627956231435,2.799999999999996,37.1389835955804,139.7,100.0,0.10526315789473087
2024-02-21 10:00:00,232.4074437883165,6.199999999999991,-0.0,64.1,265.6820715989007,174.5074437883165
2024-02-21 11:00:00,335.39031558566626,8.25,-0.0,460.5,154.3996893336847,-116.85968441433374
2024-02-21 12:00:00,326.29710833231604,8.25,102.8525867788934,494.5,100.0,-57.10030488879056
2024-02-21 13:00:00,380.50347222222223,8.85,-0.0,381.4,107.45579861111115,7.953472222222251
2024-02-21 14:00:00,288.1388888888889,9.549999999999995,-0.0,244.2,158.1627872569445,53.48888888888892
2024-02-21 15:00:00,173.03125,7.26666666666666,259.84458389155697,501.2,100.0,-61.05749944177639
2024-02-21 16:00:00,106.96527777777776,7.866666666666661,397.6733187134502,512.4,100.0,0.10526315789473087
2024-02-21 17:00:00,5.4392361111111,5.066666666666665,323.399360380117,333.8,100.0,0.10526315789473087
2024-02-21 18:00:00,0.3315972222222,5.799999999999995,164.67366593567255,170.7,100.0,0.10526315789473087
2024-02-21 19:00:00,-0.0,2.1999999999999957,271.60526315789474,273.7,100.0,0.10526315789473087
2024-02-21 20:00:00,-0.0,-0.0,386.30526315789473,386.2,100.0,0.10526315789473087
2024-02-21 21:00:00,-0.0,1.86666666666666,617.238596491228,619.0,100.0,0.10526315789473087
2024-02-21 22:00:00,-0.0,3.5999999999999877,678.9052631578946,682.4,100.0,0.10526315789473087
2024-02-21 23:00:00,-0.0,2.733333333333324,329.1719298245614,331.8,100.0,0.10526315789473087
2024-02-22 00:00:00,-0.0,2.5333333333333323,1049.1719298245614,1051.6,100.0,0.10526315789473087
2024-02-22 01:00:00,-0.0,0.799999999999992,256.0052631578947,256.7,100.0,0.10526315789473087
2024-02-22 02:00:00,-0.0,-0.0,235.40526315789475,235.3,100.0,0.10526315789473087
2024-02-22 03:00:00,-0.0,-0.0,255.50526315789475,255.4,100.0,0.10526315789473087
2024-02-22 04:00:00,-0.0,-0.0,142.00526315789475,141.9,100.0,0.10526315789473087
2024-02-22 05:00:00,-0.0,-0.0,218.00526315789475,217.9,100.0,0.10526315789473087
2024-02-22 06:00:00,-0.0,-0.0,217.70526315789473,217.6,100.0,0.10526315789473087
2024-02-22 07:00:00,0.7466442143130501,-0.0,132.05861894358168,132.7,100.0,0.10526315789473087
2024-02-22 08:00:00,39.87454222722185,-0.0,35.93072093067288,75.7,100.0,0.10526315789473087
2024-02-22 09:00:00,182.3222177558475,-0.0,-0.0,155.5,125.38110686805513,26.822217755847504
2024-02-22 10:00:00,254.8032462596893,-0.0,25.31177925485062,306.7,100.0,-26.58497448546007
2024-02-22 11:00:00,342.2212284141117,-0.0,192.58403474378304,534.7,100.0,0.10526315789473087
2024-02-22 12:00:00,352.5980723698934,-0.0,151.20719078800136,503.7,100.0,0.10526315789473087
2024-02-22 13:00:00,311.18055555555554,-0.0,210.32470760233912,521.4,100.0,0.10526315789473087
2024-02-22 14:00:00,329.14930555555554,-0.0,28.955957602339197,358.0,100.0,0.10526315789473087
2024-02-22 15:00:00,237.4375,1.2,522.6677631578947,761.2,100.0,0.10526315789473087
2024-02-22 16:00:00,209.25,13.649999999999988,244.90526315789475,467.7,100.0,0.10526315789473087
2024-02-22 17:00:00,48.9288194444444,8.799999999999997,328.2764437134503,385.9,100.0,0.10526315789473087
2024-02-22 18:00:00,0.4861111111111,10.099999999999993,205.11915204678365,215.6,100.0,0.10526315789473087
2024-02-22 19:00:00,-0.0,13.649999999999988,229.95526315789476,243.5,100.0,0.10526315789473087
2024-02-22 20:00:00,-0.0,15.249999999999996,49.05526315789473,64.2,100.0,0.10526315789473087
2024-02-22 21:00:00,-0.0,19.166666666666664,200.2385964912281,219.3,100.0,0.10526315789473087
2024-02-22 22:00:00,-0.0,20.33333333333333,512.5719298245613,532.8,100.0,0.10526315789473087
2024-02-22 23:00:00,-0.0,16.333333333333318,365.2719298245614,381.5,100.0,0.10526315789473087
2024-02-23 00:00:00,-0.0,11.949999999999996,611.7552631578947,623.6,100.0,0.10526315789473087
2024-02-23 01:00:00,-0.0,9.649999999999991,330.2552631578948,339.8,100.0,0.10526315789473087
2024-02-23 02:00:00,-0.0,9.799999999999992,383.60526315789474,393.3,100.0,0.10526315789473087
2024-02-23 03:00:00,-0.0,11.55,262.2552631578947,273.7,100.0,0.10526315789473087
2024-02-23 04:00:00,-0.0,9.799999999999992,227.50526315789475,237.2,100.0,0.10526315789473087
2024-02-23 05:00:00,-0.0,6.266666666666664,148.03859649122808,154.2,100.0,0.10526315789473087
2024-02-23 06:00:00,-0.0,-0.0,159.80526315789473,159.7,100.0,0.10526315789473087
2024-02-23 07:00:00,0.25376866351704996,3.1999999999999917,145.05149449437772,148.4,100.0,0.10526315789473087
2024-02-23 08:00:00,5.9132333130885995,-0.0,99.29202984480612,105.1,100.0,0.10526315789473087
2024-02-23 09:00:00,26.37367973725,-0.0,50.53158342064472,76.8,100.0,0.10526315789473087
2024-02-23 10:00:00,85.61542696423,-0.0,197.98983619366476,283.5,100.0,0.10526315789473087
2024-02-23 11:00:00,230.50078272819516,2.46666666666666,314.1378137630328,547.0,100.0,0.10526315789473087
2024-02-23 12:00:00,145.4909144507514,4.86666666666666,363.94768204047665,514.2,100.0,0.10526315789473087
2024-02-23 13:00:00,138.84027777777774,0.333333333333324,410.4316520467836,549.5,100.0,0.10526315789473087
2024-02-23 14:00:00,100.44618055555556,2.1999999999999957,464.15908260233914,566.7,100.0,0.10526315789473087
2024-02-23 15:00:00,60.35763888888885,-0.0,370.64762426900586,430.9,100.0,0.10526315789473087
2024-02-23 16:00:00,10.10416666666665,1.066666666666656,733.6344298245615,744.7,100.0,0.10526315789473087
2024-02-23 17:00:00,4.546875,-0.0,437.75838815789473,442.2,100.0,0.10526315789473087
2024-02-23 18:00:00,-0.0,-0.0,293.5052631578947,293.4,100.0,0.10526315789473087
2024-02-23 19:00:00,-0.0,-0.0,357.10526315789474,357.0,100.0,0.10526315789473087
2024-02-23 20:00:00,-0.0,-0.0,385.20526315789476,385.1,100.0,0.10526315789473087
2024-02-23 21:00:00,-0.0,5.3999999999999995,390.40526315789475,395.7,100.0,0.10526315789473087
2024-02-23 22:00:00,-0.0,7.5333333333333234,769.6719298245614,777.1,100.0,0.10526315789473087
2024-02-23 23:00:00,-0.0,9.649999999999991,266.0552631578948,275.6,100.0,0.10526315789473087
2024-02-24 00:00:00,-0.0,4.26666666666666,635.138596491228,639.3,100.0,0.10526315789473087
2024-02-24 01:00:00,-0.0,-0.0,432.40526315789475,432.3,100.0,0.10526315789473087
2024-02-24 02:00:00,-0.0,-0.0,312.0052631578947,311.9,100.0,0.10526315789473087
2024-02-24 03:00:00,-0.0,-0.0,109.30526315789473,109.2,100.0,0.10526315789473087
2024-02-24 04:00:00,-0.0,-0.0,196.10526315789474,196.0,100.0,0.10526315789473087
2024-02-24 05:00:00,-0.0,-0.0,208.50526315789475,208.4,100.0,0.10526315789473087
2024-02-24 06:00:00,-0.0,-0.0,192.10526315789474,192.0,100.0,0.10526315789473087
2024-02-24 07:00:00,0.20603082246249999,-0.0,239.99923233543223,240.1,100.0,0.10526315789473087
2024-02-24 08:00:00,9.511797462279551,-0.0,119.69346569561519,129.1,100.0,0.10526315789473087
2024-02-24 09:00:00,35.48593971464365,-0.0,82.01932344325108,117.4,100.0,0.10526315789473087
2024-02-24 10:00:00,126.67164762814839,-0.0,-0.0,42.4,179.958065246741,84.2716476281484
2024-02-24 11:00:00,265.80219931072656,-0.0,-0.0,327.9,120.7851965266845,-62.09780068927341
2024-02-24 12:00:00,140.28171120749573,-0.0,137.66627686602232,299.7,100.0,-21.752011926481917
2024-02-24 13:00:00,138.72395833333334,6.999999999999996,208.28130482456137,353.9,100.0,0.10526315789473087
2024-02-24 14:00:00,114.40104166666664,9.199999999999992,576.904221491228,700.4,100.0,0.10526315789473087
2024-02-24 15:00:00,58.8940972222222,8.799999999999997,772.3111659356725,839.9,100.0,0.10526315789473087
2024-02-24 16:00:00,30.1631944444444,6.199999999999991,544.4420687134502,580.7,100.0,0.10526315789473087
2024-02-24 17:00:00,4.857638888888849,4.666666666666656,362.48095760233923,371.9,100.0,0.10526315789473087
2024-02-24 18:00:00,0.5659722222222,4.799999999999987,72.73929093567254,78.0,100.0,0.10526315789473087
2024-02-24 19:00:00,-0.0,2.1999999999999957,328.0052631578948,330.1,100.0,0.10526315789473087
2024-02-24 20:00:00,-0.0,-0.0,95.30526315789473,95.2,100.0,0.10526315789473087
2024-02-24 21:00:00,-0.0,-0.0,558.9052631578946,558.8,100.0,0.10526315789473087
2024-02-24 22:00:00,-0.0,7.666666666666656,615.438596491228,623.0,100.0,0.10526315789473087
2024-02-24 23:00:00,-0.0,9.6,417.60526315789474,427.1,100.0,0.10526315789473087
2024-02-25 00:00:00,-0.0,2.1999999999999957,567.3052631578946,569.4,100.0,0.10526315789473087
2024-02-25 01:00:00,-0.0,8.25,631.3552631578947,639.5,100.0,0.10526315789473087
2024-02-25 02:00:00,-0.0,9.199999999999992,410.90526315789475,420.0,100.0,0.10526315789473087
2024-02-25 03:00:00,-0.0,9.399999999999995,177.00526315789475,186.3,100.0,0.10526315789473087
2024-02-25 04:00:00,-0.0,7.733333333333328,213.9719298245614,221.6,100.0,0.10526315789473087
2024-02-25 05:00:00,-0.0,10.099999999999993,99.30526315789473,109.3,100.0,0.10526315789473087
2024-02-25 06:00:00,-0.0,13.8,294.10526315789474,307.8,100.0,0.10526315789473087
2024-02-25 07:00:00,0.5475304280925,19.166666666666664,71.19106606313557,90.8,100.0,0.10526315789473087
2024-02-25 08:00:00,33.76351393345325,15.999999999999996,19.84174922444148,69.5,100.0,0.10526315789473087
2024-02-25 09:00:00,165.59449937608505,16.166666666666664,-0.0,90.0,187.07310774061415,91.76116604275171
2024-02-25 10:00:00,260.4474480946859,13.649999999999988,-0.0,74.7,376.3136103228251,199.3974480946859
2024-02-25 11:00:00,277.36939271291095,11.899999999999991,-0.0,329.5,337.7182197897677,-40.23060728708906
2024-02-25 12:00:00,384.4058635499742,13.549999999999992,-0.0,326.3,405.4535719424534,71.65586354997417
2024-02-25 13:00:00,179.54934908367272,10.799999999999999,-0.0,90.4,500.0,99.94934908367273
2024-02-25 14:00:00,315.96701388888886,9.949999999999992,-0.0,463.5,368.7961631944444,-137.58298611111115
2024-02-25 15:00:00,282.87152777777777,13.299999999999995,30.12847222222217,526.3,178.42736703124996,-200.0
2024-02-25 16:00:00,208.85937499999997,10.899999999999995,121.4733200902962,423.6,100.0,-82.3673049097039
2024-02-25 17:00:00,22.79166666666665,12.45,337.5635964912281,372.7,100.0,0.10526315789473087
2024-02-25 18:00:00,0.46701388888885004,7.199999999999999,195.2382492690059,202.8,100.0,0.10526315789473087
2024-02-25 19:00:00,-0.0,0.799999999999992,189.80526315789476,190.5,100.0,0.10526315789473087
2024-02-25 20:00:00,-0.0,2.266666666666656,145.2385964912281,147.4,100.0,0.10526315789473087
2024-02-25 21:00:00,-0.0,-0.0,546.5052631578947,546.4,100.0,0.10526315789473087
2024-02-25 22:00:00,-0.0,-0.0,805.3052631578947,805.2,100.0,0.10526315789473087
2024-02-25 23:00:00,-0.0,-0.0,383.40526315789475,383.3,100.0,0.10526315789473087
2024-02-26 00:00:00,-0.0,0.266666666666664,697.738596491228,697.9,100.0,0.10526315789473087
2024-02-26 01:00:00,-0.0,-0.0,469.5052631578947,469.4,100.0,0.10526315789473087
2024-02-26 02:00:00,-0.0,-0.0,369.40526315789475,369.3,100.0,0.10526315789473087
2024-02-26 03:00:00,-0.0,-0.0,168.60526315789474,168.5,100.0,0.10526315789473087
2024-02-26 04:00:00,-0.0,-0.0,107.70526315789472,107.6,100.0,0.10526315789473087
2024-02-26 05:00:00,-0.0,-0.0,326.30526315789473,326.2,100.0,0.10526315789473087
2024-02-26 06:00:00,0.00700028044068151,-0.0,91.79826287745405,91.7,100.0,0.10526315789473087
2024-02-26 07:00:00,0.3688796625162,-0.0,192.53638349537854,192.8,100.0,0.10526315789473087
2024-02-26 08:00:00,26.32789829538925,-0.0,57.37736486250547,83.6,100.0,0.10526315789473087
2024-02-26 09:00:00,135.42786134613885,4.2,-0.0,84.8,151.98646827883192,54.82786134613886
2024-02-26 10:00:00,238.46204307344223,5.933333333333328,38.44201116106328,337.4,100.0,-54.562612432161146
2024-02-26 11:00:00,331.5767171647813,-0.0,299.42854599311335,630.9,100.0,0.10526315789473087
2024-02-26 12:00:00,329.90969392988416,-0.0,-0.0,276.2,150.92420923338994,53.70969392988417
2024-02-26 13:00:00,266.4930555555556,-0.0,53.86138126112172,373.8,100.0,-53.445563183322705
2024-02-26 14:00:00,237.2621527777778,-0.0,244.54311038011693,481.7,100.0,0.10526315789473087
2024-02-26 15:00:00,179.85243055555554,-0.0,333.6528326023391,513.4,100.0,0.10526315789473087
2024-02-26 16:00:00,101.0625,1.5333333333333241,326.7094298245614,429.2,100.0,0.10526315789473087
2024-02-26 17:00:00,12.88541666666665,5.333333333333328,343.6865131578948,361.8,100.0,0.10526315789473087
2024-02-26 18:00:00,0.63541666666665,7.733333333333328,81.73651315789475,90.0,100.0,0.10526315789473087
2024-02-26 19:00:00,-0.0,8.349999999999996,229.45526315789473,237.7,100.0,0.10526315789473087
2024-02-26 20:00:00,-0.0,2.9333333333333282,128.3719298245614,131.2,100.0,0.10526315789473087
2024-02-26 21:00:00,-0.0,-0.0,452.40526315789475,452.3,100.0,0.10526315789473087
2024-02-26 22:00:00,-0.0,0.399999999999996,855.8052631578947,856.1,100.0,0.10526315789473087
2024-02-26 23:00:00,-0.0,-0.0,216.30526315789473,216.2,100.0,0.10526315789473087
2024-02-27 00:00:00,-0.0,-0.0,828.6052631578947,828.5,100.0,0.10526315789473087
2024-02-27 01:00:00,-0.0,-0.0,616.2052631578947,616.1,100.0,0.10526315789473087
2024-02-27 02:00:00,-0.0,-0.0,538.8052631578947,538.7,100.0,0.10526315789473087
2024-02-27 03:00:00,-0.0,4.86666666666666,151.3385964912281,156.1,100.0,0.10526315789473087
2024-02-27 04:00:00,-0.0,-0.0,172.50526315789475,172.4,100.0,0.10526315789473087
2024-02-27 05:00:00,-0.0,-0.0,199.30526315789473,199.2,100.0,0.10526315789473087
2024-02-27 06:00:00,0.006129495126919614,-0.0,43.59913366276781,43.5,100.0,0.10526315789473087
2024-02-27 07:00:00,0.1295371345865,-0.0,169.77572602330824,169.8,100.0,0.10526315789473087
2024-02-27 08:00:00,1.03959234120945,-0.0,44.36567081668528,45.3,100.0,0.10526315789473087
2024-02-27 09:00:00,16.8965866582261,-0.0,72.90867649966863,89.7,100.0,0.10526315789473087
2024-02-27 10:00:00,75.15837596522434,-0.0,141.1468871926704,216.2,100.0,0.10526315789473087
2024-02-27 11:00:00,128.2175898551941,-0.0,420.08767330270064,548.2,100.0,0.10526315789473087
2024-02-27 12:00:00,93.180704275767,-0.0,337.12455888212776,430.2,100.0,0.10526315789473087
2024-02-27 13:00:00,90.46875,-0.0,265.13651315789474,355.5,100.0,0.10526315789473087
2024-02-27 14:00:00,62.82986111111109,-0.0,319.17540204678363,381.9,100.0,0.10526315789473087
2024-02-27 15:00:00,24.3020833333333,-0.0,358.5031798245614,382.7,100.0,0.10526315789473087
2024-02-27 16:00:00,2.3663194444444002,-0.0,429.4389437134503,431.7,100.0,0.10526315789473087
2024-02-27 17:00:00,1.91666666666665,2.133333333333324,462.6552631578948,466.6,100.0,0.10526315789473087
2024-02-27 18:00:00,-0.0,-0.0,60.805263157894736,60.7,100.0,0.10526315789473087
2024-02-27 19:00:00,-0.0,-0.0,91.90526315789472,91.8,100.0,0.10526315789473087
2024-02-27 20:00:00,-0.0,-0.0,294.10526315789474,294.0,100.0,0.10526315789473087
2024-02-27 21:00:00,-0.0,-0.0,553.9052631578946,553.8,100.0,0.10526315789473087
2024-02-27 22:00:00,-0.0,-0.0,637.6052631578947,637.5,100.0,0.10526315789473087
2024-02-27 23:00:00,-0.0,-0.0,263.5052631578947,263.4,100.0,0.10526315789473087
2024-02-28 00:00:00,-0.0,-0.0,630.1052631578947,630.0,100.0,0.10526315789473087
2024-02-28 01:00:00,-0.0,-0.0,512.0052631578947,511.9,100.0,0.10526315789473087
2024-02-28 02:00:00,-0.0,-0.0,355.60526315789474,355.5,100.0,0.10526315789473087
2024-02-28 03:00:00,-0.0,-0.0,139.00526315789475,138.9,100.0,0.10526315789473087
2024-02-28 04:00:00,-0.0,3.466666666666656,225.33859649122806,228.7,100.0,0.10526315789473087
2024-02-28 05:00:00,-0.0,0.7333333333333321,356.9719298245614,357.6,100.0,0.10526315789473087
2024-02-28 06:00:00,0.007316823013954692,1.999999999999992,135.4979463348808,137.4,100.0,0.10526315789473087
2024-02-28 07:00:00,0.37018422632369996,4.999999999999992,103.93507893157104,109.2,100.0,0.10526315789473087
2024-02-28 08:00:00,19.1527891428106,6.266666666666664,103.08580734841748,128.4,100.0,0.10526315789473087
2024-02-28 09:00:00,94.81951665547155,9.649999999999991,38.43574650242323,142.8,100.0,0.10526315789473087
2024-02-28 10:00:00,157.81242517961394,9.9,103.99283797828085,271.6,100.0,0.10526315789473087
2024-02-28 11:00:00,292.45614475674097,8.949999999999996,163.59911840115376,464.9,100.0,0.10526315789473087
2024-02-28 12:00:00,284.4832887649536,8.799999999999997,217.62197439294113,510.8,100.0,0.10526315789473087
2024-02-28 13:00:00,60.77951388888885,8.25,151.4757492690059,220.4,100.0,0.10526315789473087
2024-02-28 14:00:00,156.74479166666666,5.133333333333324,195.12713815789473,356.9,100.0,0.10526315789473087
2024-02-28 15:00:00,70.79166666666666,6.66666666666666,436.0469298245613,513.4,100.0,0.10526315789473087
2024-02-28 16:00:00,93.4565972222222,1.933333333333332,315.91533260233916,411.2,100.0,0.10526315789473087
2024-02-28 17:00:00,11.203125,3.0,315.90213815789474,330.0,100.0,0.10526315789473087
2024-02-28 18:00:00,0.5347222222222,-0.0,85.67054093567252,86.1,100.0,0.10526315789473087
2024-02-28 19:00:00,-0.0,-0.0,120.60526315789473,120.5,100.0,0.10526315789473087
2024-02-28 20:00:00,-0.0,-0.0,255.90526315789475,255.8,100.0,0.10526315789473087
2024-02-28 21:00:00,-0.0,-0.0,499.5052631578947,499.4,100.0,0.10526315789473087
2024-02-28 22:00:00,-0.0,-0.0,640.1052631578947,640.0,100.0,0.10526315789473087
2024-02-28 23:00:00,-0.0,-0.0,329.10526315789474,329.0,100.0,0.10526315789473087
2024-02-29 00:00:00,-0.0,-0.0,912.7052631578947,912.6,100.0,0.10526315789473087
2024-02-29 01:00:00,-0.0,-0.0,544.7052631578947,544.6,100.0,0.10526315789473087
2024-02-29 02:00:00,-0.0,-0.0,302.70526315789476,302.6,100.0,0.10526315789473087
2024-02-29 03:00:00,-0.0,-0.0,65.40526315789472,65.3,100.0,0.10526315789473087
2024-02-29 04:00:00,-0.0,-0.0,103.00526315789473,102.9,100.0,0.10526315789473087
2024-02-29 05:00:00,-0.0,-0.0,67.30526315789473,67.2,100.0,0.10526315789473087
2024-02-29 06:00:00,0.00832770744131671,-0.0,84.69693545045341,84.6,100.0,0.10526315789473087
2024-02-29 07:00:00,0.10009926252269999,-0.0,101.00516389537202,101.0,100.0,0.10526315789473087
2024-02-29 08:00:00,11.9622574130901,-0.0,205.14300574480464,217.0,100.0,0.10526315789473087
2024-02-29 09:00:00,24.1525168634123,-0.0,-0.0,20.0,103.84489102024169,4.152516863412298
2024-02-29 10:00:00,77.2100791003969,-0.0,285.75197760568574,366.9,100.0,-3.9379432939173107
2024-02-29 11:00:00,161.9553412331475,-0.0,334.6499219247472,496.5,100.0,0.10526315789473087
2024-02-29 12:00:00,232.2785552872552,-0.0,165.12670787063956,397.3,100.0,0.10526315789473087
2024-02-29 13:00:00,113.23958333333336,-0.0,372.76567982456135,485.9,100.0,0.10526315789473087
2024-02-29 14:00:00,58.0190972222222,-0.0,546.2861659356726,604.2,100.0,0.10526315789473087
2024-02-29 15:00:00,84.3958333333333,-0.0,493.70942982456137,578.0,100.0,0.10526315789473087
2024-02-29 16:00:00,28.66493055555555,-0.0,225.4403326023392,254.0,100.0,0.10526315789473087
2024-02-29 17:00:00,10.00868055555555,-0.0,249.99658260233917,259.9,100.0,0.10526315789473087
2024-02-29 18:00:00,0.67013888888885,-0.0,143.3351242690059,143.9,100.0,0.10526315789473087
2024-02-29 19:00:00,-0.0,-0.0,250.00526315789475,249.9,100.0,0.10526315789473087
2024-02-29 20:00:00,-0.0,-0.0,271.5052631578947,271.4,100.0,0.10526315789473087
2024-02-29 21:00:00,-0.0,-0.0,563.8052631578947,563.7,100.0,0.10526315789473087
2024-02-29 22:00:00,-0.0,-0.0,994.2052631578947,994.1,100.0,0.10526315789473087
2024-02-29 23:00:00,-0.0,1.26666666666666,399.6385964912281,400.8,100.0,0.10526315789473087
2024-03-01 00:00:00,-0.0,2.9333333333333282,751.8719298245614,754.7,100.0,0.10526315789473087
2024-03-01 01:00:00,-0.0,0.999999999999996,723.2052631578947,724.1,100.0,0.10526315789473087
2024-03-01 02:00:00,-0.0,-0.0,502.0052631578947,501.9,100.0,0.10526315789473087
2024-03-01 03:00:00,-0.0,0.46666666666665596,202.93859649122808,203.3,100.0,0.10526315789473087
2024-03-01 04:00:00,-0.0,-0.0,94.30526315789473,94.2,100.0,0.10526315789473087
2024-03-01 05:00:00,-0.0,1.733333333333328,224.0719298245614,225.7,100.0,0.10526315789473087
2024-03-01 06:00:00,0.016889011280404195,1.399999999999992,128.78837414661433,130.1,100.0,0.10526315789473087
2024-03-01 07:00:00,2.58596529201085,4.3999999999999915,198.51929786588389,205.4,100.0,0.10526315789473087
2024-03-01 08:00:00,33.51895194914605,6.999999999999996,16.286311208748693,56.7,100.0,0.10526315789473087
2024-03-01 09:00:00,56.45232366191015,8.7,-0.0,0.0,161.79470747881464,65.15232366191015
2024-03-01 10:00:00,141.5939810540941,5.533333333333332,-0.0,158.1,151.20886143939188,-10.972685612572576
2024-03-01 11:00:00,167.56153212653265,11.699999999999989,242.5935704229911,475.6,100.0,-53.744897450476316
2024-03-01 12:00:00,129.3373375203874,8.349999999999996,473.5179256375073,611.1,100.0,0.10526315789473087
2024-03-01 13:00:00,76.02777777777774,9.9,373.177485380117,459.0,100.0,0.10526315789473087
2024-03-01 14:00:00,84.9427083333333,9.799999999999992,517.7625548245614,612.4,100.0,0.10526315789473087
2024-03-01 15:00:00,20.031249999999947,11.799999999999995,469.5740131578948,501.3,100.0,0.10526315789473087
2024-03-01 16:00:00,80.1597222222222,10.549999999999992,451.6955409356725,542.3,100.0,0.10526315789473087
2024-03-01 17:00:00,48.27777777777775,20.33333333333333,204.2941520467837,272.8,100.0,0.10526315789473087
2024-03-01 18:00:00,0.30555555555555003,16.166666666666664,283.23304093567253,299.6,100.0,0.10526315789473087
2024-03-01 19:00:00,-0.0,13.699999999999992,199.70526315789476,213.3,100.0,0.10526315789473087
2024-03-01 20:00:00,-0.0,10.999999999999993,190.40526315789475,201.3,100.0,0.10526315789473087
2024-03-01 21:00:00,-0.0,10.549999999999992,308.05526315789473,318.5,100.0,0.10526315789473087
2024-03-01 22:00:00,-0.0,10.899999999999995,873.2052631578947,884.0,100.0,0.10526315789473087
2024-03-01 23:00:00,-0.0,10.399999999999991,309.90526315789475,320.2,100.0,0.10526315789473087
2024-03-02 00:00:00,-0.0,9.15,661.1552631578948,670.2,100.0,0.10526315789473087
2024-03-02 01:00:00,-0.0,10.749999999999996,619.3552631578947,630.0,100.0,0.10526315789473087
2024-03-02 02:00:00,-0.0,9.45,341.7552631578948,351.1,100.0,0.10526315789473087
2024-03-02 03:00:00,-0.0,7.5333333333333234,252.2719298245614,259.7,100.0,0.10526315789473087
2024-03-02 04:00:00,-0.0,11.049999999999995,129.95526315789476,140.9,100.0,0.10526315789473087
2024-03-02 05:00:00,-0.0,11.949999999999996,471.85526315789474,483.7,100.0,0.10526315789473087
2024-03-02 06:00:00,0.022656827802873317,10.699999999999992,170.08260633009186,180.7,100.0,0.10526315789473087
2024-03-02 07:00:00,1.2189348153252502,3.799999999999992,196.2863283425695,201.2,100.0,0.10526315789473087
2024-03-02 08:00:00,36.1657064821985,3.06666666666666,89.57289000902956,128.7,100.0,0.10526315789473087
2024-03-02 09:00:00,149.18908556302384,1.133333333333328,-0.0,49.2,195.9662979515393,101.12241889635716
2024-03-02 10:00:00,279.28835656907825,1.066666666666656,-0.0,123.9,344.4026037275454,156.4550232357449
2024-03-02 11:00:00,361.06285678015814,5.133333333333324,-0.0,345.0,364.19458173163474,21.19619011349147
2024-03-02 12:00:00,331.6353270212809,6.133333333333332,-0.0,354.1,348.3156144867866,-16.331339645385803
2024-03-02 13:00:00,383.5416666666667,3.06666666666666,-0.0,405.4,330.1152155389665,-18.791666666666632
2024-03-02 14:00:00,371.99652777777777,-0.0,-0.0,228.6,466.01180171231636,143.39652777777778
2024-03-02 15:00:00,250.62847222222223,-0.0,78.17152777777773,528.8,275.545789910604,-200.0
2024-03-02 16:00:00,99.23090277777776,-0.0,98.97410341096601,382.7,100.0,-184.49499381125622
2024-03-02 17:00:00,14.3784722222222,9.399999999999995,335.1267909356726,358.8,100.0,0.10526315789473087
2024-03-02 18:00:00,0.5069444444444,7.066666666666668,241.63165204678367,249.1,100.0,0.10526315789473087
2024-03-02 19:00:00,-0.0,4.3999999999999915,248.90526315789475,253.2,100.0,0.10526315789473087
2024-03-02 20:00:00,-0.0,-0.0,163.40526315789475,163.3,100.0,0.10526315789473087
2024-03-02 21:00:00,-0.0,3.133333333333332,340.1719298245614,343.2,100.0,0.10526315789473087
2024-03-02 22:00:00,-0.0,9.649999999999991,680.5552631578947,690.1,100.0,0.10526315789473087
2024-03-02 23:00:00,-0.0,6.999999999999996,274.70526315789476,281.6,100.0,0.10526315789473087
2024-03-03 00:00:00,-0.0,0.999999999999996,603.2052631578947,604.1,100.0,0.10526315789473087
2024-03-03 01:00:00,-0.0,-0.0,545.7052631578947,545.6,100.0,0.10526315789473087
2024-03-03 02:00:00,-0.0,1.26666666666666,210.93859649122808,212.1,100.0,0.10526315789473087
2024-03-03 03:00:00,-0.0,4.466666666666664,112.73859649122805,117.1,100.0,0.10526315789473087
2024-03-03 04:00:00,-0.0,-0.0,81.70526315789472,81.6,100.0,0.10526315789473087
2024-03-03 05:00:00,-0.0,1.333333333333332,308.6719298245614,309.9,100.0,0.10526315789473087
2024-03-03 06:00:00,0.014358136363120541,1.5999999999999959,163.19090502153162,164.7,100.0,0.10526315789473087
2024-03-03 07:00:00,0.64004438825775,0.866666666666664,184.6985521029703,186.1,100.0,0.10526315789473087
2024-03-03 08:00:00,15.0730885730849,2.599999999999992,23.432174584809836,41.0,100.0,0.10526315789473087
2024-03-03 09:00:00,37.97577758630115,4.133333333333328,66.69615223826025,108.7,100.0,0.10526315789473087
2024-03-03 10:00:00,207.35682951079477,5.066666666666665,42.68176698043331,255.0,100.0,0.10526315789473087
2024-03-03 11:00:00,343.0536630418565,6.466666666666656,84.8849334493716,434.3,100.0,0.10526315789473087
2024-03-03 12:00:00,332.6,-0.0,-0.0,132.6,289.9,200.0
2024-03-03 13:00:00,373.50694444444446,2.133333333333324,-0.0,325.5,337.2433638888889,50.14027777777778
2024-03-03 14:00:00,342.5520833333333,4.333333333333332,-0.0,177.4,497.91726635833334,169.48541666666665
2024-03-03 15:00:00,126.1319444444444,0.7333333333333321,-0.0,161.5,464.51636298086385,-34.634722222222265
2024-03-03 16:00:00,21.1319444444444,6.8666666666666645,157.80138888888894,385.8,274.051846617883,-200.0
2024-03-03 17:00:00,14.7048611111111,6.333333333333324,336.837811059487,540.8,100.0,-182.9239944960685
2024-03-03 18:00:00,0.6770833333333,8.85,172.57817982456146,182.0,100.0,0.10526315789473087
2024-03-03 19:00:00,-0.0,9.75,36.85526315789473,46.5,100.0,0.10526315789473087
2024-03-03 20:00:00,-0.0,10.449999999999996,184.65526315789475,195.0,100.0,0.10526315789473087
2024-03-03 21:00:00,-0.0,8.799999999999997,274.7052631578947,283.4,100.0,0.10526315789473087
2024-03-03 22:00:00,-0.0,2.133333333333324,448.4719298245614,450.5,100.0,0.10526315789473087
2024-03-03 23:00:00,-0.0,8.499999999999996,285.5052631578947,293.9,100.0,0.10526315789473087
2024-03-04 00:00:00,-0.0,6.933333333333324,505.27192982456137,512.1,100.0,0.10526315789473087
2024-03-04 01:00:00,-0.0,2.799999999999996,251.30526315789476,254.0,100.0,0.10526315789473087
2024-03-04 02:00:00,-0.0,1.999999999999992,176.60526315789474,178.5,100.0,0.10526315789473087
2024-03-04 03:00:00,-0.0,-0.0,204.00526315789475,203.9,100.0,0.10526315789473087
2024-03-04 04:00:00,-0.0,9.75,55.65526315789472,65.3,100.0,0.10526315789473087
2024-03-04 05:00:00,-0.0,11.449999999999992,263.65526315789475,275.0,100.0,0.10526315789473087
2024-03-04 06:00:00,0.021549515270938475,13.5,95.9837136426238,109.4,100.0,0.10526315789473087
2024-03-04 07:00:00,6.5662415480862,12.399999999999997,117.03902160980856,135.9,100.0,0.10526315789473087
2024-03-04 08:00:00,63.0312997765011,12.699999999999996,-0.0,66.1,109.04973478767604,9.631299776501102
2024-03-04 09:00:00,130.52348189883762,23.083333333333332,-0.0,46.2,210.97715952345078,107.40681523217094
2024-03-04 10:00:00,259.69999763700696,16.666666666666668,-0.0,134.9,345.1595134524173,141.4666643036736
2024-03-04 11:00:00,351.5043020248413,18.249999999999996,-0.0,421.2,295.9409408625641,-51.44569797515868
2024-03-04 12:00:00,236.3205647998386,16.58333333333333,-0.0,315.5,236.17870314821485,-62.59610186682808
2024-03-04 13:00:00,373.2326388888889,17.499999999999993,-0.0,366.1,259.34353138951104,24.632638888888884
2024-03-04 14:00:00,264.17534722222223,25.5,169.76761292712348,626.9,100.0,-167.45703985065427
2024-03-04 15:00:00,237.77604166666669,12.799999999999992,191.92922149122802,442.4,100.0,0.10526315789473087
2024-03-04 16:00:00,94.953125,20.33333333333333,322.5188048245614,437.7,100.0,0.10526315789473087
2024-03-04 17:00:00,65.00868055555554,13.899999999999997,172.5965826023392,251.4,100.0,0.10526315789473087
2024-03-04 18:00:00,0.6562499999999499,13.949999999999987,149.79901315789482,164.3,100.0,0.10526315789473087
2024-03-04 19:00:00,-0.0,14.333333333333327,143.27192982456143,157.5,100.0,0.10526315789473087
2024-03-04 20:00:00,-0.0,11.59999999999999,125.10526315789474,136.6,100.0,0.10526315789473087
2024-03-04 21:00:00,-0.0,12.45,399.55526315789473,411.9,100.0,0.10526315789473087
2024-03-04 22:00:00,-0.0,13.599999999999996,755.4052631578946,768.9,100.0,0.10526315789473087
2024-03-04 23:00:00,-0.0,11.799999999999995,271.0052631578947,282.7,100.0,0.10526315789473087
2024-03-05 00:00:00,-0.0,7.1333333333333275,975.8719298245613,982.9,100.0,0.10526315789473087
2024-03-05 01:00:00,-0.0,6.999999999999996,348.20526315789476,355.1,100.0,0.10526315789473087
2024-03-05 02:00:00,-0.0,6.399999999999996,261.40526315789475,267.7,100.0,0.10526315789473087
2024-03-05 03:00:00,-0.0,4.333333333333332,163.2719298245614,167.5,100.0,0.10526315789473087
2024-03-05 04:00:00,-0.0,8.4,131.30526315789473,139.6,100.0,0.10526315789473087
2024-03-05 05:00:00,-0.0,8.449999999999992,312.95526315789476,321.3,100.0,0.10526315789473087
2024-03-05 06:00:00,0.0472451513633132,8.25,86.80801800653141,95.0,100.0,0.10526315789473087
2024-03-05 07:00:00,1.9680717970348003,6.133333333333332,76.40385802752661,84.4,100.0,0.10526315789473087
2024-03-05 08:00:00,33.73646239439645,8.949999999999996,8.118800763498292,50.7,100.0,0.10526315789473087
2024-03-05 09:00:00,55.4393218623267,9.049999999999992,64.01594129556804,128.4,100.0,0.10526315789473087
2024-03-05 10:00:00,214.98467246691385,10.399999999999991,23.12059069098089,248.4,100.0,0.10526315789473087
2024-03-05 11:00:00,289.67141999138727,7.466666666666664,60.567176499840855,357.6,100.0,0.10526315789473087
2024-03-05 12:00:00,270.1092352337308,3.133333333333332,99.36269459083064,372.5,100.0,0.10526315789473087
2024-03-05 13:00:00,281.8697916666667,3.799999999999992,23.535471491228066,309.1,100.0,0.10526315789473087
2024-03-05 14:00:00,143.32465277777774,5.666666666666664,243.5139437134503,392.4,100.0,0.10526315789473087
2024-03-05 15:00:00,104.13888888888886,5.133333333333324,313.03304093567255,422.2,100.0,0.10526315789473087
2024-03-05 16:00:00,45.6753472222222,6.799999999999992,423.8299159356725,476.2,100.0,0.10526315789473087
2024-03-05 17:00:00,24.71354166666665,6.8666666666666645,259.02505482456144,290.5,100.0,0.10526315789473087
2024-03-05 18:00:00,0.5989583333333,6.266666666666664,166.8396381578948,173.6,100.0,0.10526315789473087
2024-03-05 19:00:00,-0.0,3.466666666666656,293.1385964912281,296.5,100.0,0.10526315789473087
2024-03-05 20:00:00,-0.0,3.733333333333332,169.5719298245614,173.2,100.0,0.10526315789473087
2024-03-05 21:00:00,-0.0,5.733333333333324,192.87192982456142,198.5,100.0,0.10526315789473087
2024-03-05 22:00:00,-0.0,5.399999999999988,734.0052631578947,739.3,100.0,0.10526315789473087
2024-03-05 23:00:00,-0.0,7.333333333333332,181.0719298245614,188.3,100.0,0.10526315789473087
2024-03-06 00:00:00,-0.0,6.399999999999996,703.7052631578947,710.0,100.0,0.10526315789473087
2024-03-06 01:00:00,-0.0,8.199999999999996,439.70526315789476,447.8,100.0,0.10526315789473087
2024-03-06 02:00:00,-0.0,6.8666666666666645,245.83859649122806,252.6,100.0,0.10526315789473087
2024-03-06 03:00:00,-0.0,3.9999999999999956,272.60526315789474,276.5,100.0,0.10526315789473087
2024-03-06 04:00:00,-0.0,3.9999999999999956,95.40526315789472,99.3,100.0,0.10526315789473087
2024-03-06 05:00:00,-0.0,4.466666666666664,237.33859649122806,241.7,100.0,0.10526315789473087
2024-03-06 06:00:00,0.0513452576059,2.46666666666666,111.98725123362217,114.4,100.0,0.10526315789473087
2024-03-06 07:00:00,4.2492968821898,2.733333333333324,104.52263294237162,111.4,100.0,0.10526315789473087
2024-03-06 08:00:00,61.00692095028025,2.46666666666666,12.831675540947828,76.2,100.0,0.10526315789473087
2024-03-06 09:00:00,166.85224771499634,3.466666666666656,-0.0,117.7,149.88796866257985,52.61891438166299
2024-03-06 10:00:00,299.62494585249163,2.133333333333324,-0.0,133.1,309.963445920451,168.65827918582497
2024-03-06 11:00:00,402.9829390843709,1.333333333333332,-0.0,519.8,199.94394127134964,-115.48372758229571
2024-03-06 12:00:00,413.5117186440362,-0.0,-0.0,424.9,188.9251300419127,-11.388281355963784
2024-03-06 13:00:00,393.2986111111111,-0.0,-0.0,223.4,350.1398854674263,169.89861111111108
2024-03-06 14:00:00,276.96006944444446,-0.0,-0.0,439.0,195.85181155418115,-162.03993055555554
2024-03-06 15:00:00,302.6024305555556,-0.0,279.20708550483704,682.5,100.0,-100.69048393960735
2024-03-06 16:00:00,230.17708333333334,-0.0,338.22817982456127,568.3,100.0,0.10526315789473087
2024-03-06 17:00:00,91.0520833333333,-0.0,101.15317982456143,192.1,100.0,0.10526315789473087
2024-03-06 18:00:00,0.5659722222222,-0.0,125.13929093567252,125.6,100.0,0.10526315789473087
2024-03-06 19:00:00,-0.0,-0.0,214.80526315789473,214.7,100.0,0.10526315789473087
2024-03-06 20:00:00,-0.0,-0.0,241.70526315789473,241.6,100.0,0.10526315789473087
2024-03-06 21:00:00,-0.0,-0.0,274.90526315789475,274.8,100.0,0.10526315789473087
2024-03-06 22:00:00,-0.0,-0.0,920.0052631578947,919.9,100.0,0.10526315789473087
2024-03-06 23:00:00,-0.0,-0.0,320.30526315789473,320.2,100.0,0.10526315789473087
2024-03-07 00:00:00,-0.0,-0.0,740.1052631578947,740.0,100.0,0.10526315789473087
2024-03-07 01:00:00,-0.0,0.6666666666666601,432.63859649122804,433.2,100.0,0.10526315789473087
2024-03-07 02:00:00,-0.0,-0.0,183.40526315789475,183.3,100.0,0.10526315789473087
2024-03-07 03:00:00,-0.0,-0.0,164.00526315789475,163.9,100.0,0.10526315789473087
2024-03-07 04:00:00,-0.0,-0.0,109.90526315789472,109.8,100.0,0.10526315789473087
2024-03-07 05:00:00,-0.0,-0.0,311.80526315789473,311.7,100.0,0.10526315789473087
2024-03-07 06:00:00,0.015603204180176059,-0.0,120.18965995371454,120.1,100.0,0.10526315789473087
2024-03-07 07:00:00,1.7126325338095498,-0.0,90.49263062408517,92.1,100.0,0.10526315789473087
2024-03-07 08:00:00,47.097590267658205,-0.0,26.207672890236523,73.2,100.0,0.10526315789473087
2024-03-07 09:00:00,169.04699590471057,-0.0,-0.0,81.9,182.68964610947504,87.14699590471056
2024-03-07 10:00:00,283.0727259318034,-0.0,-0.0,94.2,361.9360460985788,188.87272593180342
2024-03-07 11:00:00,376.7830997043186,-0.0,-0.0,350.7,386.3530547715829,26.083099704318613
2024-03-07 12:00:00,396.844736735026,-0.0,-0.0,464.2,321.979201615086,-67.35526326497398
2024-03-07 13:00:00,401.6666666666667,-0.0,-0.0,290.2,427.5505557468043,111.4666666666667
2024-03-07 14:00:00,375.03472222222223,0.533333333333328,-0.0,397.2,406.5726579688353,-21.631944444444432
2024-03-07 15:00:00,311.75347222222223,-0.0,81.74652777777777,593.5,216.1660853108665,-200.0
2024-03-07 16:00:00,216.92881944444446,-0.0,-0.0,278.4,157.55229769777787,-61.47118055555552
2024-03-07 17:00:00,76.77430555555554,-0.0,223.61017297067593,360.8,100.0,-60.41552147376853
2024-03-07 18:00:00,0.63541666666665,-0.0,108.06984649122808,108.6,100.0,0.10526315789473087
2024-03-07 19:00:00,-0.0,5.733333333333324,215.5719298245614,221.2,100.0,0.10526315789473087
2024-03-07 20:00:00,-0.0,8.299999999999992,192.10526315789477,200.3,100.0,0.10526315789473087
2024-03-07 21:00:00,-0.0,3.9999999999999956,384.30526315789473,388.2,100.0,0.10526315789473087
2024-03-07 22:00:00,-0.0,1.4666666666666641,635.338596491228,636.7,100.0,0.10526315789473087
2024-03-07 23:00:00,-0.0,5.8666666666666565,278.43859649122805,284.2,100.0,0.10526315789473087
2024-03-08 00:00:00,-0.0,2.46666666666666,895.338596491228,897.7,100.0,0.10526315789473087
2024-03-08 01:00:00,-0.0,-0.0,405.60526315789474,405.5,100.0,0.10526315789473087
2024-03-08 02:00:00,-0.0,-0.0,260.70526315789476,260.6,100.0,0.10526315789473087
2024-03-08 03:00:00,-0.0,-0.0,226.50526315789475,226.4,100.0,0.10526315789473087
2024-03-08 04:00:00,-0.0,-0.0,139.00526315789475,138.9,100.0,0.10526315789473087
2024-03-08 05:00:00,-0.0,-0.0,160.70526315789473,160.6,100.0,0.10526315789473087
2024-03-08 06:00:00,0.06279090885069999,-0.0,128.34247224904405,128.3,100.0,0.10526315789473087
2024-03-08 07:00:00,1.87765194724,-0.0,186.02761121065475,187.8,100.0,0.10526315789473087
2024-03-08 08:00:00,33.2879149282558,0.399999999999996,22.417348229638932,56.0,100.0,0.10526315789473087
2024-03-08 09:00:00,95.7647169391728,2.266666666666656,-0.0,56.4,139.4498144255475,41.63138360583946
2024-03-08 10:00:00,150.45167525609335,1.799999999999988,-0.0,61.8,225.2394561044106,90.45167525609334
2024-03-08 11:00:00,280.00909937752624,-0.0,-0.0,321.5,185.5978610569561,-41.49090062247376
2024-03-08 12:00:00,217.7870998912387,-0.0,207.90525463939377,515.6,100.0,-89.90764546936754
2024-03-08 13:00:00,303.5069444444444,1.933333333333332,89.56498538011698,394.9,100.0,0.10526315789473087
2024-03-08 14:00:00,152.65972222222223,3.66666666666666,433.47887426900587,589.7,100.0,0.10526315789473087
2024-03-08 15:00:00,145.75868055555554,3.06666666666666,388.27991593567253,537.0,100.0,0.10526315789473087
2024-03-08 16:00:00,114.29166666666666,-0.0,516.813596491228,631.0,100.0,0.10526315789473087
2024-03-08 17:00:00,22.76215277777775,0.6666666666666601,181.27644371345033,204.6,100.0,0.10526315789473087
2024-03-08 18:00:00,0.92013888888885,-0.0,184.18512426900588,185.0,100.0,0.10526315789473087
2024-03-08 19:00:00,-0.0,-0.0,189.20526315789473,189.1,100.0,0.10526315789473087
2024-03-08 20:00:00,-0.0,-0.0,141.80526315789473,141.7,100.0,0.10526315789473087
2024-03-08 21:00:00,-0.0,0.866666666666664,186.43859649122805,187.2,100.0,0.10526315789473087
2024-03-08 22:00:00,-0.0,-0.0,812.5052631578947,812.4,100.0,0.10526315789473087
2024-03-08 23:00:00,-0.0,0.6666666666666601,346.63859649122804,347.2,100.0,0.10526315789473087
2024-03-09 00:00:00,-0.0,-0.0,748.7052631578947,748.6,100.0,0.10526315789473087
2024-03-09 01:00:00,-0.0,-0.0,427.70526315789476,427.6,100.0,0.10526315789473087
2024-03-09 02:00:00,-0.0,-0.0,344.0052631578947,343.9,100.0,0.10526315789473087
2024-03-09 03:00:00,-0.0,-0.0,291.20526315789476,291.1,100.0,0.10526315789473087
2024-03-09 04:00:00,-0.0,-0.0,231.70526315789473,231.6,100.0,0.10526315789473087
2024-03-09 05:00:00,-0.0,-0.0,414.60526315789474,414.5,100.0,0.10526315789473087
2024-03-09 06:00:00,0.06671134692925,-0.0,223.9385518109655,223.9,100.0,0.10526315789473087
2024-03-09 07:00:00,4.7618043453743,-0.0,103.94345881252042,108.6,100.0,0.10526315789473087
2024-03-09 08:00:00,38.22183102369305,1.5999999999999959,-0.0,24.0,114.93073947250839,15.821831023693045
2024-03-09 09:00:00,71.4565477106306,-0.0,-0.0,67.3,118.76452905813495,4.156547710630605
2024-03-09 10:00:00,114.30305295520354,-0.0,50.0698264878735,184.0,100.0,-19.627120556922964
2024-03-09 11:00:00,208.2565559281243,-0.0,210.84870722977044,419.0,100.0,0.10526315789473087
2024-03-09 12:00:00,325.50998422834607,2.866666666666656,119.228612262882,447.5,100.0,0.10526315789473087
2024-03-09 13:00:00,364.2013888888889,3.9999999999999956,-0.0,279.6,184.07131944444444,88.60138888888889
2024-03-09 14:00:00,275.63194444444446,-0.0,-0.0,225.4,231.6075953472222,50.23194444444445
2024-03-09 15:00:00,173.5503472222222,-0.0,85.55913935475147,397.4,100.0,-138.2905134230263
2024-03-09 16:00:00,81.38368055555554,14.833333333333332,518.4882492690058,614.6,100.0,0.10526315789473087
2024-03-09 17:00:00,61.79340277777775,10.299999999999997,368.41186038011693,440.4,100.0,0.10526315789473087
2024-03-09 18:00:00,0.99826388888885,10.95,145.7569992690059,157.6,100.0,0.10526315789473087
2024-03-09 19:00:00,-0.0,19.5,105.50526315789473,124.9,100.0,0.10526315789473087
2024-03-09 20:00:00,-0.0,24.29999999999999,17.70526315789474,41.9,100.0,0.10526315789473087
2024-03-09 21:00:00,-0.0,26.7,384.10526315789474,410.7,100.0,0.10526315789473087
2024-03-09 22:00:00,-0.0,30.099999999999994,529.7052631578947,559.7,100.0,0.10526315789473087
2024-03-09 23:00:00,-0.0,37.3,350.90526315789475,388.1,100.0,0.10526315789473087
2024-03-10 00:00:00,-0.0,30.900000000000002,443.60526315789474,474.4,100.0,0.10526315789473087
2024-03-10 01:00:00,-0.0,26.499999999999996,187.10526315789474,213.5,100.0,0.10526315789473087
2024-03-10 02:00:00,-0.0,27.699999999999996,246.70526315789476,274.3,100.0,0.10526315789473087
2024-03-10 03:00:00,-0.0,23.16666666666666,290.43859649122805,313.5,100.0,0.10526315789473087
2024-03-10 04:00:00,-0.0,13.899999999999997,65.10526315789474,78.9,100.0,0.10526315789473087
2024-03-10 05:00:00,-0.0,11.55,133.75526315789472,145.2,100.0,0.10526315789473087
2024-03-10 06:00:00,0.07581282303565,4.533333333333324,160.89611700152577,165.4,100.0,0.10526315789473087
2024-03-10 07:00:00,1.5723859472200001,4.066666666666668,38.966210544008064,44.5,100.0,0.10526315789473087
2024-03-10 08:00:00,17.2521268079678,0.999999999999996,46.35313634992693,64.5,100.0,0.10526315789473087
2024-03-10 09:00:00,73.85138822926416,0.46666666666665596,40.68720826196392,114.9,100.0,0.10526315789473087
2024-03-10 10:00:00,153.96479421191745,-0.0,-0.0,68.1,181.47155450132158,85.86479421191746
2024-03-10 11:00:00,140.6722010506524,-0.0,146.6592905842736,372.9,100.0,-85.56850836507397
2024-03-10 12:00:00,151.3366136021084,-0.0,135.26864955578634,286.5,100.0,0.10526315789473087
2024-03-10 13:00:00,171.19618055555554,-0.0,132.2090826023392,303.3,100.0,0.10526315789473087
2024-03-10 14:00:00,255.74305555555554,-0.0,14.362207602339197,270.0,100.0,0.10526315789473087
2024-03-10 15:00:00,216.01736111111114,5.666666666666664,82.22123538011692,303.8,100.0,0.10526315789473087
2024-03-10 16:00:00,42.4722222222222,4.133333333333328,242.8997076023392,289.4,100.0,0.10526315789473087
2024-03-10 17:00:00,16.875,6.66666666666666,131.76359649122807,155.2,100.0,0.10526315789473087
2024-03-10 18:00:00,1.05555555555555,4.933333333333332,151.51637426900587,157.4,100.0,0.10526315789473087
2024-03-10 19:00:00,-0.0,7.733333333333328,212.4719298245614,220.1,100.0,0.10526315789473087
2024-03-10 20:00:00,-0.0,8.099999999999987,34.20526315789475,42.2,100.0,0.10526315789473087
2024-03-10 21:00:00,-0.0,-0.0,404.90526315789475,404.8,100.0,0.10526315789473087
2024-03-10 22:00:00,-0.0,-0.0,619.5052631578947,619.4,100.0,0.10526315789473087
2024-03-10 23:00:00,-0.0,-0.0,243.70526315789473,243.6,100.0,0.10526315789473087
2024-03-11 00:00:00,-0.0,-0.0,356.70526315789476,356.6,100.0,0.10526315789473087
2024-03-11 01:00:00,-0.0,-0.0,302.70526315789476,302.6,100.0,0.10526315789473087
2024-03-11 02:00:00,-0.0,1.2,269.10526315789474,270.2,100.0,0.10526315789473087
2024-03-11 03:00:00,-0.0,-0.0,191.80526315789473,191.7,100.0,0.10526315789473087
2024-03-11 04:00:00,-0.0,-0.0,110.60526315789473,110.5,100.0,0.10526315789473087
2024-03-11 05:00:00,-0.0,-0.0,81.10526315789473,81.0,100.0,0.10526315789473087
2024-03-11 06:00:00,0.04320571664720774,-0.0,160.36205744124754,160.3,100.0,0.10526315789473087
2024-03-11 07:00:00,2.7322445923669,-0.0,188.17301856552785,190.8,100.0,0.10526315789473087
2024-03-11 08:00:00,34.09765428966945,2.5333333333333323,105.77427553489197,142.3,100.0,0.10526315789473087
2024-03-11 09:00:00,111.9107578860389,0.133333333333332,-0.0,67.1,142.59688665840363,44.94409121937223
2024-03-11 10:00:00,261.27970178922016,11.59999999999999,-0.0,239.5,174.16500647150437,33.37970178922015
2024-03-11 11:00:00,377.378830909729,16.333333333333318,-0.0,424.9,144.3623974959421,-31.187835756937655
2024-03-11 12:00:00,172.8326413896349,18.333333333333336,186.18872517340424,423.9,100.0,-46.54530010362755
2024-03-11 13:00:00,200.22916666666666,13.8,75.97609649122805,289.9,100.0,0.10526315789473087
2024-03-11 14:00:00,389.85590277777777,10.799999999999999,-0.0,352.0,146.12310763888888,48.65590277777777
2024-03-11 15:00:00,133.8003472222222,19.249999999999993,260.95282695540936,462.4,100.0,-48.39682582236842
2024-03-11 16:00:00,112.9097222222222,13.749999999999996,354.54554093567253,481.1,100.0,0.10526315789473087
2024-03-11 17:00:00,33.1111111111111,2.866666666666656,215.32748538011697,251.2,100.0,0.10526315789473087
2024-03-11 18:00:00,1.2378472222222001,-0.0,180.86741593567254,182.0,100.0,0.10526315789473087
2024-03-11 19:00:00,-0.0,3.799999999999992,173.60526315789477,177.3,100.0,0.10526315789473087
2024-03-11 20:00:00,-0.0,6.0,198.90526315789475,204.8,100.0,0.10526315789473087
2024-03-11 21:00:00,-0.0,6.06666666666666,393.23859649122807,399.2,100.0,0.10526315789473087
2024-03-11 22:00:00,-0.0,9.199999999999992,528.0052631578947,537.1,100.0,0.10526315789473087
2024-03-11 23:00:00,-0.0,9.0,302.30526315789473,311.2,100.0,0.10526315789473087
2024-03-12 00:00:00,-0.0,12.649999999999991,654.9552631578947,667.5,100.0,0.10526315789473087
2024-03-12 01:00:00,-0.0,13.549999999999992,352.65526315789475,366.1,100.0,0.10526315789473087
2024-03-12 02:00:00,-0.0,9.649999999999991,170.05526315789473,179.6,100.0,0.10526315789473087
2024-03-12 03:00:00,-0.0,2.266666666666656,176.3385964912281,178.5,100.0,0.10526315789473087
2024-03-12 04:00:00,-0.0,8.549999999999999,42.25526315789474,50.7,100.0,0.10526315789473087
2024-03-12 05:00:00,-0.0,7.199999999999999,163.70526315789476,170.8,100.0,0.10526315789473087
2024-03-12 06:00:00,0.09133718907829999,11.299999999999994,95.41392596881643,106.7,100.0,0.10526315789473087
2024-03-12 07:00:00,6.5919005187849,7.1333333333333275,33.080029305776506,46.7,100.0,0.10526315789473087
2024-03-12 08:00:00,67.1902362174458,6.8666666666666645,-0.0,17.1,154.00905773990684,56.956902884112466
2024-03-12 09:00:00,203.9033269882202,9.399999999999995,-0.0,230.7,137.32820932097613,-17.396673011779807
2024-03-12 10:00:00,307.15,17.24999999999999,-0.0,124.4,327.19088111165513,200.0
2024-03-12 11:00:00,358.94234153959485,15.0,-0.0,470.7,234.94391469315858,-96.75765846040514
2024-03-12 12:00:00,408.12203857633807,12.199999999999992,-0.0,538.8,122.15490742598662,-118.4779614236619
2024-03-12 13:00:00,380.97222222222223,11.59999999999999,-0.0,273.1,235.53136362967172,119.4722222222222
2024-03-12 14:00:00,392.3611111111111,12.499999999999993,-0.0,374.8,263.8538878215976,30.061111111111067
2024-03-12 15:00:00,332.8298611111111,13.099999999999993,-0.0,460.9,154.36840198933155,-114.9701388888889
2024-03-12 16:00:00,226.8784722222222,11.499999999999996,-0.0,272.1,122.17858219845328,-33.72152777777782
2024-03-12 17:00:00,103.34027777777776,11.199999999999996,304.0424552577435,441.8,100.0,-23.217266964478764
2024-03-12 18:00:00,1.1232638888888502,11.149999999999993,131.93199926900587,144.1,100.0,0.10526315789473087
2024-03-12 19:00:00,-0.0,14.583333333333336,158.0219298245614,172.5,100.0,0.10526315789473087
2024-03-12 20:00:00,-0.0,12.549999999999997,93.95526315789473,106.4,100.0,0.10526315789473087
2024-03-12 21:00:00,-0.0,10.35,419.35526315789474,429.6,100.0,0.10526315789473087
2024-03-12 22:00:00,-0.0,8.049999999999995,494.35526315789474,502.3,100.0,0.10526315789473087
2024-03-12 23:00:00,-0.0,11.449999999999992,174.15526315789475,185.5,100.0,0.10526315789473087
2024-03-13 00:00:00,-0.0,6.8666666666666645,760.138596491228,766.9,100.0,0.10526315789473087
2024-03-13 01:00:00,-0.0,7.599999999999996,537.9052631578946,545.4,100.0,0.10526315789473087
2024-03-13 02:00:00,-0.0,8.25,100.75526315789473,108.9,100.0,0.10526315789473087
2024-03-13 03:00:00,-0.0,7.333333333333332,190.6719298245614,197.9,100.0,0.10526315789473087
2024-03-13 04:00:00,-0.0,8.7,134.10526315789474,142.7,100.0,0.10526315789473087
2024-03-13 05:00:00,-0.0,6.333333333333324,217.87192982456142,224.1,100.0,0.10526315789473087
2024-03-13 06:00:00,0.06644609565325,3.1999999999999917,155.0388170622415,158.2,100.0,0.10526315789473087
2024-03-13 07:00:00,7.87521854793235,3.5999999999999877,45.930044609962394,57.3,100.0,0.10526315789473087
2024-03-13 08:00:00,84.3572703997294,5.333333333333328,-0.0,43.8,143.4960735464096,45.89060373306273
2024-03-13 09:00:00,201.9055530760023,6.999999999999996,-0.0,60.7,284.1478528950654,148.20555307600227
2024-03-13 10:00:00,298.19753011067706,5.599999999999992,-0.0,113.8,464.3613586473135,189.99753011067705
2024-03-13 11:00:00,398.23649408210576,3.06666666666666,-0.0,363.3,500.0,38.003160748772395
2024-03-13 12:00:00,309.8367211023966,-0.0,-0.0,351.4,460.0148850472768,-41.56327889760337
2024-03-13 13:00:00,259.9738208818637,-0.0,-0.0,217.4,500.0,42.57382088186367
2024-03-13 14:00:00,227.82291666666666,0.5999999999999881,9.777083333333337,438.2,309.5,-200.0
2024-03-13 15:00:00,326.5798611111111,0.5999999999999881,-0.0,365.6,272.6913680555555,-38.42013888888895
2024-03-13 16:00:00,233.74826388888886,-0.0,-0.0,331.8,179.2695273819443,-98.05173611111115
2024-03-13 17:00:00,99.3819444444444,0.46666666666665596,137.79848588408643,320.9,100.0,-83.25290300480249
2024-03-13 18:00:00,1.421875,-0.0,91.38338815789473,92.7,100.0,0.10526315789473087
2024-03-13 19:00:00,-0.0,-0.0,191.30526315789473,191.2,100.0,0.10526315789473087
2024-03-13 20:00:00,-0.0,-0.0,328.30526315789473,328.2,100.0,0.10526315789473087
2024-03-13 21:00:00,-0.0,-0.0,387.5052631578947,387.4,100.0,0.10526315789473087
2024-03-13 22:00:00,-0.0,-0.0,606.8052631578947,606.7,100.0,0.10526315789473087
2024-03-13 23:00:00,-0.0,-0.0,363.10526315789474,363.0,100.0,0.10526315789473087
2024-03-14 00:00:00,-0.0,-0.0,677.3052631578947,677.2,100.0,0.10526315789473087
2024-03-14 01:00:00,-0.0,-0.0,361.90526315789475,361.8,100.0,0.10526315789473087
2024-03-14 02:00:00,-0.0,-0.0,201.70526315789473,201.6,100.0,0.10526315789473087
2024-03-14 03:00:00,-0.0,-0.0,130.90526315789475,130.8,100.0,0.10526315789473087
2024-03-14 04:00:00,-0.0,-0.0,92.00526315789473,91.9,100.0,0.10526315789473087
2024-03-14 05:00:00,-0.0,-0.0,217.10526315789474,217.0,100.0,0.10526315789473087
2024-03-14 06:00:00,0.02070217742584646,-0.0,207.5845609804689,207.5,100.0,0.10526315789473087
2024-03-14 07:00:00,2.72449748926895,-0.0,73.78076566862578,76.4,100.0,0.10526315789473087
2024-03-14 08:00:00,54.0763801998562,0.266666666666664,5.062216291371861,59.3,100.0,0.10526315789473087
2024-03-14 09:00:00,179.61248477300003,5.799999999999995,-0.0,38.7,239.27686053435,146.712484773
2024-03-14 10:00:00,315.5333333333333,6.66666666666666,-0.0,122.2,429.0375836738157,200.0
2024-03-14 11:00:00,406.6741583082411,7.466666666666664,-0.0,380.1,460.9473298163042,34.04082497490773
2024-03-14 12:00:00,421.8876965840658,10.749999999999996,-0.0,448.0,445.8921942413504,-15.36230341593421
2024-03-14 13:00:00,417.4826388888889,9.9,-0.0,458.4,415.9798089915535,-31.017361111111065
2024-03-14 14:00:00,363.25520833333337,3.5333333333333283,-0.0,328.5,451.93794376589534,38.2885416666667
2024-03-14 15:00:00,327.37847222222223,0.533333333333328,-0.0,481.5,305.57722109990726,-153.58819444444444
2024-03-14 16:00:00,229.86458333333334,-0.0,-0.0,392.0,151.24299804547405,-162.13541666666666
2024-03-14 17:00:00,92.08680555555556,10.399999999999991,172.53239965767756,328.8,100.0,-53.78079478676694
2024-03-14 18:00:00,2.2048611111111,8.949999999999996,143.95040204678367,155.0,100.0,0.10526315789473087
2024-03-14 19:00:00,-0.0,5.733333333333324,130.87192982456142,136.5,100.0,0.10526315789473087
2024-03-14 20:00:00,-0.0,6.199999999999991,114.90526315789474,121.0,100.0,0.10526315789473087
2024-03-14 21:00:00,-0.0,2.9333333333333282,207.6719298245614,210.5,100.0,0.10526315789473087
2024-03-14 22:00:00,-0.0,2.733333333333324,867.2719298245613,869.9,100.0,0.10526315789473087
2024-03-14 23:00:00,-0.0,3.399999999999996,152.30526315789473,155.6,100.0,0.10526315789473087
2024-03-15 00:00:00,-0.0,-0.0,871.0052631578947,870.9,100.0,0.10526315789473087
2024-03-15 01:00:00,-0.0,-0.0,290.80526315789473,290.7,100.0,0.10526315789473087
2024-03-15 02:00:00,-0.0,-0.0,216.60526315789474,216.5,100.0,0.10526315789473087
2024-03-15 03:00:00,-0.0,-0.0,173.70526315789473,173.6,100.0,0.10526315789473087
2024-03-15 04:00:00,-0.0,-0.0,235.60526315789474,235.5,100.0,0.10526315789473087
2024-03-15 05:00:00,-0.0,-0.0,324.70526315789476,324.6,100.0,0.10526315789473087
2024-03-15 06:00:00,0.06304150576595001,-0.0,181.8422216521288,181.8,100.0,0.10526315789473087
2024-03-15 07:00:00,9.667307197944151,-0.0,27.83795595995058,37.4,100.0,0.10526315789473087
2024-03-15 08:00:00,72.0152613851759,-0.0,58.790001772718824,130.7,100.0,0.10526315789473087
2024-03-15 09:00:00,244.24966785642835,-0.0,-0.0,181.2,159.79718446360692,63.04966785642836
2024-03-15 10:00:00,281.3,-0.0,-0.0,81.3,349.63738727914335,200.0
2024-03-15 11:00:00,404.74358134799536,1.066666666666656,-0.0,324.5,426.53248550579315,81.31024801466202
2024-03-15 12:00:00,329.9832073470659,-0.0,-0.0,252.2,500.0,77.78320734706594
2024-03-15 13:00:00,375.5263157894737,-0.0,-0.0,375.0,500.0,0.5263157894736842
2024-03-15 14:00:00,376.5104166666667,-0.0,-0.0,535.6,348.3648958333333,-159.08958333333334
2024-03-15 15:00:00,317.23958333333337,-0.0,97.26041666666663,614.5,158.01653093749997,-200.0
2024-03-15 16:00:00,224.50694444444443,3.06666666666666,-0.0,267.6,119.833444962118,-40.02638888888893
2024-03-15 17:00:00,89.80902777777774,3.133333333333332,29.806468870830102,143.5,100.0,-20.751170018058826
2024-03-15 18:00:00,2.74652777777775,0.933333333333324,234.62540204678365,238.2,100.0,0.10526315789473087
2024-03-15 19:00:00,-0.0,-0.0,109.80526315789473,109.7,100.0,0.10526315789473087
2024-03-15 20:00:00,-0.0,-0.0,251.30526315789473,251.2,100.0,0.10526315789473087
2024-03-15 21:00:00,-0.0,-0.0,301.5052631578947,301.4,100.0,0.10526315789473087
2024-03-15 22:00:00,-0.0,-0.0,605.1052631578947,605.0,100.0,0.10526315789473087
2024-03-15 23:00:00,-0.0,-0.0,347.10526315789474,347.0,100.0,0.10526315789473087
2024-03-16 00:00:00,-0.0,-0.0,453.70526315789476,453.6,100.0,0.10526315789473087
2024-03-16 01:00:00,-0.0,-0.0,362.80526315789473,362.7,100.0,0.10526315789473087
2024-03-16 02:00:00,-0.0,-0.0,200.80526315789473,200.7,100.0,0.10526315789473087
2024-03-16 03:00:00,-0.0,-0.0,179.10526315789474,179.0,100.0,0.10526315789473087
2024-03-16 04:00:00,-0.0,-0.0,141.20526315789473,141.1,100.0,0.10526315789473087
2024-03-16 05:00:00,-0.0,-0.0,201.40526315789475,201.3,100.0,0.10526315789473087
2024-03-16 06:00:00,0.1111111313932,-0.0,132.59415202650155,132.6,100.0,0.10526315789473087
2024-03-16 07:00:00,11.49292599823735,-0.0,73.21233715965737,84.6,100.0,0.10526315789473087
2024-03-16 08:00:00,80.74037604861785,-0.0,-0.0,71.1,109.05835724618697,9.640376048617853
2024-03-16 09:00:00,200.83517365985446,6.266666666666664,-0.0,149.4,163.76604719913587,57.70184032652112
2024-03-16 10:00:00,301.3,-0.0,-0.0,101.3,353.6022811519367,200.0
2024-03-16 11:00:00,408.21858829922144,5.533333333333332,-0.0,261.9,497.5080044217118,151.8519216325548
2024-03-16 12:00:00,234.6468458765368,2.799999999999996,-0.0,234.3,500.0,3.146845876536753
2024-03-16 13:00:00,245.484375,1.5333333333333241,-0.0,315.1,434.82182291666663,-68.0822916666667
2024-03-16 14:00:00,259.56631463815796,2.4,-0.0,192.9,500.0,69.06631463815792
2024-03-16 15:00:00,262.4479166666667,3.5333333333333283,-0.0,270.2,495.4921875,-4.218749999999975
2024-03-16 16:00:00,220.14930555555557,4.733333333333328,-0.0,227.8,492.22520225694444,-2.917361111111112
2024-03-16 17:00:00,88.28993055555554,4.333333333333332,60.5767361111111,353.2,301.7329770546875,-200.0
2024-03-16 18:00:00,3.54166666666665,7.333333333333332,-0.0,192.3,129.07749407763282,-181.425
2024-03-16 19:00:00,-0.0,4.733333333333328,87.09464921029276,122.3,100.0,-30.472017456373898
2024-03-16 20:00:00,-0.0,4.3999999999999915,111.10526315789474,115.4,100.0,0.10526315789473087
2024-03-16 21:00:00,-0.0,4.599999999999996,348.0052631578947,352.5,100.0,0.10526315789473087
2024-03-16 22:00:00,-0.0,3.5999999999999996,525.5052631578947,529.0,100.0,0.10526315789473087
2024-03-16 23:00:00,-0.0,6.0,185.50526315789475,191.4,100.0,0.10526315789473087
2024-03-17 00:00:00,-0.0,6.266666666666664,510.138596491228,516.3,100.0,0.10526315789473087
2024-03-17 01:00:00,-0.0,9.349999999999993,320.45526315789476,329.7,100.0,0.10526315789473087
2024-03-17 02:00:00,-0.0,8.049999999999995,152.35526315789477,160.3,100.0,0.10526315789473087
2024-03-17 03:00:00,-0.0,10.399999999999991,76.40526315789474,86.7,100.0,0.10526315789473087
2024-03-17 04:00:00,-0.0,8.949999999999996,149.85526315789474,158.7,100.0,0.10526315789473087
2024-03-17 05:00:00,-0.0,8.199999999999996,256.90526315789475,265.0,100.0,0.10526315789473087
2024-03-17 06:00:00,0.2238234463665,4.333333333333332,130.24810637819488,134.7,100.0,0.10526315789473087
2024-03-17 07:00:00,10.69898788299825,7.033333333333332,56.27294194156315,73.9,100.0,0.10526315789473087
2024-03-17 08:00:00,72.14039454857505,5.933333333333328,-0.0,20.2,154.88004148781295,57.87372788190837
2024-03-17 09:00:00,218.94720395406083,6.533333333333328,-0.0,81.1,291.8866718693496,144.38053728739416
2024-03-17 10:00:00,355.2676142586602,4.26666666666666,-0.0,212.6,431.1823520765407,146.93428092532687
2024-03-17 11:00:00,182.5935055531956,-0.0,-0.0,109.7,500.0,72.89350555319558
2024-03-17 12:00:00,196.7263157894737,8.899999999999991,-0.0,205.1,500.0,0.5263157894736842
2024-03-17 13:00:00,416.1979166666667,8.049999999999995,-0.0,449.5,475.5105208333334,-25.252083333333317
2024-03-17 14:00:00,311.3289365131578,8.149999999999991,-0.0,293.2,500.0,26.278936513157845
2024-03-17 15:00:00,332.1875,7.333333333333332,2.0791666666667084,541.6,309.5,-200.0
2024-03-17 16:00:00,227.33680555555554,7.333333333333332,70.42986111111117,505.1,119.19049999999999,-200.0
2024-03-17 17:00:00,50.2673611111111,4.26666666666666,304.19090959064334,378.8,100.0,-20.07506263157893
2024-03-17 18:00:00,1.8611111111111,-0.0,279.24415204678365,281.0,100.0,0.10526315789473087
2024-03-17 19:00:00,-0.0,-0.0,132.10526315789474,132.0,100.0,0.10526315789473087
2024-03-17 20:00:00,-0.0,-0.0,381.30526315789473,381.2,100.0,0.10526315789473087
2024-03-17 21:00:00,-0.0,-0.0,493.70526315789476,493.6,100.0,0.10526315789473087
2024-03-17 22:00:00,-0.0,-0.0,696.7052631578947,696.6,100.0,0.10526315789473087
2024-03-17 23:00:00,-0.0,-0.0,359.20526315789476,359.1,100.0,0.10526315789473087
2024-03-18 00:00:00,-0.0,-0.0,376.70526315789476,376.6,100.0,0.10526315789473087
2024-03-18 01:00:00,-0.0,-0.0,270.10526315789474,270.0,100.0,0.10526315789473087
2024-03-18 02:00:00,-0.0,-0.0,58.60526315789473,58.5,100.0,0.10526315789473087
2024-03-18 03:00:00,-0.0,-0.0,226.00526315789475,225.9,100.0,0.10526315789473087
2024-03-18 04:00:00,-0.0,-0.0,95.80526315789473,95.7,100.0,0.10526315789473087
2024-03-18 05:00:00,-0.0,-0.0,186.90526315789475,186.8,100.0,0.10526315789473087
2024-03-18 06:00:00,0.05660836326165,-0.0,139.64865479463307,139.6,100.0,0.10526315789473087
2024-03-18 07:00:00,12.939333784290449,-0.0,96.96592937360427,109.8,100.0,0.10526315789473087
2024-03-18 08:00:00,94.9009651607937,-0.0,34.70429799710104,129.5,100.0,0.10526315789473087
2024-03-18 09:00:00,267.0,-0.0,-0.0,67.0,289.9,200.0
2024-03-18 10:00:00,304.6,-0.0,-0.0,104.6,479.6101,200.0
2024-03-18 11:00:00,417.85515573289655,-0.0,-0.0,409.0,487.5428878462517,8.855155732896549
2024-03-18 12:00:00,240.4259526753627,-0.0,-0.0,226.8,500.0,13.625952675362694
2024-03-18 13:00:00,394.2263157894737,-0.0,-0.0,393.7,500.0,0.5263157894736842
2024-03-18 14:00:00,357.6263157894737,-0.0,-0.0,357.1,500.0,0.5263157894736842
2024-03-18 15:00:00,317.1354166666667,-0.0,-0.0,422.9,399.0236458333334,-105.76458333333329
2024-03-18 16:00:00,228.59548611111111,1.2,109.90451388888894,539.7,208.62462218750005,-200.0
2024-03-18 17:00:00,98.55729166666664,2.9333333333333282,108.48727229967103,324.1,100.0,-114.12210270032901
2024-03-18 18:00:00,3.7864583333333,5.933333333333328,83.6854714912281,93.3,100.0,0.10526315789473087
2024-03-18 19:00:00,-0.0,5.733333333333324,147.27192982456143,152.9,100.0,0.10526315789473087
2024-03-18 20:00:00,-0.0,4.466666666666664,129.83859649122806,134.2,100.0,0.10526315789473087
2024-03-18 21:00:00,-0.0,0.999999999999996,377.0052631578947,377.9,100.0,0.10526315789473087
2024-03-18 22:00:00,-0.0,-0.0,694.1052631578947,694.0,100.0,0.10526315789473087
2024-03-18 23:00:00,-0.0,-0.0,275.40526315789475,275.3,100.0,0.10526315789473087
2024-03-19 00:00:00,-0.0,-0.0,683.8052631578947,683.7,100.0,0.10526315789473087
2024-03-19 01:00:00,-0.0,-0.0,301.60526315789474,301.5,100.0,0.10526315789473087
2024-03-19 02:00:00,-0.0,-0.0,172.40526315789475,172.3,100.0,0.10526315789473087
2024-03-19 03:00:00,-0.0,0.06666666666666,169.03859649122808,169.0,100.0,0.10526315789473087
2024-03-19 04:00:00,-0.0,0.933333333333324,110.07192982456141,110.9,100.0,0.10526315789473087
2024-03-19 05:00:00,-0.0,-0.0,212.40526315789475,212.3,100.0,0.10526315789473087
2024-03-19 06:00:00,0.17877885062865,-0.0,135.9264843072661,136.0,100.0,0.10526315789473087
2024-03-19 07:00:00,12.781294191049199,2.4,28.723968966845533,43.8,100.0,0.10526315789473087
2024-03-19 08:00:00,61.805035405688805,3.733333333333332,-0.0,53.2,111.62145030207104,12.338368739022135
2024-03-19 09:00:00,184.3620400958591,3.399999999999996,-0.0,13.5,277.0587669428351,174.2620400958591
2024-03-19 10:00:00,295.52571508619525,4.599999999999996,-0.0,103.7,463.3861375077778,196.42571508619525
2024-03-19 11:00:00,411.01691404978436,3.399999999999996,35.48308595021564,649.9,272.92275137027,-200.0
2024-03-19 12:00:00,408.4660016165839,3.9999999999999956,-0.0,510.2,179.80253015465448,-97.73399838341606
2024-03-19 13:00:00,362.77777777777777,5.733333333333324,-0.0,310.0,235.20828318005536,58.51111111111109
2024-03-19 14:00:00,260.8177083333333,8.949999999999996,140.55537072258738,552.4,100.0,-142.0769209440793
2024-03-19 15:00:00,218.62326388888889,6.6,-0.0,213.2,111.32210069444446,12.023263888888897
2024-03-19 16:00:00,137.23263888888889,6.533333333333328,342.13320820540935,497.7,100.0,-11.800819572368429
2024-03-19 17:00:00,58.7048611111111,3.66666666666666,109.33373538011698,171.6,100.0,0.10526315789473087
2024-03-19 18:00:00,1.4079861111111,3.133333333333332,325.36394371345034,329.8,100.0,0.10526315789473087
2024-03-19 19:00:00,-0.0,0.7333333333333321,229.5719298245614,230.2,100.0,0.10526315789473087
2024-03-19 20:00:00,-0.0,0.533333333333328,106.5719298245614,107.0,100.0,0.10526315789473087
2024-03-19 21:00:00,-0.0,-0.0,494.10526315789474,494.0,100.0,0.10526315789473087
2024-03-19 22:00:00,-0.0,-0.0,489.10526315789474,489.0,100.0,0.10526315789473087
2024-03-19 23:00:00,-0.0,-0.0,308.60526315789474,308.5,100.0,0.10526315789473087
2024-03-20 00:00:00,-0.0,-0.0,818.4052631578946,818.3,100.0,0.10526315789473087
2024-03-20 01:00:00,-0.0,-0.0,254.80526315789473,254.7,100.0,0.10526315789473087
2024-03-20 02:00:00,-0.0,-0.0,105.50526315789473,105.4,100.0,0.10526315789473087
2024-03-20 03:00:00,-0.0,-0.0,81.20526315789472,81.1,100.0,0.10526315789473087
2024-03-20 04:00:00,-0.0,-0.0,110.80526315789473,110.7,100.0,0.10526315789473087
2024-03-20 05:00:00,-0.0,-0.0,193.40526315789475,193.3,100.0,0.10526315789473087
2024-03-20 06:00:00,0.11292187419405,-0.0,180.2923412837007,180.3,100.0,0.10526315789473087
2024-03-20 07:00:00,11.1493395755274,-0.0,92.45592358236732,103.5,100.0,0.10526315789473087
2024-03-20 08:00:00,75.14012800322635,-0.0,102.16513515466838,177.2,100.0,0.10526315789473087
2024-03-20 09:00:00,239.6801201502482,-0.0,-0.0,102.2,230.50611414273578,137.48012015024818
2024-03-20 10:00:00,314.5,-0.0,-0.0,114.5,420.27560802859307,200.0
2024-03-20 11:00:00,359.8294746450199,0.333333333333324,-0.0,275.8,500.0,84.36280797835319
2024-03-20 12:00:00,279.92631578947373,3.399999999999996,-0.0,282.8,500.0,0.5263157894736842
2024-03-20 13:00:00,245.89298245614034,5.733333333333324,-0.0,251.1,500.0,0.5263157894736842
2024-03-20 14:00:00,343.92631578947373,4.3999999999999915,-0.0,347.8,500.0,0.5263157894736842
2024-03-20 15:00:00,322.7263157894737,4.999999999999992,-0.0,327.2,500.0,0.5263157894736842
2024-03-20 16:00:00,188.79298245614035,0.533333333333328,-0.0,188.8,500.0,0.5263157894736842
2024-03-20 17:00:00,92.14756944444446,10.999999999999993,73.75243055555552,376.9,309.5,-200.0
2024-03-20 18:00:00,1.88715277777775,7.933333333333333,-0.0,103.7,220.00496180555552,-93.87951388888892
2024-03-20 19:00:00,-0.0,7.666666666666656,-0.0,104.5,127.79329017708329,-96.83333333333334
2024-03-20 20:00:00,-0.0,7.3999999999999915,184.27842432957243,220.8,100.0,-29.121575670427593
2024-03-20 21:00:00,-0.0,5.133333333333324,394.3719298245614,399.4,100.0,0.10526315789473087
2024-03-20 22:00:00,-0.0,6.199999999999991,468.40526315789475,474.5,100.0,0.10526315789473087
2024-03-20 23:00:00,-0.0,5.933333333333328,250.1719298245614,256.0,100.0,0.10526315789473087
2024-03-21 00:00:00,-0.0,2.1999999999999957,620.9052631578946,623.0,100.0,0.10526315789473087
2024-03-21 01:00:00,-0.0,7.933333333333319,387.5719298245614,395.4,100.0,0.10526315789473087
2024-03-21 02:00:00,-0.0,8.149999999999991,356.85526315789474,364.9,100.0,0.10526315789473087
2024-03-21 03:00:00,-0.0,6.8666666666666645,261.13859649122804,267.9,100.0,0.10526315789473087
2024-03-21 04:00:00,-0.0,8.899999999999991,91.40526315789474,100.2,100.0,0.10526315789473087
2024-03-21 05:00:00,-0.0,6.999999999999996,241.10526315789474,248.0,100.0,0.10526315789473087
2024-03-21 06:00:00,0.5635281362467,5.066666666666665,123.67506835498136,129.2,100.0,0.10526315789473087
2024-03-21 07:00:00,19.32324682258895,9.45,63.832016335305774,92.5,100.0,0.10526315789473087
2024-03-21 08:00:00,89.08706532584296,16.166666666666664,-0.0,34.7,166.92604539288413,70.55373199250963
2024-03-21 09:00:00,200.26666666666665,21.83333333333333,-0.0,22.1,356.75911934749126,200.0
2024-03-21 10:00:00,271.6554102861645,24.9,-0.0,145.4,500.0,151.15541028616445
2024-03-21 11:00:00,281.1263157894737,24.0,-0.0,304.6,500.0,0.5263157894736842
2024-03-21 12:00:00,391.0249376296997,20.916666666666657,-0.0,436.1,476.54952408154804,-24.15839570363366
2024-03-21 13:00:00,362.28634257108797,19.999999999999993,-0.0,357.1,500.0,25.18634257108793
2024-03-21 14:00:00,349.45964912280704,19.166666666666664,-0.0,368.1,500.0,0.5263157894736842
2024-03-21 15:00:00,300.6770833333333,17.24999999999999,-0.0,342.3,476.3457291666666,-24.372916666666708
2024-03-21 16:00:00,233.54861111111111,19.666666666666657,-0.0,428.3,309.5388973263888,-175.08472222222224
2024-03-21 17:00:00,82.2256944444444,15.66666666666666,-0.0,178.1,233.03210148461793,-80.20763888888894
2024-03-21 18:00:00,6.26215277777775,12.049999999999992,-0.0,123.7,132.68061452202218,-105.38784722222225
2024-03-21 19:00:00,-0.0,9.799999999999992,184.03901693947353,228.1,100.0,-34.26098306052648
2024-03-21 20:00:00,-0.0,9.75,171.65526315789475,181.3,100.0,0.10526315789473087
2024-03-21 21:00:00,-0.0,6.933333333333324,442.9719298245614,449.8,100.0,0.10526315789473087
2024-03-21 22:00:00,-0.0,8.299999999999992,550.5052631578948,558.7,100.0,0.10526315789473087
2024-03-21 23:00:00,-0.0,-0.0,239.80526315789473,239.7,100.0,0.10526315789473087
2024-03-22 00:00:00,-0.0,-0.0,512.6052631578947,512.5,100.0,0.10526315789473087
2024-03-22 01:00:00,-0.0,-0.0,310.20526315789476,310.1,100.0,0.10526315789473087
2024-03-22 02:00:00,-0.0,-0.0,324.10526315789474,324.0,100.0,0.10526315789473087
2024-03-22 03:00:00,-0.0,-0.0,187.60526315789474,187.5,100.0,0.10526315789473087
2024-03-22 04:00:00,-0.0,-0.0,133.50526315789475,133.4,100.0,0.10526315789473087
2024-03-22 05:00:00,-0.0,-0.0,247.40526315789475,247.3,100.0,0.10526315789473087
2024-03-22 06:00:00,0.13928693822684998,-0.0,79.06597621966787,79.1,100.0,0.10526315789473087
2024-03-22 07:00:00,3.2519954468847496,-0.0,79.15326771100997,82.3,100.0,0.10526315789473087
2024-03-22 08:00:00,30.4691297478146,-0.0,57.33613341008013,87.7,100.0,0.10526315789473087
2024-03-22 09:00:00,172.96166525946725,-0.0,-0.0,116.8,153.2535819964939,56.161665259467256
2024-03-22 10:00:00,196.346697807312,0.799999999999992,-0.0,120.4,226.0096913314438,76.746697807312
2024-03-22 11:00:00,280.8145552211338,-0.0,-0.0,358.6,151.88750910018945,-77.78544477886624
2024-03-22 12:00:00,203.82866790559555,1.799999999999988,142.21278305115263,402.3,100.0,-54.45854904325185
2024-03-22 13:00:00,408.55902777777777,5.8666666666666565,-0.0,273.0,234.2544097222222,141.42569444444442
2024-03-22 14:00:00,363.7,-0.0,-0.0,163.7,424.0201553125,200.0
2024-03-22 15:00:00,327.2569444444444,6.399999999999996,-0.0,359.8,398.7602323794096,-26.143055555555616
2024-03-22 16:00:00,102.77430555555556,4.933333333333332,-0.0,283.9,230.9787290914747,-176.1923611111111
2024-03-22 17:00:00,19.9739583333333,4.3999999999999915,0.09683075889489601,162.1,100.0,-137.6292109077718
2024-03-22 18:00:00,1.5173840638663998,5.199999999999996,177.88787909402836,184.5,100.0,0.10526315789473087
2024-03-22 19:00:00,-0.0,3.399999999999996,309.60526315789474,312.9,100.0,0.10526315789473087
2024-03-22 20:00:00,-0.0,-0.0,177.20526315789473,177.1,100.0,0.10526315789473087
2024-03-22 21:00:00,-0.0,-0.0,192.70526315789473,192.6,100.0,0.10526315789473087
2024-03-22 22:00:00,-0.0,-0.0,699.7052631578947,699.6,100.0,0.10526315789473087
2024-03-22 23:00:00,-0.0,-0.0,257.60526315789474,257.5,100.0,0.10526315789473087
2024-03-23 00:00:00,-0.0,-0.0,707.6052631578947,707.5,100.0,0.10526315789473087
2024-03-23 01:00:00,-0.0,-0.0,374.70526315789476,374.6,100.0,0.10526315789473087
2024-03-23 02:00:00,-0.0,-0.0,259.90526315789475,259.8,100.0,0.10526315789473087
2024-03-23 03:00:00,-0.0,-0.0,124.70526315789472,124.6,100.0,0.10526315789473087
2024-03-23 04:00:00,-0.0,-0.0,82.90526315789472,82.8,100.0,0.10526315789473087
2024-03-23 05:00:00,-0.0,-0.0,313.30526315789473,313.2,100.0,0.10526315789473087
2024-03-23 06:00:00,0.26121269109555,-0.0,174.2440504667992,174.4,100.0,0.10526315789473087
2024-03-23 07:00:00,13.492803780568948,-0.0,213.0124593773258,226.4,100.0,0.10526315789473087
2024-03-23 08:00:00,80.80760174327425,-0.0,11.597661414620475,92.3,100.0,0.10526315789473087
2024-03-23 09:00:00,223.64664395650223,-0.0,-0.0,129.1,189.71931175867712,94.54664395650224
2024-03-23 10:00:00,338.9791033003066,-0.0,-0.0,248.3,275.67474058220967,90.67910330030656
2024-03-23 11:00:00,399.27812629275854,-0.0,-0.0,299.3,370.37828581974804,99.97812629275853
2024-03-23 12:00:00,337.6671148765667,0.6666666666666601,-0.0,201.5,500.0,136.83378154323339
2024-03-23 13:00:00,394.0451388888889,1.86666666666666,-0.0,453.1,445.1712152777778,-57.18819444444445
2024-03-23 14:00:00,374.3923611111111,-0.0,-0.0,326.2,490.5087871180556,48.1923611111111
2024-03-23 15:00:00,299.3229166666667,-0.0,-0.0,427.4,368.3450491642709,-128.0770833333333
2024-03-23 16:00:00,224.49305555555554,-0.0,66.00694444444446,490.5,177.97670411510666,-200.0
2024-03-23 17:00:00,100.49479166666666,1.6666666666666559,83.84514439193873,267.9,100.0,-81.89339727472795
2024-03-23 18:00:00,6.1597222222222,-0.0,29.24554093567253,35.3,100.0,0.10526315789473087
2024-03-23 19:00:00,-0.0,-0.0,132.60526315789474,132.5,100.0,0.10526315789473087
2024-03-23 20:00:00,-0.0,-0.0,102.80526315789473,102.7,100.0,0.10526315789473087
2024-03-23 21:00:00,-0.0,-0.0,282.10526315789474,282.0,100.0,0.10526315789473087
2024-03-23 22:00:00,-0.0,-0.0,523.9052631578946,523.8,100.0,0.10526315789473087
2024-03-23 23:00:00,-0.0,-0.0,264.60526315789474,264.5,100.0,0.10526315789473087
2024-03-24 00:00:00,-0.0,-0.0,556.7052631578947,556.6,100.0,0.10526315789473087
2024-03-24 01:00:00,-0.0,-0.0,210.90526315789475,210.8,100.0,0.10526315789473087
2024-03-24 02:00:00,-0.0,-0.0,248.10526315789474,248.0,100.0,0.10526315789473087
2024-03-24 03:00:00,-0.0,-0.0,84.80526315789473,84.7,100.0,0.10526315789473087
2024-03-24 04:00:00,-0.0,-0.0,167.50526315789475,167.4,100.0,0.10526315789473087
2024-03-24 05:00:00,-0.0,-0.0,140.10526315789474,140.0,100.0,0.10526315789473087
2024-03-24 06:00:00,0.09682978581015,-0.0,136.70843337208458,136.7,100.0,0.10526315789473087
2024-03-24 07:00:00,8.3279062502293,-0.0,106.77735690766542,115.0,100.0,0.10526315789473087
2024-03-24 08:00:00,43.13099629349175,-0.0,41.47426686440298,84.5,100.0,0.10526315789473087
2024-03-24 09:00:00,78.47452825970115,-0.0,-0.0,52.6,124.48080184671609,25.874528259701144
2024-03-24 10:00:00,237.59647766749066,-0.0,-0.0,136.9,220.01797482898547,100.69647766749065
2024-03-24 11:00:00,383.2232088512844,4.666666666666656,-0.0,257.9,343.28833859621005,129.9898755179511
2024-03-24 12:00:00,296.040595902337,-0.0,-0.0,311.2,328.54361636483395,-15.159404097663014
2024-03-24 13:00:00,228.22916666666666,0.799999999999992,-0.0,185.1,369.9477810818025,43.92916666666665
2024-03-24 14:00:00,206.77951388888886,11.55,24.470486111111143,442.8,179.57783330072067,-200.0
2024-03-24 15:00:00,121.4114583333333,10.249999999999991,251.56143064832992,466.8,100.0,-83.57711101833678
2024-03-24 16:00:00,74.5972222222222,5.733333333333324,205.47470760233918,285.7,100.0,0.10526315789473087
2024-03-24 17:00:00,40.40104166666665,-0.0,290.80422149122813,331.1,100.0,0.10526315789473087
2024-03-24 18:00:00,2.31076388888885,-0.0,239.5944992690059,241.8,100.0,0.10526315789473087
2024-03-24 19:00:00,-0.0,-0.0,123.40526315789472,123.3,100.0,0.10526315789473087
2024-03-24 20:00:00,-0.0,-0.0,112.70526315789472,112.6,100.0,0.10526315789473087
2024-03-24 21:00:00,-0.0,-0.0,270.90526315789475,270.8,100.0,0.10526315789473087
2024-03-24 22:00:00,-0.0,-0.0,564.1052631578947,564.0,100.0,0.10526315789473087
2024-03-24 23:00:00,-0.0,-0.0,213.70526315789473,213.6,100.0,0.10526315789473087
2024-03-25 00:00:00,-0.0,-0.0,316.90526315789475,316.8,100.0,0.10526315789473087
2024-03-25 01:00:00,-0.0,-0.0,469.30526315789473,469.2,100.0,0.10526315789473087
2024-03-25 02:00:00,-0.0,-0.0,189.50526315789475,189.4,100.0,0.10526315789473087
2024-03-25 03:00:00,-0.0,-0.0,120.10526315789473,120.0,100.0,0.10526315789473087
2024-03-25 04:00:00,-0.0,-0.0,172.00526315789475,171.9,100.0,0.10526315789473087
2024-03-25 05:00:00,-0.0,-0.0,157.80526315789473,157.7,100.0,0.10526315789473087
2024-03-25 06:00:00,0.1789338959174,-0.0,85.92632926197733,86.0,100.0,0.10526315789473087
2024-03-25 07:00:00,9.7866247511572,-0.0,43.11863840673753,52.8,100.0,0.10526315789473087
2024-03-25 08:00:00,30.43770591417945,-0.0,1.3675572437152788,31.7,100.0,0.10526315789473087
2024-03-25 09:00:00,12.4562690282861,5.066666666666665,28.58232746294197,46.0,100.0,0.10526315789473087
2024-03-25 10:00:00,114.05521681532264,8.949999999999996,-0.0,64.1,155.8599559745565,58.90521681532264
2024-03-25 11:00:00,204.23308213551834,12.0,296.031027318606,570.9,100.0,-58.635890545875725
2024-03-25 12:00:00,264.413357840644,15.499999999999991,-0.0,248.9,129.36268994861177,31.01335784064397
2024-03-25 13:00:00,55.33506944444445,12.399999999999997,-0.0,38.8,156.7216432308854,28.93506944444445
2024-03-25 14:00:00,39.91666666666665,18.583333333333332,387.3579772761532,505.4,100.0,-59.542022723846856
2024-03-25 15:00:00,15.782986111111098,15.75,362.97227704678363,394.4,100.0,0.10526315789473087
2024-03-25 16:00:00,20.96354166666665,15.999999999999996,237.04172149122806,273.9,100.0,0.10526315789473087
2024-03-25 17:00:00,38.74131944444445,27.0,179.2639437134503,244.9,100.0,0.10526315789473087
2024-03-25 18:00:00,1.4375,31.200000000000003,102.76776315789475,135.3,100.0,0.10526315789473087
2024-03-25 19:00:00,-0.0,35.49999999999999,33.90526315789473,69.3,100.0,0.10526315789473087
2024-03-25 20:00:00,-0.0,27.299999999999986,126.30526315789476,153.5,100.0,0.10526315789473087
2024-03-25 21:00:00,-0.0,31.5,184.10526315789474,215.5,100.0,0.10526315789473087
2024-03-25 22:00:00,-0.0,83.43333333333334,397.9719298245614,481.3,100.0,0.10526315789473087
2024-03-25 23:00:00,-0.0,34.5,238.80526315789473,273.2,100.0,0.10526315789473087
2024-03-26 00:00:00,-0.0,9.349999999999993,576.2552631578947,585.5,100.0,0.10526315789473087
2024-03-26 01:00:00,-0.0,12.349999999999993,454.7552631578948,467.0,100.0,0.10526315789473087
2024-03-26 02:00:00,-0.0,18.999999999999996,158.00526315789475,176.9,100.0,0.10526315789473087
2024-03-26 03:00:00,-0.0,17.499999999999993,154.50526315789475,171.9,100.0,0.10526315789473087
2024-03-26 04:00:00,-0.0,13.599999999999996,181.50526315789475,195.0,100.0,0.10526315789473087
2024-03-26 05:00:00,-0.0,-0.0,232.30526315789473,232.2,100.0,0.10526315789473087
2024-03-26 06:00:00,0.14237117643155,-0.0,126.66289198146318,126.7,100.0,0.10526315789473087
2024-03-26 07:00:00,10.75433888213915,-0.0,37.15092427575558,47.8,100.0,0.10526315789473087
2024-03-26 08:00:00,59.21425531307855,-0.0,46.89100784481617,106.0,100.0,0.10526315789473087
2024-03-26 09:00:00,180.5318151579963,-0.0,-0.0,127.1,150.6602244000965,53.43181515799631
2024-03-26 10:00:00,297.3504834704929,-0.0,-0.0,137.4,302.46252347266466,159.9504834704929
2024-03-26 11:00:00,310.6191884146796,2.46666666666666,-0.0,356.5,260.91662327647094,-43.41414491865371
2024-03-26 12:00:00,343.1925148434109,1.733333333333328,-0.0,311.2,292.6952624211015,33.72584817674423
2024-03-26 13:00:00,364.49652777777777,0.46666666666665596,-0.0,408.9,250.66260188090266,-43.93680555555555
2024-03-26 14:00:00,351.7708333333333,0.533333333333328,36.367476197521,547.0,100.0,-158.32835713581238
2024-03-26 15:00:00,281.0243055555556,-0.0,246.1809576023391,527.1,100.0,0.10526315789473087
2024-03-26 16:00:00,201.07291666666666,-0.0,-0.0,194.5,106.14427083333334,6.572916666666657
2024-03-26 17:00:00,43.0486111111111,-0.0,280.8954661915205,330.3,100.0,-6.355922697368418
2024-03-26 18:00:00,3.8628472222221997,-0.0,160.04241593567255,163.8,100.0,0.10526315789473087
2024-03-26 19:00:00,-0.0,-0.0,43.40526315789473,43.3,100.0,0.10526315789473087
2024-03-26 20:00:00,-0.0,-0.0,216.40526315789475,216.3,100.0,0.10526315789473087
2024-03-26 21:00:00,-0.0,5.066666666666665,378.0385964912281,383.0,100.0,0.10526315789473087
2024-03-26 22:00:00,-0.0,5.133333333333324,596.3719298245613,601.4,100.0,0.10526315789473087
2024-03-26 23:00:00,-0.0,1.133333333333328,210.77192982456143,211.8,100.0,0.10526315789473087
2024-03-27 00:00:00,-0.0,9.9,715.8052631578947,725.6,100.0,0.10526315789473087
2024-03-27 01:00:00,-0.0,12.949999999999992,273.35526315789474,286.2,100.0,0.10526315789473087
2024-03-27 02:00:00,-0.0,6.8666666666666645,296.23859649122807,303.0,100.0,0.10526315789473087
2024-03-27 03:00:00,-0.0,13.8,27.405263157894733,41.1,100.0,0.10526315789473087
2024-03-27 04:00:00,-0.0,13.2,17.80526315789473,30.9,100.0,0.10526315789473087
2024-03-27 05:00:00,-0.0,12.0,328.80526315789473,340.7,100.0,0.10526315789473087
2024-03-27 06:00:00,0.15541507603805,10.249999999999991,171.5998480818567,181.9,100.0,0.10526315789473087
2024-03-27 07:00:00,13.0805751484715,10.699999999999992,131.22468800942326,154.9,100.0,0.10526315789473087
2024-03-27 08:00:00,38.24313555326725,7.1333333333333275,110.42879427129415,155.7,100.0,0.10526315789473087
2024-03-27 09:00:00,204.3147085689836,8.099999999999987,-0.0,126.8,181.23397314053443,85.61470856898359
2024-03-27 10:00:00,264.5,-0.0,-0.0,64.5,371.0527391673939,200.0
2024-03-27 11:00:00,324.7588353686863,12.299999999999999,-0.0,312.9,393.63258002847846,24.158835368686297
2024-03-27 12:00:00,389.17471991644965,11.449999999999992,-0.0,466.0,331.13243136907715,-65.37528008355036
2024-03-27 13:00:00,411.3541666666667,9.649999999999991,-0.0,290.0,455.2552572710414,131.00416666666666
2024-03-27 14:00:00,323.31597222222223,10.549999999999992,-0.0,306.6,480.7026756248814,27.265972222222196
2024-03-27 15:00:00,237.70138888888889,10.649999999999999,-0.0,252.6,476.185792393701,-4.24861111111111
2024-03-27 16:00:00,149.83854166666666,12.799999999999992,-0.0,208.8,431.85622118464056,-46.161458333333364
2024-03-27 17:00:00,30.9392361111111,13.599999999999996,71.6607638888889,316.2,241.4243649634559,-200.0
2024-03-27 18:00:00,9.9722222222222,14.083333333333332,-0.0,93.9,174.8307183762702,-69.84444444444448
2024-03-27 19:00:00,-0.0,10.199999999999987,-0.0,36.2,149.95588765789392,-26.000000000000014
2024-03-27 20:00:00,-0.0,2.5333333333333323,92.6393700664182,147.6,100.0,-52.42729660024847
2024-03-27 21:00:00,-0.0,3.399999999999996,409.70526315789476,413.0,100.0,0.10526315789473087
2024-03-27 22:00:00,-0.0,0.46666666666665596,374.5385964912281,374.9,100.0,0.10526315789473087
2024-03-27 23:00:00,-0.0,-0.0,401.60526315789474,401.5,100.0,0.10526315789473087
2024-03-28 00:00:00,-0.0,-0.0,710.4052631578946,710.3,100.0,0.10526315789473087
2024-03-28 01:00:00,-0.0,-0.0,453.60526315789474,453.5,100.0,0.10526315789473087
2024-03-28 02:00:00,-0.0,-0.0,300.5052631578947,300.4,100.0,0.10526315789473087
2024-03-28 03:00:00,-0.0,-0.0,50.50526315789473,50.4,100.0,0.10526315789473087
2024-03-28 04:00:00,-0.0,-0.0,121.20526315789472,121.1,100.0,0.10526315789473087
2024-03-28 05:00:00,-0.0,-0.0,184.10526315789474,184.0,100.0,0.10526315789473087
2024-03-28 06:00:00,0.14490732871405002,-0.0,130.3603558291807,130.4,100.0,0.10526315789473087
2024-03-28 07:00:00,14.571142392750401,-0.0,68.53412076514432,83.0,100.0,0.10526315789473087
2024-03-28 08:00:00,112.8692650629414,-0.0,-0.0,68.7,141.86080180979434,44.16926506294139
2024-03-28 09:00:00,212.94476058748035,1.799999999999988,-0.0,31.8,315.5164635660908,182.94476058748032
2024-03-28 10:00:00,262.9253188394477,-0.0,-0.0,68.4,500.0,194.5253188394477
2024-03-28 11:00:00,402.90272924635144,5.533333333333332,-0.0,417.3,491.07925945070053,-8.863937420315239
2024-03-28 12:00:00,290.14051207938616,6.266666666666664,-0.0,286.5,500.0,9.907178746052823
2024-03-28 13:00:00,377.23958333333337,0.7333333333333321,-0.0,486.0,396.87427083333336,-108.0270833333333
2024-03-28 14:00:00,327.72569444444446,12.799999999999992,-0.0,524.1,222.08180628472223,-183.57430555555558
2024-03-28 15:00:00,263.89409722222223,18.999999999999996,5.932508589948839,417.1,100.0,-128.27339418782896
2024-03-28 16:00:00,165.53645833333331,10.699999999999992,245.86880482456144,422.0,100.0,0.10526315789473087
2024-03-28 17:00:00,60.1006944444444,8.4,215.70456871345039,284.1,100.0,0.10526315789473087
2024-03-28 18:00:00,3.4913194444444,4.26666666666666,102.44727704678365,110.1,100.0,0.10526315789473087
2024-03-28 19:00:00,-0.0,9.0,277.0052631578947,285.9,100.0,0.10526315789473087
2024-03-28 20:00:00,-0.0,9.799999999999992,137.90526315789475,147.6,100.0,0.10526315789473087
2024-03-28 21:00:00,-0.0,10.699999999999992,580.2052631578946,590.8,100.0,0.10526315789473087
2024-03-28 22:00:00,-0.0,5.3999999999999995,653.0052631578947,658.3,100.0,0.10526315789473087
2024-03-28 23:00:00,-0.0,-0.0,183.80526315789473,183.7,100.0,0.10526315789473087
2024-03-29 00:00:00,-0.0,-0.0,590.6052631578947,590.5,100.0,0.10526315789473087
2024-03-29 01:00:00,-0.0,0.46666666666665596,496.1385964912281,496.5,100.0,0.10526315789473087
2024-03-29 02:00:00,-0.0,-0.0,236.50526315789475,236.4,100.0,0.10526315789473087
2024-03-29 03:00:00,-0.0,-0.0,318.20526315789476,318.1,100.0,0.10526315789473087
2024-03-29 04:00:00,-0.0,-0.0,224.60526315789474,224.5,100.0,0.10526315789473087
2024-03-29 05:00:00,-0.0,-0.0,214.60526315789474,214.5,100.0,0.10526315789473087
2024-03-29 06:00:00,0.1548895567086,-0.0,115.25037360118613,115.3,100.0,0.10526315789473087
2024-03-29 07:00:00,12.46986078512335,-0.0,69.13540237277138,81.5,100.0,0.10526315789473087
2024-03-29 08:00:00,106.5583558215035,4.666666666666656,23.580240669724574,134.7,100.0,0.10526315789473087
2024-03-29 09:00:00,182.24015606774225,12.799999999999992,-0.0,118.6,172.51814826435515,76.44015606774225
2024-03-29 10:00:00,316.04520771238543,13.5,-0.0,206.9,288.8585774428569,122.64520771238543
2024-03-29 11:00:00,379.2917087343004,27.299999999999986,-0.0,408.7,286.5668421629995,-2.108291265699588
2024-03-29 12:00:00,388.5668632719252,23.583333333333336,-0.0,353.8,341.71296209583204,58.350196605258496
2024-03-29 13:00:00,368.1076388888889,24.999999999999993,-0.0,265.0,463.0735060781807,128.1076388888889
2024-03-29 14:00:00,268.2574393977868,33.8,-0.0,262.7,500.0,39.35743939778682
2024-03-29 15:00:00,277.3611111111111,37.1,38.53888888888889,553.0,309.5,-200.0
2024-03-29 16:00:00,172.046875,28.5,54.953125,455.5,119.19049999999999,-200.0
2024-03-29 17:00:00,58.93576388888884,18.49999999999999,151.88917347953225,249.4,100.0,-20.07506263157893
2024-03-29 18:00:00,4.5833333333333,15.333333333333325,98.5885964912281,118.4,100.0,0.10526315789473087
2024-03-29 19:00:00,-0.0,17.833333333333332,203.0719298245614,220.8,100.0,0.10526315789473087
2024-03-29 20:00:00,-0.0,9.549999999999995,207.75526315789475,217.2,100.0,0.10526315789473087
2024-03-29 21:00:00,-0.0,3.399999999999996,335.20526315789476,338.5,100.0,0.10526315789473087
2024-03-29 22:00:00,-0.0,15.583333333333332,645.6219298245613,661.1,100.0,0.10526315789473087
2024-03-29 23:00:00,-0.0,23.083333333333332,287.4219298245614,310.4,100.0,0.10526315789473087
2024-03-30 00:00:00,-0.0,6.6,621.8052631578946,628.3,100.0,0.10526315789473087
2024-03-30 01:00:00,-0.0,3.866666666666664,283.43859649122805,287.2,100.0,0.10526315789473087
2024-03-30 02:00:00,-0.0,24.099999999999998,193.30526315789476,217.3,100.0,0.10526315789473087
2024-03-30 03:00:00,-0.0,34.29999999999999,115.70526315789476,149.9,100.0,0.10526315789473087
2024-03-30 04:00:00,-0.0,34.199999999999996,167.30526315789476,201.4,100.0,0.10526315789473087
2024-03-30 05:00:00,-0.0,22.749999999999996,194.75526315789475,217.4,100.0,0.10526315789473087
2024-03-30 06:00:00,0.31489831498924997,13.449999999999996,39.94036484290549,53.6,100.0,0.10526315789473087
2024-03-30 07:00:00,14.0584109102686,15.999999999999996,131.64685224762613,161.6,100.0,0.10526315789473087
2024-03-30 08:00:00,67.85640923513304,16.5,13.04885392276168,97.3,100.0,0.10526315789473087
2024-03-30 09:00:00,174.1296413209703,12.149999999999988,8.125621836924466,194.3,100.0,0.10526315789473087
2024-03-30 10:00:00,294.77001614040796,-0.0,-0.0,103.5,281.60651533338756,191.27001614040796
2024-03-30 11:00:00,274.8,-0.0,-0.0,74.8,471.32490881805415,200.0
2024-03-30 12:00:00,240.48043799027784,-0.0,-0.0,209.8,500.0,30.680437990277813
2024-03-30 13:00:00,205.02631578947367,1.2,-0.0,205.7,500.0,0.5263157894736842
2024-03-30 14:00:00,298.159649122807,1.86666666666666,-0.0,299.5,500.0,0.5263157894736842
2024-03-30 15:00:00,251.953125,-0.0,16.24687499999999,468.2,309.5,-200.0
2024-03-30 16:00:00,149.96006944444446,0.933333333333324,72.50659722222218,423.4,119.19049999999999,-200.0
2024-03-30 17:00:00,40.92187499999995,-0.0,273.9030623684211,334.9,100.0,-20.07506263157893
2024-03-30 18:00:00,1.0966512502895,1.333333333333332,229.9752785742719,232.3,100.0,0.10526315789473087
2024-03-30 19:00:00,-0.0,0.06666666666666,154.23859649122807,154.2,100.0,0.10526315789473087
2024-03-30 20:00:00,-0.0,-0.0,179.10526315789474,179.0,100.0,0.10526315789473087
2024-03-30 21:00:00,-0.0,-0.0,245.70526315789473,245.6,100.0,0.10526315789473087
2024-03-30 22:00:00,-0.0,-0.0,659.6052631578947,659.5,100.0,0.10526315789473087
2024-03-30 23:00:00,-0.0,-0.0,286.0052631578947,285.9,100.0,0.10526315789473087
2024-03-31 00:00:00,-0.0,-0.0,510.5052631578947,510.4,100.0,0.10526315789473087
2024-03-31 01:00:00,-0.0,-0.0,307.5052631578947,307.4,100.0,0.10526315789473087
2024-03-31 02:00:00,-0.0,-0.0,242.40526315789475,242.3,100.0,0.10526315789473087
2024-03-31 03:00:00,-0.0,-0.0,229.90526315789475,229.8,100.0,0.10526315789473087
2024-03-31 04:00:00,-0.0,-0.0,191.30526315789473,191.2,100.0,0.10526315789473087
2024-03-31 05:00:00,-0.0,-0.0,213.60526315789474,213.5,100.0,0.10526315789473087
2024-03-31 06:00:00,0.29162627774185,-0.0,184.8136368801529,185.0,100.0,0.10526315789473087
2024-03-31 07:00:00,17.21608237156435,-0.0,21.389180786330382,38.5,100.0,0.10526315789473087
2024-03-31 08:00:00,67.5114195876651,-0.0,25.793843570229626,93.2,100.0,0.10526315789473087
2024-03-31 09:00:00,175.44141597217984,-0.0,-0.0,65.8,204.05934517357085,109.64141597217984
2024-03-31 10:00:00,313.11360147264264,-0.0,-0.0,249.9,263.9082072274078,63.21360147264264
2024-03-31 11:00:00,353.3250374264187,-0.0,-0.0,227.3,383.3680845752781,126.02503742641869
2024-03-31 12:00:00,355.77430778079565,-0.0,-0.0,324.3,412.8853088824587,31.47430778079564
2024-03-31 13:00:00,350.55555555555554,-0.0,-0.0,369.0,394.950201351354,-18.444444444444457
2024-03-31 14:00:00,316.7708333333333,-0.0,-0.0,308.5,402.41254281666926,8.270833333333314
2024-03-31 15:00:00,231.86631944444443,-0.0,-0.0,354.1,285.8881337460748,-122.2336805555556
2024-03-31 16:00:00,105.86979166666664,1.26666666666666,23.692756811583834,326.2,100.0,-195.37078485508286
2024-03-31 17:00:00,55.35763888888885,11.699999999999989,235.3476242690059,302.3,100.0,0.10526315789473087
2024-03-31 18:00:00,4.0,9.049999999999992,124.85526315789477,137.8,100.0,0.10526315789473087
2024-03-31 19:00:00,-0.0,16.749999999999996,120.35526315789474,137.0,100.0,0.10526315789473087
2024-03-31 20:00:00,-0.0,16.749999999999996,148.35526315789474,165.0,100.0,0.10526315789473087
2024-03-31 21:00:00,-0.0,5.133333333333324,274.07192982456144,279.1,100.0,0.10526315789473087
2024-03-31 22:00:00,-0.0,9.249999999999995,647.9552631578947,657.1,100.0,0.10526315789473087
2024-03-31 23:00:00,-0.0,-0.0,208.90526315789475,208.8,100.0,0.10526315789473087
2024-04-01 00:00:00,-0.0,1.133333333333328,589.0719298245614,590.1,100.0,0.10526315789473087
2024-04-01 01:00:00,-0.0,6.199999999999991,448.60526315789474,454.7,100.0,0.10526315789473087
2024-04-01 02:00:00,-0.0,3.1999999999999917,348.5052631578948,351.6,100.0,0.10526315789473087
2024-04-01 03:00:00,-0.0,2.266666666666656,156.43859649122808,158.6,100.0,0.10526315789473087
2024-04-01 04:00:00,-0.0,1.7999999999999998,179.20526315789473,180.9,100.0,0.10526315789473087
2024-04-01 05:00:00,-0.0,4.26666666666666,186.3385964912281,190.5,100.0,0.10526315789473087
2024-04-01 06:00:00,0.46796979796555,-0.0,127.23729335992917,127.6,100.0,0.10526315789473087
2024-04-01 07:00:00,28.40731943336625,-0.0,145.2979437245285,173.6,100.0,0.10526315789473087
2024-04-01 08:00:00,130.01843041843836,-0.0,-0.0,69.6,157.29750889751645,60.41843041843836
2024-04-01 09:00:00,229.74122285842896,1.333333333333332,-0.0,34.2,344.1710397707931,196.8745561917623
2024-04-01 10:00:00,188.69276975681868,-0.0,-0.0,24.3,500.0,164.39276975681867
2024-04-01 11:00:00,382.3989878760444,-0.0,-0.0,540.8,349.0190384822422,-158.40101212395558
2024-04-01 12:00:00,386.82216856214734,5.8666666666666565,-0.0,519.8,227.9144129111333,-127.11116477118595
2024-04-01 13:00:00,382.62152777777777,9.949999999999992,-0.0,385.1,234.784449887111,7.471527777777741
2024-04-01 14:00:00,361.96180555555554,9.9,-0.0,505.5,107.59338071500167,-133.63819444444445
2024-04-01 15:00:00,257.56770833333337,7.199999999999999,143.55251552531223,416.2,100.0,-7.879776141354389
2024-04-01 16:00:00,196.57118055555557,10.549999999999992,307.38408260233905,514.4,100.0,0.10526315789473087
2024-04-01 17:00:00,68.0364583333333,9.799999999999992,368.2688048245614,446.0,100.0,0.10526315789473087
2024-04-01 18:00:00,3.18229166666665,7.666666666666656,86.25630482456143,97.0,100.0,0.10526315789473087
2024-04-01 19:00:00,-0.0,4.26666666666666,227.7385964912281,231.9,100.0,0.10526315789473087
2024-04-01 20:00:00,-0.0,2.4,192.00526315789475,194.3,100.0,0.10526315789473087
2024-04-01 21:00:00,-0.0,9.199999999999992,448.60526315789474,457.7,100.0,0.10526315789473087
2024-04-01 22:00:00,-0.0,8.099999999999987,612.7052631578947,620.7,100.0,0.10526315789473087
2024-04-01 23:00:00,-0.0,7.066666666666668,283.3385964912281,290.3,100.0,0.10526315789473087
2024-04-02 00:00:00,-0.0,5.333333333333328,600.2719298245613,605.5,100.0,0.10526315789473087
2024-04-02 01:00:00,-0.0,4.666666666666656,377.8385964912281,382.4,100.0,0.10526315789473087
2024-04-02 02:00:00,-0.0,4.333333333333332,214.2719298245614,218.5,100.0,0.10526315789473087
2024-04-02 03:00:00,-0.0,5.066666666666665,141.3385964912281,146.3,100.0,0.10526315789473087
2024-04-02 04:00:00,-0.0,3.0,288.90526315789475,291.8,100.0,0.10526315789473087
2024-04-02 05:00:00,-0.0,2.733333333333324,198.17192982456143,200.8,100.0,0.10526315789473087
2024-04-02 06:00:00,2.0113287767809003,4.533333333333324,107.2606010477805,113.7,100.0,0.10526315789473087
2024-04-02 07:00:00,36.0705948093285,3.06666666666666,45.76800168189956,84.8,100.0,0.10526315789473087
2024-04-02 08:00:00,127.21762908829581,5.733333333333324,-0.0,55.4,173.57341430054765,77.55096242162912
2024-04-02 09:00:00,290.23640579647486,2.9333333333333282,-0.0,100.6,356.3410930595649,192.5697391298082
2024-04-02 10:00:00,270.79499792999434,-0.0,-0.0,119.2,500.0,151.59499792999435
2024-04-02 11:00:00,420.58156331380206,3.799999999999992,-0.0,561.2,369.5224851481119,-136.818436686198
2024-04-02 12:00:00,414.57164499494763,0.266666666666664,-0.0,459.7,326.5343587414974,-44.86168833838569
2024-04-02 13:00:00,407.08333333333337,0.06666666666666,-0.0,479.6,257.3803243827559,-72.44999999999999
2024-04-02 14:00:00,379.7743055555556,-0.0,-0.0,520.2,123.71853433615087,-140.42569444444445
2024-04-02 15:00:00,326.09375,0.866666666666664,42.30293512089679,394.1,100.0,-24.836648212436547
2024-04-02 16:00:00,238.45833333333334,0.866666666666664,260.8802631578948,500.1,100.0,0.10526315789473087
2024-04-02 17:00:00,122.0451388888889,-0.0,119.46012426900585,241.4,100.0,0.10526315789473087
2024-04-02 18:00:00,14.04166666666665,-0.0,183.9635964912281,197.9,100.0,0.10526315789473087
2024-04-02 19:00:00,-0.0,-0.0,241.00526315789475,240.9,100.0,0.10526315789473087
2024-04-02 20:00:00,-0.0,-0.0,195.20526315789473,195.1,100.0,0.10526315789473087
2024-04-02 21:00:00,-0.0,-0.0,175.40526315789475,175.3,100.0,0.10526315789473087
2024-04-02 22:00:00,-0.0,-0.0,716.9052631578946,716.8,100.0,0.10526315789473087
2024-04-02 23:00:00,-0.0,-0.0,305.20526315789476,305.1,100.0,0.10526315789473087
2024-04-03 00:00:00,-0.0,-0.0,743.0052631578947,742.9,100.0,0.10526315789473087
2024-04-03 01:00:00,-0.0,-0.0,308.20526315789476,308.1,100.0,0.10526315789473087
2024-04-03 02:00:00,-0.0,-0.0,203.40526315789475,203.3,100.0,0.10526315789473087
2024-04-03 03:00:00,-0.0,-0.0,289.80526315789473,289.7,100.0,0.10526315789473087
2024-04-03 04:00:00,-0.0,-0.0,123.80526315789473,123.7,100.0,0.10526315789473087
2024-04-03 05:00:00,-0.0,-0.0,173.30526315789473,173.2,100.0,0.10526315789473087
2024-04-03 06:00:00,0.48740903070815,1.733333333333328,100.48452079385324,102.6,100.0,0.10526315789473087
2024-04-03 07:00:00,33.678428029848455,1.933333333333332,-0.0,20.5,114.2561732950227,15.111761363181786
2024-04-03 08:00:00,150.43534013960095,3.5999999999999877,-0.0,62.2,201.38549025434858,91.83534013960094
2024-04-03 09:00:00,233.5,-0.0,-0.0,33.5,391.18410476409423,200.0
2024-04-03 10:00:00,300.31079981062146,-0.0,-0.0,227.3,460.15318047942054,73.01079981062145
2024-04-03 11:00:00,370.60358842213947,-0.0,-0.0,531.2,307.12643629997353,-160.59641157786058
2024-04-03 12:00:00,407.77616659800213,0.333333333333324,-0.0,514.8,205.46333479844228,-106.69050006866449
2024-04-03 13:00:00,394.23611111111114,0.7333333333333321,91.13279612014094,596.9,100.0,-110.79775943541456
2024-04-03 14:00:00,353.546875,-0.0,295.6583881578947,649.1,100.0,0.10526315789473087
2024-04-03 15:00:00,309.87847222222223,1.6666666666666559,174.1601242690059,485.6,100.0,0.10526315789473087
2024-04-03 16:00:00,227.5694444444444,-0.0,205.13581871345036,432.6,100.0,0.10526315789473087
2024-04-03 17:00:00,117.46180555555554,-0.0,201.1434576023392,318.5,100.0,0.10526315789473087
2024-04-03 18:00:00,13.6267361111111,-0.0,54.27852704678362,67.8,100.0,0.10526315789473087
2024-04-03 19:00:00,-0.0,-0.0,116.80526315789473,116.7,100.0,0.10526315789473087
2024-04-03 20:00:00,-0.0,0.6666666666666601,332.5385964912281,333.1,100.0,0.10526315789473087
2024-04-03 21:00:00,-0.0,-0.0,296.80526315789473,296.7,100.0,0.10526315789473087
2024-04-03 22:00:00,-0.0,-0.0,803.3052631578947,803.2,100.0,0.10526315789473087
2024-04-03 23:00:00,-0.0,-0.0,417.90526315789475,417.8,100.0,0.10526315789473087
2024-04-04 00:00:00,-0.0,-0.0,743.6052631578947,743.5,100.0,0.10526315789473087
2024-04-04 01:00:00,-0.0,-0.0,499.10526315789474,499.0,100.0,0.10526315789473087
2024-04-04 02:00:00,-0.0,-0.0,505.80526315789473,505.7,100.0,0.10526315789473087
2024-04-04 03:00:00,-0.0,-0.0,125.40526315789472,125.3,100.0,0.10526315789473087
2024-04-04 04:00:00,-0.0,-0.0,149.60526315789474,149.5,100.0,0.10526315789473087
2024-04-04 05:00:00,-0.0,-0.0,222.40526315789475,222.3,100.0,0.10526315789473087
2024-04-04 06:00:00,0.5654719391734,-0.0,171.83979121872136,172.3,100.0,0.10526315789473087
2024-04-04 07:00:00,38.5591904239522,-0.0,53.84607273394252,92.3,100.0,0.10526315789473087
2024-04-04 08:00:00,167.3736129204432,-0.0,-0.0,83.8,179.29493227442106,83.57361292044321
2024-04-04 09:00:00,253.0,-0.0,-0.0,53.0,369.11563734214667,200.0
2024-04-04 10:00:00,138.16155610020576,-0.0,-0.0,0.0,500.0,138.16155610020576
2024-04-04 11:00:00,161.52631578947367,-0.0,-0.0,161.0,500.0,0.5263157894736842
2024-04-04 12:00:00,275.4263157894737,0.999999999999996,-0.0,275.9,500.0,0.5263157894736842
2024-04-04 13:00:00,356.29298245614035,1.733333333333328,-0.0,357.5,500.0,0.5263157894736842
2024-04-04 14:00:00,240.62631578947367,3.9999999999999956,-0.0,244.1,500.0,0.5263157894736842
2024-04-04 15:00:00,327.2743055555556,3.5999999999999877,-0.0,432.6,402.8605902777778,-101.72569444444443
2024-04-04 16:00:00,236.8159722222222,2.133333333333324,26.45069444444445,465.4,212.45772968750003,-200.0
2024-04-04 17:00:00,121.97743055555554,0.999999999999996,156.16965159411546,397.3,100.0,-118.152917850329
2024-04-04 18:00:00,15.5190972222222,-0.0,65.98616593567253,81.4,100.0,0.10526315789473087
2024-04-04 19:00:00,-0.0,-0.0,255.00526315789475,254.9,100.0,0.10526315789473087
2024-04-04 20:00:00,-0.0,-0.0,240.40526315789475,240.3,100.0,0.10526315789473087
2024-04-04 21:00:00,-0.0,-0.0,292.60526315789474,292.5,100.0,0.10526315789473087
2024-04-04 22:00:00,-0.0,-0.0,432.20526315789476,432.1,100.0,0.10526315789473087
2024-04-04 23:00:00,-0.0,0.799999999999992,196.00526315789475,196.7,100.0,0.10526315789473087
2024-04-05 00:00:00,-0.0,2.866666666666656,468.5385964912281,471.3,100.0,0.10526315789473087
2024-04-05 01:00:00,-0.0,-0.0,220.70526315789473,220.6,100.0,0.10526315789473087
2024-04-05 02:00:00,-0.0,-0.0,142.00526315789475,141.9,100.0,0.10526315789473087
2024-04-05 03:00:00,-0.0,-0.0,210.50526315789475,210.4,100.0,0.10526315789473087
2024-04-05 04:00:00,-0.0,-0.0,151.10526315789474,151.0,100.0,0.10526315789473087
2024-04-05 05:00:00,-0.0,-0.0,292.90526315789475,292.8,100.0,0.10526315789473087
2024-04-05 06:00:00,0.7552418552546001,-0.0,57.65002130264013,58.3,100.0,0.10526315789473087
2024-04-05 07:00:00,34.513569606675006,-0.0,14.891693551219724,49.3,100.0,0.10526315789473087
2024-04-05 08:00:00,150.35057399008008,-0.0,-0.0,36.1,208.4380452905761,114.25057399008008
2024-04-05 09:00:00,297.1,-0.0,-0.0,97.1,398.22960724528554,200.0
2024-04-05 10:00:00,266.0459182757471,-0.0,-0.0,158.5,500.0,107.54591827574713
2024-04-05 11:00:00,303.0763157894737,12.75,-0.0,315.3,500.0,0.5263157894736842
2024-04-05 12:00:00,296.759649122807,18.66666666666666,-0.0,314.9,500.0,0.5263157894736842
2024-04-05 13:00:00,270.2429824561404,18.08333333333333,-0.0,287.8,500.0,0.5263157894736842
2024-04-05 14:00:00,200.75964912280702,20.666666666666664,-0.0,220.9,500.0,0.5263157894736842
2024-04-05 15:00:00,169.209649122807,20.416666666666668,-0.0,189.1,500.0,0.5263157894736842
2024-04-05 16:00:00,233.05729166666663,17.833333333333332,-0.0,304.6,448.47609374999996,-53.709375000000065
2024-04-05 17:00:00,117.31944444444444,19.833333333333336,5.547222222222203,342.7,258.02761765624996,-200.0
2024-04-05 18:00:00,15.4878472222222,13.299999999999995,50.43890010557389,245.3,100.0,-166.07325267220392
2024-04-05 19:00:00,-0.0,13.149999999999995,264.65526315789475,277.7,100.0,0.10526315789473087
2024-04-05 20:00:00,-0.0,12.099999999999996,72.70526315789473,84.7,100.0,0.10526315789473087
2024-04-05 21:00:00,-0.0,6.133333333333332,203.4719298245614,209.5,100.0,0.10526315789473087
2024-04-05 22:00:00,-0.0,8.149999999999991,353.65526315789475,361.7,100.0,0.10526315789473087
2024-04-05 23:00:00,-0.0,6.466666666666656,287.4385964912281,293.8,100.0,0.10526315789473087
2024-04-06 00:00:00,-0.0,5.199999999999996,485.90526315789475,491.0,100.0,0.10526315789473087
2024-04-06 01:00:00,-0.0,0.06666666666666,475.3385964912281,475.3,100.0,0.10526315789473087
2024-04-06 02:00:00,-0.0,3.0,93.70526315789472,96.6,100.0,0.10526315789473087
2024-04-06 03:00:00,-0.0,0.133333333333332,157.9719298245614,158.0,100.0,0.10526315789473087
2024-04-06 04:00:00,-0.0,0.06666666666666,191.13859649122807,191.1,100.0,0.10526315789473087
2024-04-06 05:00:00,-0.0,4.799999999999987,257.2052631578947,261.9,100.0,0.10526315789473087
2024-04-06 06:00:00,2.0959133851445,6.799999999999992,148.60934977275025,157.4,100.0,0.10526315789473087
2024-04-06 07:00:00,31.879930082294653,7.666666666666656,31.358666408933413,70.8,100.0,0.10526315789473087
2024-04-06 08:00:00,130.8171663019392,11.449999999999992,-0.0,104.5,135.77880798684225,37.7671663019392
2024-04-06 09:00:00,314.68416743808325,13.299999999999995,-0.0,239.7,219.5129882450345,88.28416743808326
2024-04-06 10:00:00,408.32357777489557,18.583333333333332,-0.0,333.3,308.22004080960687,93.60691110822889
2024-04-06 11:00:00,429.2899052302043,22.24999999999999,-0.0,294.5,457.0997307374913,157.03990523020428
2024-04-06 12:00:00,364.43933578236437,20.99999999999999,-0.0,339.8,500.0,45.63933578236438
2024-04-06 13:00:00,206.92631578947368,-0.0,-0.0,206.4,500.0,0.5263157894736842
2024-04-06 14:00:00,376.00694444444446,18.583333333333332,-0.0,419.6,475.74076388888886,-25.009722222222234
2024-04-06 15:00:00,317.46527777777777,15.499999999999991,-0.0,476.2,339.19203701388886,-143.23472222222222
2024-04-06 16:00:00,232.8854166666667,15.833333333333327,137.58124999999993,586.3,148.85284497687496,-200.0
2024-04-06 17:00:00,120.24652777777776,17.000000000000004,167.8861120833821,356.4,100.0,-51.26736013884008
2024-04-06 18:00:00,16.15451388888885,13.849999999999993,93.40074926900587,123.3,100.0,0.10526315789473087
2024-04-06 19:00:00,-0.0,13.05,192.85526315789474,205.8,100.0,0.10526315789473087
2024-04-06 20:00:00,-0.0,11.899999999999991,67.40526315789474,79.2,100.0,0.10526315789473087
2024-04-06 21:00:00,-0.0,10.549999999999992,335.9552631578947,346.4,100.0,0.10526315789473087
2024-04-06 22:00:00,-0.0,10.749999999999996,865.0552631578947,875.7,100.0,0.10526315789473087
2024-04-06 23:00:00,-0.0,11.59999999999999,304.3052631578948,315.8,100.0,0.10526315789473087
2024-04-07 00:00:00,-0.0,8.749999999999993,372.55526315789473,381.2,100.0,0.10526315789473087
2024-04-07 01:00:00,-0.0,9.949999999999992,409.65526315789475,419.5,100.0,0.10526315789473087
2024-04-07 02:00:00,-0.0,8.4,170.50526315789475,178.8,100.0,0.10526315789473087
2024-04-07 03:00:00,-0.0,5.533333333333332,181.0719298245614,186.5,100.0,0.10526315789473087
2024-04-07 04:00:00,-0.0,3.799999999999992,139.80526315789476,143.5,100.0,0.10526315789473087
2024-04-07 05:00:00,-0.0,-0.0,161.50526315789475,161.4,100.0,0.10526315789473087
2024-04-07 06:00:00,0.80525058683835,-0.0,136.30001257105639,137.0,100.0,0.10526315789473087
2024-04-07 07:00:00,40.45793417427275,-0.0,-0.0,38.5,101.76003746555912,1.9579341742727507
2024-04-07 08:00:00,160.87049921353656,-0.0,-0.0,100.5,159.0102516809533,60.37049921353656
2024-04-07 09:00:00,272.4,-0.0,-0.0,72.4,348.85124142927236,200.0
2024-04-07 10:00:00,392.1011490292019,3.866666666666664,-0.0,250.2,486.9818150989182,145.7678156958686
2024-04-07 11:00:00,409.6474202473958,8.349999999999996,-0.0,561.6,350.0723825188453,-143.6025797526042
2024-04-07 12:00:00,407.9036007987128,10.449999999999996,-0.0,286.2,475.2682308951036,132.15360079871277
2024-04-07 13:00:00,290.8337235113595,10.699999999999992,-0.0,275.0,500.0,26.533723511359458
2024-04-07 14:00:00,375.46875,13.649999999999988,-0.0,468.5,424.0878125,-79.38125000000001
2024-04-07 15:00:00,318.83680555555554,14.333333333333327,-0.0,510.3,255.39035663194443,-177.12986111111115
2024-04-07 16:00:00,234.17187499999994,18.75,213.47816049967116,629.7,100.0,-163.29996450032894
2024-04-07 17:00:00,117.74305555555554,17.33333333333333,37.328874269005894,172.3,100.0,0.10526315789473087
2024-04-07 18:00:00,13.19791666666665,10.699999999999992,135.5073464912281,159.3,100.0,0.10526315789473087
2024-04-07 19:00:00,-0.0,6.6,285.60526315789474,292.1,100.0,0.10526315789473087
2024-04-07 20:00:00,-0.0,8.149999999999991,143.95526315789476,152.0,100.0,0.10526315789473087
2024-04-07 21:00:00,-0.0,7.799999999999988,413.5052631578947,421.2,100.0,0.10526315789473087
2024-04-07 22:00:00,-0.0,3.733333333333332,705.3719298245613,709.0,100.0,0.10526315789473087
2024-04-07 23:00:00,-0.0,4.26666666666666,313.0385964912281,317.2,100.0,0.10526315789473087
2024-04-08 00:00:00,-0.0,2.46666666666666,749.4385964912279,751.8,100.0,0.10526315789473087
2024-04-08 01:00:00,-0.0,-0.0,423.5052631578947,423.4,100.0,0.10526315789473087
2024-04-08 02:00:00,-0.0,-0.0,219.50526315789475,219.4,100.0,0.10526315789473087
2024-04-08 03:00:00,-0.0,-0.0,201.40526315789475,201.3,100.0,0.10526315789473087
2024-04-08 04:00:00,-0.0,-0.0,90.00526315789473,89.9,100.0,0.10526315789473087
2024-04-08 05:00:00,0.00817002262920141,-0.0,186.79709313526553,186.7,100.0,0.10526315789473087
2024-04-08 06:00:00,1.9815975476780499,-0.0,187.32366561021666,189.2,100.0,0.10526315789473087
2024-04-08 07:00:00,54.799976961738956,-0.0,25.005286196155772,79.7,100.0,0.10526315789473087
2024-04-08 08:00:00,143.15375248591107,-0.0,-0.0,122.4,119.61606486161551,20.753752485911065
2024-04-08 09:00:00,239.0187629063924,9.3,-0.0,144.6,218.02927355782668,103.7187629063924
2024-04-08 10:00:00,334.2628569073147,22.24999999999999,-0.0,216.4,350.9184583462178,140.1128569073147
2024-04-08 11:00:00,404.69005425771076,22.666666666666668,-0.0,572.1,213.06142476603011,-144.7432790756226
2024-04-08 12:00:00,398.04948753780786,22.749999999999996,-0.0,247.9,377.1028765021815,172.89948753780786
2024-04-08 13:00:00,350.46875,27.599999999999987,-0.0,438.8,319.0310861256793,-60.731250000000024
2024-04-08 14:00:00,303.2291666666667,26.199999999999996,-0.0,351.8,297.4597633728869,-22.37083333333333
2024-04-08 15:00:00,294.11458333333337,26.099999999999987,29.385416666666686,549.6,107.16230360951403,-200.0
2024-04-08 16:00:00,172.3784722222222,20.99999999999999,321.0950632452467,521.9,100.0,-7.4264645325310665
2024-04-08 17:00:00,126.66145833333334,21.249999999999993,290.4938048245614,438.3,100.0,0.10526315789473087
2024-04-08 18:00:00,18.384463463392503,19.833333333333336,270.48746636116897,308.6,100.0,0.10526315789473087
2024-04-08 19:00:00,-0.0,20.99999999999999,108.50526315789476,129.4,100.0,0.10526315789473087
2024-04-08 20:00:00,-0.0,16.833333333333325,223.37192982456142,240.1,100.0,0.10526315789473087
2024-04-08 21:00:00,-0.0,13.249999999999991,403.35526315789474,416.5,100.0,0.10526315789473087
2024-04-08 22:00:00,-0.0,17.166666666666657,494.1385964912281,511.2,100.0,0.10526315789473087
2024-04-08 23:00:00,-0.0,15.499999999999991,288.60526315789474,304.0,100.0,0.10526315789473087
2024-04-09 00:00:00,-0.0,12.0,602.4052631578946,614.3,100.0,0.10526315789473087
2024-04-09 01:00:00,-0.0,11.25,291.65526315789475,302.8,100.0,0.10526315789473087
2024-04-09 02:00:00,-0.0,9.45,272.95526315789476,282.3,100.0,0.10526315789473087
2024-04-09 03:00:00,-0.0,12.899999999999988,219.70526315789476,232.5,100.0,0.10526315789473087
2024-04-09 04:00:00,-0.0,15.083333333333327,182.12192982456142,197.1,100.0,0.10526315789473087
2024-04-09 05:00:00,0.017969652803407773,11.949999999999996,168.93729350509136,180.8,100.0,0.10526315789473087
2024-04-09 06:00:00,1.4065328804361998,0.799999999999992,124.39873027745853,126.5,100.0,0.10526315789473087
2024-04-09 07:00:00,27.1176877038346,-0.0,80.68757545406012,107.7,100.0,0.10526315789473087
2024-04-09 08:00:00,137.39095350106555,-0.0,-0.0,38.9,193.46640582601228,98.49095350106555
2024-04-09 09:00:00,200.66039323806763,-0.0,-0.0,142.9,248.14531299635053,57.76039323806762
2024-04-09 10:00:00,292.72269884745276,-0.0,-0.0,98.7,432.2187315884343,194.02269884745277
2024-04-09 11:00:00,344.6418688032362,0.199999999999992,-0.0,420.7,359.72128821992027,-75.8581311967638
2024-04-09 12:00:00,348.81500085194904,-0.0,-0.0,460.8,252.9758177410519,-111.98499914805097
2024-04-09 13:00:00,321.00694444444446,-0.0,-0.0,282.1,289.6844391455331,38.906944444444434
2024-04-09 14:00:00,258.64930555555554,0.333333333333324,-0.0,331.6,220.40826165083195,-72.61736111111115
2024-04-09 15:00:00,152.34375,1.6666666666666559,254.07605344998484,534.6,100.0,-126.51352988334854
2024-04-09 16:00:00,144.32291666666666,5.066666666666665,570.9156798245614,720.2,100.0,0.10526315789473087
2024-04-09 17:00:00,63.17534722222221,9.499999999999991,236.32991593567252,308.9,100.0,0.10526315789473087
2024-04-09 18:00:00,7.2100694444444,5.533333333333332,125.461860380117,138.1,100.0,0.10526315789473087
2024-04-09 19:00:00,-0.0,11.699999999999989,113.50526315789473,125.1,100.0,0.10526315789473087
2024-04-09 20:00:00,-0.0,13.749999999999996,157.45526315789473,171.1,100.0,0.10526315789473087
2024-04-09 21:00:00,-0.0,12.899999999999988,354.60526315789474,367.4,100.0,0.10526315789473087
2024-04-09 22:00:00,-0.0,13.849999999999993,585.9552631578947,599.7,100.0,0.10526315789473087
2024-04-09 23:00:00,-0.0,12.299999999999999,346.90526315789475,359.1,100.0,0.10526315789473087
2024-04-10 00:00:00,-0.0,12.849999999999996,866.5552631578946,879.3,100.0,0.10526315789473087
2024-04-10 01:00:00,-0.0,12.899999999999988,300.60526315789474,313.4,100.0,0.10526315789473087
2024-04-10 02:00:00,-0.0,12.699999999999996,309.80526315789473,322.4,100.0,0.10526315789473087
2024-04-10 03:00:00,-0.0,13.399999999999991,128.10526315789474,141.4,100.0,0.10526315789473087
2024-04-10 04:00:00,-0.0,11.699999999999989,123.90526315789475,135.5,100.0,0.10526315789473087
2024-04-10 05:00:00,0.027376536486877334,9.849999999999996,241.62788662140787,251.4,100.0,0.10526315789473087
2024-04-10 06:00:00,3.5203367575174997,13.299999999999995,152.48492640037725,169.2,100.0,0.10526315789473087
2024-04-10 07:00:00,44.34029347366755,13.05,53.71496968422718,111.0,100.0,0.10526315789473087
2024-04-10 08:00:00,163.22855816947092,13.549999999999992,-0.0,57.5,213.21463026099735,119.27855816947091
2024-04-10 09:00:00,307.3,-0.0,-0.0,107.3,403.00141563073635,200.0
2024-04-10 10:00:00,224.82798503673092,-0.0,-0.0,122.3,500.0,102.52798503673094
2024-04-10 11:00:00,391.6263157894737,10.999999999999993,-0.0,402.1,500.0,0.5263157894736842
2024-04-10 12:00:00,374.24736870659723,10.05,-0.0,543.6,348.1625002712674,-159.30263129340278
2024-04-10 13:00:00,315.8003472222222,10.399999999999991,-0.0,208.4,459.7246676321072,117.80034722222216
2024-04-10 14:00:00,369.828125,16.333333333333318,-0.0,452.1,396.62332838114173,-65.93854166666671
2024-04-10 15:00:00,291.99305555555554,16.083333333333336,147.2236111111111,655.3,206.22670505276056,-200.0
2024-04-10 16:00:00,203.3298611111111,11.199999999999996,-0.0,278.2,145.53384640326334,-63.67013888888891
2024-04-10 17:00:00,95.82118055555556,7.599999999999996,381.40164833196013,532.6,100.0,-47.777171112484304
2024-04-10 18:00:00,17.265625,7.333333333333332,150.20630482456139,174.7,100.0,0.10526315789473087
2024-04-10 19:00:00,-0.0,3.1999999999999917,168.00526315789475,171.1,100.0,0.10526315789473087
2024-04-10 20:00:00,-0.0,5.733333333333324,236.5719298245614,242.2,100.0,0.10526315789473087
2024-04-10 21:00:00,-0.0,4.86666666666666,215.43859649122805,220.2,100.0,0.10526315789473087
2024-04-10 22:00:00,-0.0,1.26666666666666,732.438596491228,733.6,100.0,0.10526315789473087
2024-04-10 23:00:00,-0.0,-0.0,275.0052631578947,274.9,100.0,0.10526315789473087
2024-04-11 00:00:00,-0.0,-0.0,833.8052631578947,833.7,100.0,0.10526315789473087
2024-04-11 01:00:00,-0.0,-0.0,437.70526315789476,437.6,100.0,0.10526315789473087
2024-04-11 02:00:00,-0.0,-0.0,80.90526315789472,80.8,100.0,0.10526315789473087
2024-04-11 03:00:00,-0.0,-0.0,149.00526315789475,148.9,100.0,0.10526315789473087
2024-04-11 04:00:00,-0.0,-0.0,164.50526315789475,164.4,100.0,0.10526315789473087
2024-04-11 05:00:00,0.034471193018058933,-0.0,311.27079196487665,311.2,100.0,0.10526315789473087
2024-04-11 06:00:00,3.5043212657587,0.799999999999992,78.70094189213603,82.9,100.0,0.10526315789473087
2024-04-11 07:00:00,56.3255422645145,-0.0,130.27972089338024,186.5,100.0,0.10526315789473087
2024-04-11 08:00:00,180.04857778549194,6.133333333333332,-0.0,172.0,113.37281556288401,14.181911118825276
2024-04-11 09:00:00,294.14405822753906,6.8666666666666645,-0.0,156.3,250.73463139681655,144.71072489420573
2024-04-11 10:00:00,369.40542538960773,-0.0,-0.0,187.7,423.10405088554705,181.70542538960774
2024-04-11 11:00:00,327.3198016484579,1.2,-0.0,334.7,416.80975840069647,-6.1801983515421055
2024-04-11 12:00:00,267.1714345084296,-0.0,-0.0,447.3,245.27081142530392,-180.12856549157038
2024-04-11 13:00:00,226.85069444444446,-0.0,-0.0,346.5,131.35870033610084,-119.64930555555554
2024-04-11 14:00:00,305.96874999999994,0.866666666666664,212.39369740094952,552.1,100.0,-32.87088593238393
2024-04-11 15:00:00,340.7638888888889,3.866666666666664,-0.0,307.7,134.9840277777778,36.93055555555559
2024-04-11 16:00:00,268.4375,2.133333333333324,273.4459627192982,580.7,100.0,-36.68320394736845
2024-04-11 17:00:00,152.15277777777774,1.733333333333328,217.41915204678364,371.2,100.0,0.10526315789473087
2024-04-11 18:00:00,16.31076388888885,-0.0,152.89449926900588,169.1,100.0,0.10526315789473087
2024-04-11 19:00:00,-0.0,-0.0,157.20526315789473,157.1,100.0,0.10526315789473087
2024-04-11 20:00:00,-0.0,-0.0,234.80526315789473,234.7,100.0,0.10526315789473087
2024-04-11 21:00:00,-0.0,-0.0,332.30526315789473,332.2,100.0,0.10526315789473087
2024-04-11 22:00:00,-0.0,0.199999999999992,532.4052631578946,532.5,100.0,0.10526315789473087
2024-04-11 23:00:00,-0.0,1.86666666666666,273.0385964912281,274.8,100.0,0.10526315789473087
2024-04-12 00:00:00,-0.0,1.2,902.4052631578946,903.5,100.0,0.10526315789473087
2024-04-12 01:00:00,-0.0,4.2,363.60526315789474,367.7,100.0,0.10526315789473087
2024-04-12 02:00:00,-0.0,4.666666666666656,350.03859649122813,354.6,100.0,0.10526315789473087
2024-04-12 03:00:00,-0.0,4.733333333333328,163.37192982456142,168.0,100.0,0.10526315789473087
2024-04-12 04:00:00,-0.0,2.599999999999992,192.00526315789475,194.5,100.0,0.10526315789473087
2024-04-12 05:00:00,0.06433669063780001,2.733333333333324,334.8075931339236,337.5,100.0,0.10526315789473087
2024-04-12 06:00:00,1.6366247222241,1.066666666666656,246.40197176900398,249.0,100.0,0.10526315789473087
2024-04-12 07:00:00,22.694831920994652,5.599999999999992,41.11043123690008,69.3,100.0,0.10526315789473087
2024-04-12 08:00:00,47.979475789599945,6.266666666666664,76.15912070162814,130.3,100.0,0.10526315789473087
2024-04-12 09:00:00,57.5913212696711,5.333333333333328,51.980608554890296,114.8,100.0,0.10526315789473087
2024-04-12 10:00:00,127.2581926981608,3.799999999999992,34.54707045973396,165.5,100.0,0.10526315789473087
2024-04-12 11:00:00,250.82169188393488,6.199999999999991,185.48357127395985,442.4,100.0,0.10526315789473087
2024-04-12 12:00:00,160.2158264054192,6.0,195.78943675247552,361.9,100.0,0.10526315789473087
2024-04-12 13:00:00,151.57118055555554,7.666666666666656,181.16741593567258,340.3,100.0,0.10526315789473087
2024-04-12 14:00:00,171.140625,6.333333333333324,95.43130482456144,272.8,100.0,0.10526315789473087
2024-04-12 15:00:00,77.98090277777774,7.066666666666668,62.357693713450345,147.3,100.0,0.10526315789473087
2024-04-12 16:00:00,83.24131944444444,8.349999999999996,375.21394371345025,466.7,100.0,0.10526315789473087
2024-04-12 17:00:00,34.4444444444444,6.0,158.06081871345035,198.4,100.0,0.10526315789473087
2024-04-12 18:00:00,2.875,3.466666666666656,211.56359649122808,217.8,100.0,0.10526315789473087
2024-04-12 19:00:00,-0.0,1.999999999999992,187.40526315789475,189.3,100.0,0.10526315789473087
2024-04-12 20:00:00,-0.0,1.333333333333332,270.87192982456145,272.1,100.0,0.10526315789473087
2024-04-12 21:00:00,-0.0,0.5999999999999881,415.3052631578948,415.8,100.0,0.10526315789473087
2024-04-12 22:00:00,-0.0,0.333333333333324,1077.0719298245615,1077.3,100.0,0.10526315789473087
2024-04-12 23:00:00,-0.0,0.06666666666666,500.0385964912281,500.0,100.0,0.10526315789473087
2024-04-13 00:00:00,-0.0,0.999999999999996,857.8052631578947,858.7,100.0,0.10526315789473087
2024-04-13 01:00:00,-0.0,0.999999999999996,355.10526315789474,356.0,100.0,0.10526315789473087
2024-04-13 02:00:00,-0.0,0.333333333333324,380.57192982456144,380.8,100.0,0.10526315789473087
2024-04-13 03:00:00,-0.0,0.799999999999992,307.40526315789475,308.1,100.0,0.10526315789473087
2024-04-13 04:00:00,-0.0,1.799999999999988,272.30526315789473,274.0,100.0,0.10526315789473087
2024-04-13 05:00:00,0.0584003474149,1.999999999999992,293.8468628104799,295.8,100.0,0.10526315789473087
2024-04-13 06:00:00,1.5414474542355998,1.5333333333333241,99.13048237032581,102.1,100.0,0.10526315789473087
2024-04-13 07:00:00,18.26607281135185,-0.0,74.63919034654288,92.8,100.0,0.10526315789473087
2024-04-13 08:00:00,35.0430182284779,0.933333333333324,128.2289115960835,164.1,100.0,0.10526315789473087
2024-04-13 09:00:00,99.5220547914505,-0.0,-0.0,89.4,109.51595205187797,10.122054791450495
2024-04-13 10:00:00,204.73039097256128,-0.0,-0.0,53.6,252.9803075237593,151.1303909725613
2024-04-13 11:00:00,223.1477660602993,3.733333333333332,-0.0,374.1,112.86937164018653,-147.2189006063674
2024-04-13 12:00:00,279.46961826748316,6.8666666666666645,-0.0,298.5,101.20097295598868,-12.16371506585018
2024-04-13 13:00:00,336.99259122212726,5.8666666666666565,80.3830873922243,424.4,100.0,-1.15765471898177
2024-04-13 14:00:00,279.9775727589925,3.733333333333332,-0.0,170.9,207.07036078770955,112.81090609232582
2024-04-13 15:00:00,185.87429788377548,1.933333333333332,264.8046946492892,565.1,100.0,-112.48767413360196
2024-04-13 16:00:00,46.13819413714935,-0.0,301.4670690207454,347.5,100.0,0.10526315789473087
2024-04-13 17:00:00,35.6287257042196,-0.0,269.8765374536751,305.4,100.0,0.10526315789473087
2024-04-13 18:00:00,4.85634594845275,-0.0,361.74891720944197,366.5,100.0,0.10526315789473087
2024-04-13 19:00:00,-0.0,-0.0,341.10526315789474,341.0,100.0,0.10526315789473087
2024-04-13 20:00:00,-0.0,-0.0,173.70526315789473,173.6,100.0,0.10526315789473087
2024-04-13 21:00:00,-0.0,-0.0,96.20526315789472,96.1,100.0,0.10526315789473087
2024-04-13 22:00:00,-0.0,-0.0,869.4052631578946,869.3,100.0,0.10526315789473087
2024-04-13 23:00:00,-0.0,-0.0,180.10526315789474,180.0,100.0,0.10526315789473087
2024-04-14 00:00:00,-0.0,-0.0,588.3052631578947,588.2,100.0,0.10526315789473087
2024-04-14 01:00:00,-0.0,-0.0,289.40526315789475,289.3,100.0,0.10526315789473087
2024-04-14 02:00:00,-0.0,-0.0,104.20526315789472,104.1,100.0,0.10526315789473087
2024-04-14 03:00:00,-0.0,-0.0,146.90526315789475,146.8,100.0,0.10526315789473087
2024-04-14 04:00:00,-0.0,-0.0,198.00526315789475,197.9,100.0,0.10526315789473087
2024-04-14 05:00:00,0.04431420212818516,-0.0,208.66094895576654,208.6,100.0,0.10526315789473087
2024-04-14 06:00:00,1.32184718373335,-0.0,82.08341597416137,83.3,100.0,0.10526315789473087
2024-04-14 07:00:00,21.421704979406453,-0.0,86.78355817848826,108.1,100.0,0.10526315789473087
2024-04-14 08:00:00,61.02292087343,-0.0,17.88234228446472,78.8,100.0,0.10526315789473087
2024-04-14 09:00:00,134.6496727731493,-0.0,1.9555903847454488,136.5,100.0,0.10526315789473087
2024-04-14 10:00:00,118.55154633522031,-0.0,15.453716822674437,133.9,100.0,0.10526315789473087
2024-04-14 11:00:00,326.590334839291,-0.0,-0.0,320.3,105.87581809732646,6.290334839291006
2024-04-14 12:00:00,286.4045641157362,5.199999999999996,72.72181243244364,370.4,100.0,-6.073623451820135
2024-04-14 13:00:00,191.78003629048666,5.666666666666664,49.65856020074142,247.0,100.0,0.10526315789473087
2024-04-14 14:00:00,240.09124755859375,3.06666666666666,87.3473489326343,330.4,100.0,0.10526315789473087
2024-04-14 15:00:00,256.91789521111383,-0.0,148.0873679467809,404.9,100.0,0.10526315789473087
2024-04-14 16:00:00,175.6820668114556,0.06666666666666,316.65652967977246,492.3,100.0,0.10526315789473087
2024-04-14 17:00:00,102.80525525410971,5.066666666666665,252.73334123711837,360.5,100.0,0.10526315789473087
2024-04-14 18:00:00,6.481788065284451,-0.0,157.4234750926103,163.8,100.0,0.10526315789473087
2024-04-14 19:00:00,-0.0,-0.0,202.40526315789475,202.3,100.0,0.10526315789473087
2024-04-14 20:00:00,-0.0,-0.0,234.10526315789474,234.0,100.0,0.10526315789473087
2024-04-14 21:00:00,-0.0,-0.0,401.80526315789473,401.7,100.0,0.10526315789473087
2024-04-14 22:00:00,-0.0,-0.0,623.6052631578947,623.5,100.0,0.10526315789473087
2024-04-14 23:00:00,-0.0,-0.0,208.90526315789475,208.8,100.0,0.10526315789473087
2024-04-15 00:00:00,-0.0,-0.0,602.5052631578947,602.4,100.0,0.10526315789473087
2024-04-15 01:00:00,-0.0,-0.0,212.40526315789475,212.3,100.0,0.10526315789473087
2024-04-15 02:00:00,-0.0,-0.0,80.40526315789472,80.3,100.0,0.10526315789473087
2024-04-15 03:00:00,-0.0,-0.0,246.20526315789473,246.1,100.0,0.10526315789473087
2024-04-15 04:00:00,-0.0,-0.0,239.90526315789475,239.8,100.0,0.10526315789473087
2024-04-15 05:00:00,0.07142871204345,-0.0,196.23383444585127,196.2,100.0,0.10526315789473087
2024-04-15 06:00:00,4.1498535566238495,3.799999999999992,34.15540960127089,42.0,100.0,0.10526315789473087
2024-04-15 07:00:00,35.579731563727044,8.499999999999996,100.72553159416768,144.7,100.0,0.10526315789473087
2024-04-15 08:00:00,105.73325435320535,10.999999999999993,-0.0,29.7,182.58159163554507,87.03325435320534
2024-04-15 09:00:00,200.0,-0.0,-0.0,0.0,372.3990100439095,200.0
2024-04-15 10:00:00,276.81079917483856,22.333333333333332,-0.0,216.4,450.6335369166289,82.74413250817189
2024-04-15 11:00:00,160.9340649180942,18.999999999999996,-0.0,282.5,352.7452650519017,-102.56593508190579
2024-04-15 12:00:00,150.9154201613532,12.899999999999988,97.18457983864681,461.0,162.3925197868498,-200.0
2024-04-15 13:00:00,81.73263888888884,12.299999999999999,427.561963987887,587.1,100.0,-65.50539712322414
2024-04-15 14:00:00,287.06944444444446,13.5,250.03581871345023,550.5,100.0,0.10526315789473087
2024-04-15 15:00:00,260.50347222222223,17.416666666666668,158.28512426900585,436.1,100.0,0.10526315789473087
2024-04-15 16:00:00,151.16493055555554,12.6,217.04033260233916,380.7,100.0,0.10526315789473087
2024-04-15 17:00:00,67.0052083333333,7.199999999999999,222.20005482456145,296.3,100.0,0.10526315789473087
2024-04-15 18:00:00,7.78993055555555,4.066666666666668,135.74866593567253,147.5,100.0,0.10526315789473087
2024-04-15 19:00:00,-0.0,-0.0,125.30526315789473,125.2,100.0,0.10526315789473087
2024-04-15 20:00:00,-0.0,-0.0,294.10526315789474,294.0,100.0,0.10526315789473087
2024-04-15 21:00:00,-0.0,-0.0,326.30526315789473,326.2,100.0,0.10526315789473087
2024-04-15 22:00:00,-0.0,-0.0,560.3052631578947,560.2,100.0,0.10526315789473087
2024-04-15 23:00:00,-0.0,-0.0,324.10526315789474,324.0,100.0,0.10526315789473087
2024-04-16 00:00:00,-0.0,-0.0,641.3052631578947,641.2,100.0,0.10526315789473087
2024-04-16 01:00:00,-0.0,-0.0,387.20526315789476,387.1,100.0,0.10526315789473087
2024-04-16 02:00:00,-0.0,-0.0,266.80526315789473,266.7,100.0,0.10526315789473087
2024-04-16 03:00:00,-0.0,2.266666666666656,193.7385964912281,195.9,100.0,0.10526315789473087
2024-04-16 04:00:00,-0.0,3.1999999999999917,251.90526315789475,255.0,100.0,0.10526315789473087
2024-04-16 05:00:00,0.04973059597735604,-0.0,226.45553256191738,226.4,100.0,0.10526315789473087
2024-04-16 06:00:00,1.7249442119565002,-0.0,47.98031894593824,49.6,100.0,0.10526315789473087
2024-04-16 07:00:00,36.6189754050639,0.799999999999992,114.98628775283086,152.3,100.0,0.10526315789473087
2024-04-16 08:00:00,102.72769451141355,3.333333333333324,-0.0,65.2,138.71797645250953,40.861027844746864
2024-04-16 09:00:00,139.3839563263787,1.26666666666666,-0.0,169.9,110.7923503194501,-29.249377006954653
2024-04-16 10:00:00,89.49879063500295,-0.0,220.95746413433324,321.7,100.0,-11.243745230663828
2024-04-16 11:00:00,102.47754044002954,-0.0,503.12772271786514,605.5,100.0,0.10526315789473087
2024-04-16 12:00:00,143.6409081882901,-0.0,342.06435496960466,485.6,100.0,0.10526315789473087
2024-04-16 13:00:00,102.8784722222222,-0.0,188.72679093567254,291.5,100.0,0.10526315789473087
2024-04-16 14:00:00,58.68576388888885,-0.0,324.9194992690059,383.5,100.0,0.10526315789473087
2024-04-16 15:00:00,153.38368055555554,-0.0,251.12158260233917,404.4,100.0,0.10526315789473087
2024-04-16 16:00:00,125.46527777777774,8.349999999999996,350.589985380117,484.3,100.0,0.10526315789473087
2024-04-16 17:00:00,88.53125,12.149999999999988,202.02401315789479,302.6,100.0,0.10526315789473087
2024-04-16 18:00:00,11.8506944444444,13.299999999999995,58.95456871345033,84.0,100.0,0.10526315789473087
2024-04-16 19:00:00,-0.0,10.35,162.85526315789474,173.1,100.0,0.10526315789473087
2024-04-16 20:00:00,-0.0,11.449999999999992,172.85526315789474,184.2,100.0,0.10526315789473087
2024-04-16 21:00:00,-0.0,14.749999999999993,431.2552631578947,445.9,100.0,0.10526315789473087
2024-04-16 22:00:00,-0.0,13.2,683.0052631578947,696.1,100.0,0.10526315789473087
2024-04-16 23:00:00,-0.0,11.799999999999995,130.20526315789476,141.9,100.0,0.10526315789473087
2024-04-17 00:00:00,-0.0,11.799999999999995,767.1052631578947,778.8,100.0,0.10526315789473087
2024-04-17 01:00:00,-0.0,16.666666666666668,346.93859649122805,363.5,100.0,0.10526315789473087
2024-04-17 02:00:00,-0.0,13.899999999999997,209.90526315789472,223.7,100.0,0.10526315789473087
2024-04-17 03:00:00,-0.0,17.749999999999993,384.45526315789476,402.1,100.0,0.10526315789473087
2024-04-17 04:00:00,-0.0,15.249999999999996,261.95526315789476,277.1,100.0,0.10526315789473087
2024-04-17 05:00:00,0.062216443216600005,10.699999999999992,247.74304671467812,258.4,100.0,0.10526315789473087
2024-04-17 06:00:00,4.30457334965465,9.949999999999992,104.0506898082401,118.2,100.0,0.10526315789473087
2024-04-17 07:00:00,45.72316186295615,17.24999999999999,74.43210129493862,137.3,100.0,0.10526315789473087
2024-04-17 08:00:00,161.88568962944873,13.5,-0.0,65.4,204.3864051479763,109.98568962944873
2024-04-17 09:00:00,200.0,-0.0,-0.0,0.0,394.1820187428283,200.0
2024-04-17 10:00:00,219.70227713254158,13.899999999999997,-0.0,121.8,500.0,111.8022771325416
2024-04-17 11:00:00,381.89154730902777,11.899999999999991,-0.0,526.7,373.23696994357636,-132.9084526909723
2024-04-17 12:00:00,342.0212170283,15.416666666666664,-0.0,402.8,329.76972248385107,-45.36211630503336
2024-04-17 13:00:00,262.05902777777777,13.35,-0.0,434.5,178.3035291502561,-159.09097222222223
2024-04-17 14:00:00,226.99305555555554,15.16666666666667,101.70319817661374,426.1,100.0,-82.23707960116404
2024-04-17 15:00:00,236.69270833333331,18.416666666666664,167.49588815789474,422.5,100.0,0.10526315789473087
2024-04-17 16:00:00,264.28645833333337,13.299999999999995,50.31880482456137,327.8,100.0,0.10526315789473087
2024-04-17 17:00:00,121.21875,15.0,175.18651315789475,311.3,100.0,0.10526315789473087
2024-04-17 18:00:00,16.80902777777775,11.699999999999989,170.096235380117,198.5,100.0,0.10526315789473087
2024-04-17 19:00:00,-0.0,9.199999999999992,226.20526315789476,235.3,100.0,0.10526315789473087
2024-04-17 20:00:00,-0.0,10.05,244.65526315789472,254.6,100.0,0.10526315789473087
2024-04-17 21:00:00,-0.0,11.749999999999991,280.05526315789473,291.7,100.0,0.10526315789473087
2024-04-17 22:00:00,-0.0,9.45,619.3552631578947,628.7,100.0,0.10526315789473087
2024-04-17 23:00:00,-0.0,4.933333333333332,437.7719298245614,442.6,100.0,0.10526315789473087
2024-04-18 00:00:00,-0.0,6.199999999999991,849.7052631578946,855.8,100.0,0.10526315789473087
2024-04-18 01:00:00,-0.0,8.349999999999996,371.7552631578947,380.0,100.0,0.10526315789473087
2024-04-18 02:00:00,-0.0,9.049999999999992,211.65526315789475,220.6,100.0,0.10526315789473087
2024-04-18 03:00:00,-0.0,8.799999999999997,223.60526315789474,232.3,100.0,0.10526315789473087
2024-04-18 04:00:00,-0.0,6.66666666666666,224.03859649122808,230.6,100.0,0.10526315789473087
2024-04-18 05:00:00,0.06885475039275,7.199999999999999,190.936408407502,198.1,100.0,0.10526315789473087
2024-04-18 06:00:00,9.45642286290725,8.049999999999995,112.29884029498749,129.7,100.0,0.10526315789473087
2024-04-18 07:00:00,66.58069981469045,6.799999999999992,55.424563343204284,128.7,100.0,0.10526315789473087
2024-04-18 08:00:00,170.14942328135172,6.266666666666664,-0.0,16.4,251.91528545061743,160.01608994801836
2024-04-18 09:00:00,270.51608880360925,5.8666666666666565,-0.0,127.3,393.2919878619289,149.08275547027588
2024-04-18 10:00:00,289.27154820273654,4.86666666666666,-0.0,181.4,500.0,112.73821486940321
2024-04-18 11:00:00,404.18363094329834,5.466666666666661,-0.0,437.8,472.7577827294667,-28.14970239003501
2024-04-18 12:00:00,318.1360527674357,5.199999999999996,-0.0,405.7,394.0392750758012,-82.36394723256433
2024-04-18 13:00:00,424.75694444444446,4.333333333333332,-0.0,588.6,242.1109996896143,-159.50972222222222
2024-04-18 14:00:00,389.0451388888889,5.333333333333328,19.28585547259388,563.0,100.0,-149.3356723051839
2024-04-18 15:00:00,325.7291666666667,6.333333333333324,-0.0,296.6,133.589375,35.462499999999984
2024-04-18 16:00:00,204.19444444444446,4.133333333333328,-0.0,174.7,165.4021745138889,33.627777777777794
2024-04-18 17:00:00,111.0677083333333,2.666666666666664,88.59533832697373,271.0,100.0,-68.67028667302631
2024-04-18 18:00:00,17.91493055555555,5.8666666666666565,126.72366593567256,150.4,100.0,0.10526315789473087
2024-04-18 19:00:00,-0.0,3.66666666666666,216.03859649122808,219.6,100.0,0.10526315789473087
2024-04-18 20:00:00,-0.0,4.333333333333332,166.5719298245614,170.8,100.0,0.10526315789473087
2024-04-18 21:00:00,-0.0,2.599999999999992,360.6052631578948,363.1,100.0,0.10526315789473087
2024-04-18 22:00:00,-0.0,2.1999999999999957,876.9052631578946,879.0,100.0,0.10526315789473087
2024-04-18 23:00:00,-0.0,2.1999999999999957,240.30526315789476,242.4,100.0,0.10526315789473087
2024-04-19 00:00:00,-0.0,3.5999999999999877,504.70526315789476,508.2,100.0,0.10526315789473087
2024-04-19 01:00:00,-0.0,7.26666666666666,384.6385964912281,391.8,100.0,0.10526315789473087
2024-04-19 02:00:00,-0.0,9.999999999999996,241.60526315789474,251.5,100.0,0.10526315789473087
2024-04-19 03:00:00,-0.0,10.749999999999996,280.85526315789474,291.5,100.0,0.10526315789473087
2024-04-19 04:00:00,-0.0,13.299999999999995,361.5052631578947,374.7,100.0,0.10526315789473087
2024-04-19 05:00:00,0.0725242997416,13.849999999999993,256.8827388581532,270.7,100.0,0.10526315789473087
2024-04-19 06:00:00,7.23588094166995,19.999999999999993,149.56938221622477,176.7,100.0,0.10526315789473087
2024-04-19 07:00:00,65.84051618973415,16.833333333333325,205.0314136348273,287.6,100.0,0.10526315789473087
2024-04-19 08:00:00,144.5677239365048,22.24999999999999,-0.0,107.4,156.34683773967953,59.41772393650477
2024-04-19 09:00:00,211.24731858571369,19.333333333333332,-0.0,79.4,299.81211022503453,151.18065191904702
2024-04-19 10:00:00,257.69329415427313,16.333333333333318,-0.0,221.6,349.3175942280356,52.42662748760645
2024-04-19 11:00:00,330.78096866607666,13.299999999999995,-0.0,400.6,295.2751968665804,-56.519031333923365
2024-04-19 12:00:00,372.1605910195245,11.899999999999991,-0.0,348.7,328.5724831382621,35.36059101952448
2024-04-19 13:00:00,339.34027777777777,12.499999999999993,-0.0,458.4,227.01217454401274,-106.5597222222222
2024-04-19 14:00:00,362.65625,13.999999999999991,-0.0,309.3,290.77359986946874,67.35624999999997
2024-04-19 15:00:00,281.09027777777777,13.549999999999992,-0.0,422.2,169.3010901584882,-127.55972222222222
2024-04-19 16:00:00,104.9392361111111,12.299999999999999,187.69045960643655,377.7,100.0,-72.77030428245233
2024-04-19 17:00:00,107.57291666666664,7.333333333333332,72.39901315789474,187.2,100.0,0.10526315789473087
2024-04-19 18:00:00,18.3784722222222,9.349999999999993,292.2767909356726,319.9,100.0,0.10526315789473087
2024-04-19 19:00:00,-0.0,8.449999999999992,98.05526315789474,106.4,100.0,0.10526315789473087
2024-04-19 20:00:00,-0.0,8.499999999999996,59.30526315789473,67.7,100.0,0.10526315789473087
2024-04-19 21:00:00,-0.0,4.86666666666666,187.53859649122808,192.3,100.0,0.10526315789473087
2024-04-19 22:00:00,-0.0,2.599999999999992,497.90526315789475,500.4,100.0,0.10526315789473087
2024-04-19 23:00:00,-0.0,4.799999999999987,240.10526315789477,244.8,100.0,0.10526315789473087
2024-04-20 00:00:00,-0.0,2.333333333333328,902.7719298245613,905.0,100.0,0.10526315789473087
2024-04-20 01:00:00,-0.0,4.86666666666666,368.8385964912281,373.6,100.0,0.10526315789473087
2024-04-20 02:00:00,-0.0,3.266666666666664,367.0385964912281,370.2,100.0,0.10526315789473087
2024-04-20 03:00:00,-0.0,2.266666666666656,166.2385964912281,168.4,100.0,0.10526315789473087
2024-04-20 04:00:00,-0.0,4.599999999999996,133.00526315789475,137.5,100.0,0.10526315789473087
2024-04-20 05:00:00,0.04760067496034834,3.466666666666656,270.8909958162678,274.3,100.0,0.10526315789473087
2024-04-20 06:00:00,2.55464275471035,5.8666666666666565,136.98395373651775,145.3,100.0,0.10526315789473087
2024-04-20 07:00:00,51.4138629618618,6.133333333333332,40.2580668626996,97.7,100.0,0.10526315789473087
2024-04-20 08:00:00,133.4193710486094,3.799999999999992,-0.0,46.1,186.46340249617896,91.11937104860941
2024-04-20 09:00:00,272.4,-0.0,-0.0,72.4,376.2769390936828,200.0
2024-04-20 10:00:00,305.33088194253776,-0.0,-0.0,174.7,500.0,130.63088194253774
2024-04-20 11:00:00,249.859649122807,2.866666666666656,-0.0,252.2,500.0,0.5263157894736842
2024-04-20 12:00:00,389.05964912280706,3.466666666666656,-0.0,392.0,500.0,0.5263157894736842
2024-04-20 13:00:00,241.89298245614034,1.933333333333332,-0.0,243.3,500.0,0.5263157894736842
2024-04-20 14:00:00,286.3263157894737,2.1999999999999957,-0.0,288.0,500.0,0.5263157894736842
2024-04-20 15:00:00,312.87847222222223,4.533333333333324,-0.0,432.3,390.3562152777778,-114.88819444444445
2024-04-20 16:00:00,209.70833333333331,0.999999999999996,106.49166666666673,517.2,199.9658590625,-200.0
2024-04-20 17:00:00,69.18402777777776,-0.0,202.79924253439327,377.0,100.0,-105.01672968782894
2024-04-20 18:00:00,14.6284722222222,-0.0,184.67679093567253,199.2,100.0,0.10526315789473087
2024-04-20 19:00:00,-0.0,-0.0,109.60526315789473,109.5,100.0,0.10526315789473087
2024-04-20 20:00:00,-0.0,-0.0,61.00526315789473,60.9,100.0,0.10526315789473087
2024-04-20 21:00:00,-0.0,-0.0,284.80526315789473,284.7,100.0,0.10526315789473087
2024-04-20 22:00:00,-0.0,-0.0,866.8052631578947,866.7,100.0,0.10526315789473087
2024-04-20 23:00:00,-0.0,-0.0,217.20526315789473,217.1,100.0,0.10526315789473087
2024-04-21 00:00:00,-0.0,0.799999999999992,491.90526315789475,492.6,100.0,0.10526315789473087
2024-04-21 01:00:00,-0.0,4.133333333333328,362.8719298245614,366.9,100.0,0.10526315789473087
2024-04-21 02:00:00,-0.0,3.1999999999999917,244.40526315789475,247.5,100.0,0.10526315789473087
2024-04-21 03:00:00,-0.0,3.799999999999992,238.30526315789476,242.0,100.0,0.10526315789473087
2024-04-21 04:00:00,-0.0,2.9333333333333282,248.1719298245614,251.0,100.0,0.10526315789473087
2024-04-21 05:00:00,0.07558596993069999,3.133333333333332,335.5963438546307,338.7,100.0,0.10526315789473087
2024-04-21 06:00:00,3.1786657264456,3.333333333333324,282.9932640981158,289.4,100.0,0.10526315789473087
2024-04-21 07:00:00,46.49785636199845,2.333333333333328,71.17407346256294,119.9,100.0,0.10526315789473087
2024-04-21 08:00:00,143.91953428586325,3.1999999999999917,-0.0,50.3,191.87855757157007,96.81953428586324
2024-04-21 09:00:00,231.11678454611035,3.133333333333332,-0.0,177.4,245.69429099947,56.85011787944368
2024-04-21 10:00:00,345.47836621602374,5.066666666666665,-0.0,154.0,432.16637794702643,196.5450328826904
2024-04-21 11:00:00,284.19205799746027,7.066666666666668,-0.0,219.4,500.0,71.85872466412691
2024-04-21 12:00:00,169.89298245614034,6.733333333333332,-0.0,176.1,500.0,0.5263157894736842
2024-04-21 13:00:00,380.8576388888889,5.533333333333332,-0.0,421.3,466.3364236111111,-34.909027777777766
2024-04-21 14:00:00,326.88194444444446,5.199999999999996,34.418055555555554,566.5,275.8700871875,-200.0
2024-04-21 15:00:00,250.72569444444443,4.733333333333328,-0.0,203.0,325.43029348920135,52.459027777777756
2024-04-21 16:00:00,216.16145833333331,4.2,109.53854166666667,529.9,135.10486319571214,-200.0
2024-04-21 17:00:00,67.51215277777776,1.933333333333332,110.54424195992426,216.8,100.0,-36.81027192896465
2024-04-21 18:00:00,8.4253472222222,1.733333333333328,62.546582602339186,72.6,100.0,0.10526315789473087
2024-04-21 19:00:00,-0.0,1.26666666666666,71.93859649122805,73.1,100.0,0.10526315789473087
2024-04-21 20:00:00,-0.0,-0.0,31.80526315789473,31.7,100.0,0.10526315789473087
2024-04-21 21:00:00,-0.0,-0.0,350.70526315789476,350.6,100.0,0.10526315789473087
2024-04-21 22:00:00,-0.0,-0.0,782.9052631578946,782.8,100.0,0.10526315789473087
2024-04-21 23:00:00,-0.0,-0.0,238.20526315789473,238.1,100.0,0.10526315789473087
2024-04-22 00:00:00,-0.0,-0.0,446.20526315789476,446.1,100.0,0.10526315789473087
2024-04-22 01:00:00,-0.0,0.199999999999992,193.70526315789476,193.8,100.0,0.10526315789473087
2024-04-22 02:00:00,-0.0,-0.0,235.60526315789474,235.5,100.0,0.10526315789473087
2024-04-22 03:00:00,-0.0,1.333333333333332,127.17192982456142,128.4,100.0,0.10526315789473087
2024-04-22 04:00:00,-0.0,0.866666666666664,223.73859649122807,224.5,100.0,0.10526315789473087
2024-04-22 05:00:00,0.0843823370006,-0.0,254.42088082089415,254.4,100.0,0.10526315789473087
2024-04-22 06:00:00,4.41615369843525,0.999999999999996,61.889109459459476,67.2,100.0,0.10526315789473087
2024-04-22 07:00:00,44.8195558124118,2.666666666666664,90.81904067881626,138.2,100.0,0.10526315789473087
2024-04-22 08:00:00,146.01834681298993,1.5999999999999959,-0.0,31.9,209.83242947234044,115.71834681298992
2024-04-22 09:00:00,246.3085381189982,2.599999999999992,-0.0,79.9,370.1807082559164,169.0085381189982
2024-04-22 10:00:00,315.50821661649775,4.733333333333328,-0.0,183.2,500.0,137.0415499498311
2024-04-22 11:00:00,379.0279653337267,6.0,-0.0,417.9,468.2715670670404,-32.872034666273294
2024-04-22 12:00:00,349.6912678947649,7.3999999999999915,-0.0,323.2,500.0,33.891267894764916
2024-04-22 13:00:00,415.9548611111111,6.733333333333332,-0.0,618.0,313.95378472222217,-195.3118055555556
2024-04-22 14:00:00,383.71527777777777,6.466666666666656,-0.0,409.6,295.1926781597221,-19.418055555555597
2024-04-22 15:00:00,321.42361111111114,6.6,-0.0,314.7,307.554916037118,13.323611111111154
2024-04-22 16:00:00,232.71875,6.133333333333332,28.947916666666686,467.8,117.24736112108087,-200.0
2024-04-22 17:00:00,107.578125,8.099999999999987,285.7901763053055,419.5,100.0,-18.03169869469451
2024-04-22 18:00:00,11.33854166666665,8.499999999999996,131.1667214912281,150.9,100.0,0.10526315789473087
2024-04-22 19:00:00,-0.0,4.3999999999999915,236.60526315789474,240.9,100.0,0.10526315789473087
2024-04-22 20:00:00,-0.0,5.666666666666664,82.13859649122807,87.7,100.0,0.10526315789473087
2024-04-22 21:00:00,-0.0,5.266666666666656,457.8385964912281,463.0,100.0,0.10526315789473087
2024-04-22 22:00:00,-0.0,8.749999999999993,663.0552631578947,671.7,100.0,0.10526315789473087
2024-04-22 23:00:00,-0.0,7.599999999999996,256.2052631578947,263.7,100.0,0.10526315789473087
2024-04-23 00:00:00,-0.0,6.999999999999996,662.2052631578947,669.1,100.0,0.10526315789473087
2024-04-23 01:00:00,-0.0,6.266666666666664,254.4385964912281,260.6,100.0,0.10526315789473087
2024-04-23 02:00:00,-0.0,8.799999999999997,224.30526315789473,233.0,100.0,0.10526315789473087
2024-04-23 03:00:00,-0.0,4.933333333333332,259.9719298245614,264.8,100.0,0.10526315789473087
2024-04-23 04:00:00,-0.0,2.266666666666656,155.53859649122808,157.7,100.0,0.10526315789473087
2024-04-23 05:00:00,0.061723164075749994,4.066666666666668,238.97687332715233,243.0,100.0,0.10526315789473087
2024-04-23 06:00:00,3.9612891393092498,5.199999999999996,37.04397401858549,46.1,100.0,0.10526315789473087
2024-04-23 07:00:00,65.98638064331475,5.599999999999992,98.71888251457999,170.2,100.0,0.10526315789473087
2024-04-23 08:00:00,180.85740605990088,9.349999999999993,-0.0,111.0,175.14703575690584,79.20740605990088
2024-04-23 09:00:00,218.7,-0.0,-0.0,18.7,364.97188872114896,200.0
2024-04-23 10:00:00,234.61903491323386,-0.0,-0.0,92.1,500.0,142.51903491323387
2024-04-23 11:00:00,347.2437863879734,6.933333333333324,82.72288027869325,636.9,309.5,-200.0
2024-04-23 12:00:00,290.6662058300442,6.06666666666666,-0.0,282.8,322.4267288718753,13.93287249671084
2024-04-23 13:00:00,212.24479166666666,5.266666666666656,51.2885416666667,468.8,132.1043021430034,-200.0
2024-04-23 14:00:00,350.97222222222223,7.1333333333333275,13.739499348801928,405.5,100.0,-33.65494509564252
2024-04-23 15:00:00,305.78125,5.066666666666665,209.65734649122794,520.4,100.0,0.10526315789473087
2024-04-23 16:00:00,228.67361111111114,5.733333333333324,75.79831871345027,310.1,100.0,0.10526315789473087
2024-04-23 17:00:00,66.77777777777776,7.3999999999999915,218.32748538011697,292.4,100.0,0.10526315789473087
2024-04-23 18:00:00,5.5954861111111,4.3999999999999915,150.00977704678365,159.9,100.0,0.10526315789473087
2024-04-23 19:00:00,-0.0,3.866666666666664,132.43859649122805,136.2,100.0,0.10526315789473087
2024-04-23 20:00:00,-0.0,-0.0,50.60526315789473,50.5,100.0,0.10526315789473087
2024-04-23 21:00:00,-0.0,-0.0,695.8052631578947,695.7,100.0,0.10526315789473087
2024-04-23 22:00:00,-0.0,-0.0,593.0052631578947,592.9,100.0,0.10526315789473087
2024-04-23 23:00:00,-0.0,0.866666666666664,297.23859649122807,298.0,100.0,0.10526315789473087
2024-04-24 00:00:00,-0.0,-0.0,624.0052631578947,623.9,100.0,0.10526315789473087
2024-04-24 01:00:00,-0.0,-0.0,126.70526315789472,126.6,100.0,0.10526315789473087
2024-04-24 02:00:00,-0.0,-0.0,182.30526315789473,182.2,100.0,0.10526315789473087
2024-04-24 03:00:00,-0.0,-0.0,123.30526315789473,123.2,100.0,0.10526315789473087
2024-04-24 04:00:00,-0.0,-0.0,144.20526315789473,144.1,100.0,0.10526315789473087
2024-04-24 05:00:00,0.0541633652109,-0.0,201.45109979268383,201.4,100.0,0.10526315789473087
2024-04-24 06:00:00,0.7766193262715,-0.0,240.32864383162325,241.0,100.0,0.10526315789473087
2024-04-24 07:00:00,26.275779414508047,-0.0,58.829483743386675,85.0,100.0,0.10526315789473087
2024-04-24 08:00:00,123.23141800032721,5.333333333333328,-0.0,71.3,154.3015137669775,57.26475133366054
2024-04-24 09:00:00,241.5374676386515,11.699999999999989,-0.0,89.2,309.98280650992945,164.0374676386515
2024-04-24 10:00:00,139.75598427984445,6.133333333333332,-0.0,140.0,315.26767543593843,5.889317613177787
2024-04-24 11:00:00,34.75349995825025,0.46666666666665596,123.47983337508307,358.7,124.95240776050247,-200.0
2024-04-24 12:00:00,69.2548406521479,3.06666666666666,256.0443291519834,354.5,100.0,-26.13416352920207
2024-04-24 13:00:00,319.4600694444445,7.866666666666661,242.7785270467835,570.0,100.0,0.10526315789473087
2024-04-24 14:00:00,240.63715277777774,12.149999999999988,253.41811038011704,506.1,100.0,0.10526315789473087
2024-04-24 15:00:00,162.29861111111111,11.299999999999994,373.9066520467836,547.4,100.0,0.10526315789473087
2024-04-24 16:00:00,137.50173611111111,12.099999999999996,523.5035270467836,673.0,100.0,0.10526315789473087
2024-04-24 17:00:00,46.11979166666665,11.199999999999996,243.38547149122812,300.6,100.0,0.10526315789473087
2024-04-24 18:00:00,4.5954861111111,12.849999999999996,159.25977704678365,176.6,100.0,0.10526315789473087
2024-04-24 19:00:00,-0.0,9.6,136.20526315789473,145.7,100.0,0.10526315789473087
2024-04-24 20:00:00,-0.0,7.666666666666656,96.23859649122807,103.8,100.0,0.10526315789473087
2024-04-24 21:00:00,-0.0,9.049999999999992,509.95526315789465,518.9,100.0,0.10526315789473087
2024-04-24 22:00:00,-0.0,8.649999999999997,456.95526315789476,465.5,100.0,0.10526315789473087
2024-04-24 23:00:00,-0.0,8.4,429.3052631578948,437.6,100.0,0.10526315789473087
2024-04-25 00:00:00,-0.0,7.1333333333333275,662.2719298245613,669.3,100.0,0.10526315789473087
2024-04-25 01:00:00,-0.0,7.26666666666666,229.8385964912281,237.0,100.0,0.10526315789473087
2024-04-25 02:00:00,-0.0,7.933333333333319,256.7719298245614,264.6,100.0,0.10526315789473087
2024-04-25 03:00:00,-0.0,10.199999999999987,233.20526315789476,243.3,100.0,0.10526315789473087
2024-04-25 04:00:00,-0.0,8.85,72.25526315789473,81.0,100.0,0.10526315789473087
2024-04-25 05:00:00,0.05218702575395,5.333333333333328,302.2197427988075,307.5,100.0,0.10526315789473087
2024-04-25 06:00:00,7.8527043483013,2.4,88.15255880959342,98.3,100.0,0.10526315789473087
2024-04-25 07:00:00,66.4305743243959,4.133333333333328,121.54135550016551,192.0,100.0,0.10526315789473087
2024-04-25 08:00:00,150.0044181611803,5.733333333333324,-0.0,133.0,121.50086391978795,22.73775149451362
2024-04-25 09:00:00,243.2,-0.0,-0.0,43.2,311.37936305586817,200.0
2024-04-25 10:00:00,292.97580663914493,-0.0,-0.0,94.1,500.0,198.87580663914497
2024-04-25 11:00:00,294.09298245614036,2.133333333333324,-0.0,295.7,500.0,0.5263157894736842
2024-04-25 12:00:00,428.559649122807,1.86666666666666,-0.0,429.9,500.0,0.5263157894736842
2024-04-25 13:00:00,387.3263157894737,1.399999999999992,-0.0,388.2,500.0,0.5263157894736842
2024-04-25 14:00:00,356.8263157894737,-0.0,-0.0,356.3,500.0,0.5263157894736842
2024-04-25 15:00:00,262.12631578947367,12.099999999999996,-0.0,273.7,500.0,0.5263157894736842
2024-04-25 16:00:00,219.82812499999997,16.47499999999999,-0.0,284.8,453.42796875,-48.496875000000045
2024-04-25 17:00:00,123.46527777777774,14.087499999999995,-0.0,237.1,358.4046796701388,-99.54722222222226
2024-04-25 18:00:00,17.8003472222222,16.437499999999993,-0.0,181.6,218.0522298515798,-147.3621527777778
2024-04-25 19:00:00,0.2708333333333,12.0,64.49319022274229,200.8,100.0,-124.03597644392443
2024-04-25 20:00:00,-0.0,11.049999999999995,128.65526315789475,139.6,100.0,0.10526315789473087
2024-04-25 21:00:00,-0.0,11.25,235.45526315789473,246.6,100.0,0.10526315789473087
2024-04-25 22:00:00,-0.0,9.75,597.8552631578947,607.5,100.0,0.10526315789473087
2024-04-25 23:00:00,-0.0,9.9,330.60526315789474,340.4,100.0,0.10526315789473087
2024-04-26 00:00:00,-0.0,14.166666666666671,674.838596491228,688.9,100.0,0.10526315789473087
2024-04-26 01:00:00,-0.0,20.499999999999996,310.20526315789476,330.6,100.0,0.10526315789473087
2024-04-26 02:00:00,-0.0,20.416666666666668,162.0885964912281,182.4,100.0,0.10526315789473087
2024-04-26 03:00:00,-0.0,10.849999999999993,207.95526315789473,218.7,100.0,0.10526315789473087
2024-04-26 04:00:00,-0.0,8.899999999999991,110.40526315789474,119.2,100.0,0.10526315789473087
2024-04-26 05:00:00,0.11917007207455,9.799999999999992,318.4860930858202,328.3,100.0,0.10526315789473087
2024-04-26 06:00:00,5.2560026829855,7.933333333333319,98.31592714157591,111.4,100.0,0.10526315789473087
2024-04-26 07:00:00,56.9892927052246,11.849999999999987,72.66597045267015,141.4,100.0,0.10526315789473087
2024-04-26 08:00:00,125.32574471086261,8.949999999999996,-0.0,35.6,193.6419574753195,98.6757447108626
2024-04-26 09:00:00,219.0,-0.0,-0.0,19.0,383.4483155178442,200.0
2024-04-26 10:00:00,158.6629100640615,12.699999999999996,-0.0,190.1,365.26463176318475,-18.737089935938506
2024-04-26 11:00:00,60.12500047683715,2.4,321.97499952316286,584.5,174.89936713142157,-200.0
2024-04-26 12:00:00,164.0242375532786,10.199999999999987,106.01842795799493,358.9,100.0,-78.65733448872648
2024-04-26 13:00:00,284.04513888888886,12.499999999999993,62.06012426900588,358.5,100.0,0.10526315789473087
2024-04-26 14:00:00,334.15277777777777,16.749999999999996,-0.0,197.7,245.4426388888889,153.20277777777778
2024-04-26 15:00:00,307.89930555555554,14.166666666666671,-0.0,447.9,125.65486986111112,-125.83402777777776
2024-04-26 16:00:00,225.46701388888886,14.833333333333332,68.02679489225147,335.2,100.0,-26.872857885526333
2024-04-26 17:00:00,107.07291666666666,11.1,281.1323464912281,399.2,100.0,0.10526315789473087
2024-04-26 18:00:00,14.80902777777775,10.05,83.84623538011698,108.6,100.0,0.10526315789473087
2024-04-26 19:00:00,0.2708333333333,10.35,242.28442982456147,252.8,100.0,0.10526315789473087
2024-04-26 20:00:00,-0.0,11.449999999999992,173.15526315789475,184.5,100.0,0.10526315789473087
2024-04-26 21:00:00,-0.0,8.449999999999992,239.15526315789475,247.5,100.0,0.10526315789473087
2024-04-26 22:00:00,-0.0,11.849999999999987,763.8552631578947,775.6,100.0,0.10526315789473087
2024-04-26 23:00:00,-0.0,10.549999999999992,315.2552631578947,325.7,100.0,0.10526315789473087
2024-04-27 00:00:00,-0.0,11.59999999999999,534.7052631578947,546.2,100.0,0.10526315789473087
2024-04-27 01:00:00,-0.0,12.249999999999996,256.95526315789476,269.1,100.0,0.10526315789473087
2024-04-27 02:00:00,-0.0,10.849999999999993,96.45526315789473,107.2,100.0,0.10526315789473087
2024-04-27 03:00:00,-0.0,4.999999999999992,91.70526315789473,96.6,100.0,0.10526315789473087
2024-04-27 04:00:00,-0.0,3.933333333333324,118.3719298245614,122.2,100.0,0.10526315789473087
2024-04-27 05:00:00,0.1008706881354,4.799999999999987,205.20439246975937,210.0,100.0,0.10526315789473087
2024-04-27 06:00:00,5.47386594271905,3.399999999999996,159.43139721517568,168.2,100.0,0.10526315789473087
2024-04-27 07:00:00,51.76113118728,13.8,105.84413197061474,171.3,100.0,0.10526315789473087
2024-04-27 08:00:00,132.15075612068176,20.666666666666664,-0.0,54.8,193.01655164798103,98.01742278734844
2024-04-27 09:00:00,184.01246547698975,27.199999999999992,-0.0,29.6,365.3553772994733,181.61246547698974
2024-04-27 10:00:00,278.2157663977118,24.799999999999994,-0.0,160.9,500.0,142.11576639771178
2024-04-27 11:00:00,309.42631578947373,24.199999999999992,-0.0,333.1,500.0,0.5263157894736842
2024-04-27 12:00:00,220.62631578947367,30.099999999999994,-0.0,250.2,500.0,0.5263157894736842
2024-04-27 13:00:00,307.62631578947367,28.299999999999997,-0.0,335.4,500.0,0.5263157894736842
2024-04-27 14:00:00,393.0729166666667,29.59999999999999,-0.0,524.9,402.3842708333334,-102.2270833333333
2024-04-27 15:00:00,335.0868055555556,31.299999999999997,-0.0,303.0,462.19935184027787,63.3868055555556
2024-04-27 16:00:00,245.45138888888889,29.29999999999999,-0.0,249.5,485.725971932882,25.251388888888876
2024-04-27 17:00:00,119.48263888888886,32.8,73.71736111111113,426.0,295.2402459609491,-200.0
2024-04-27 18:00:00,19.3142361111111,30.099999999999994,-0.0,134.1,214.4935300205437,-84.6857638888889
2024-04-27 19:00:00,0.2048611111111,20.916666666666657,19.68474960061893,161.1,100.0,-120.29372262160331
2024-04-27 20:00:00,-0.0,11.899999999999991,77.40526315789474,89.2,100.0,0.10526315789473087
2024-04-27 21:00:00,-0.0,10.05,366.9552631578947,376.9,100.0,0.10526315789473087
2024-04-27 22:00:00,-0.0,9.849999999999996,566.2552631578947,576.0,100.0,0.10526315789473087
2024-04-27 23:00:00,-0.0,10.699999999999992,154.30526315789476,164.9,100.0,0.10526315789473087
2024-04-28 00:00:00,-0.0,2.066666666666664,483.3385964912281,485.3,100.0,0.10526315789473087
2024-04-28 01:00:00,-0.0,4.999999999999992,204.90526315789475,209.8,100.0,0.10526315789473087
2024-04-28 02:00:00,-0.0,8.199999999999996,217.90526315789475,226.0,100.0,0.10526315789473087
2024-04-28 03:00:00,-0.0,6.133333333333332,167.9719298245614,174.0,100.0,0.10526315789473087
2024-04-28 04:00:00,-0.0,6.466666666666656,197.13859649122807,203.5,100.0,0.10526315789473087
2024-04-28 05:00:00,0.1515951669878,8.949999999999996,188.70366799090695,197.7,100.0,0.10526315789473087
2024-04-28 06:00:00,1.2802646541967502,4.333333333333332,100.19166517036464,105.7,100.0,0.10526315789473087
2024-04-28 07:00:00,19.2545005596346,7.333333333333332,187.0174292649268,213.5,100.0,0.10526315789473087
2024-04-28 08:00:00,62.04457097583345,12.049999999999992,26.310692182061274,100.3,100.0,0.10526315789473087
2024-04-28 09:00:00,100.2425158023834,19.249999999999993,-0.0,18.1,196.22289001226423,101.3925158023834
2024-04-28 10:00:00,228.73940308888754,18.583333333333332,-0.0,60.6,373.41326672336186,186.7227364222209
2024-04-28 11:00:00,291.0146327813467,19.166666666666664,-0.0,258.6,422.0420879322511,51.58129944801332
2024-04-28 12:00:00,109.44929862022396,18.166666666666657,358.98403471310945,686.6,231.62004584431884,-200.0
2024-04-28 13:00:00,116.6614583333333,16.083333333333336,-0.0,249.7,120.28097788180786,-116.95520833333333
2024-04-28 14:00:00,144.44965277777774,18.416666666666664,196.91189434089657,381.0,100.0,-21.221786214659
2024-04-28 15:00:00,113.0364583333333,15.083333333333327,131.4854714912281,259.5,100.0,0.10526315789473087
2024-04-28 16:00:00,86.6440972222222,14.25,375.2111659356725,476.0,100.0,0.10526315789473087
2024-04-28 17:00:00,28.87152777777775,12.849999999999996,294.88373538011695,336.5,100.0,0.10526315789473087
2024-04-28 18:00:00,4.2395833333333,11.149999999999993,260.6156798245614,275.9,100.0,0.10526315789473087
2024-04-28 19:00:00,0.3038194444444,8.299999999999992,24.601443713450344,33.1,100.0,0.10526315789473087
2024-04-28 20:00:00,-0.0,6.533333333333328,98.67192982456139,105.1,100.0,0.10526315789473087
2024-04-28 21:00:00,-0.0,7.799999999999988,226.30526315789476,234.0,100.0,0.10526315789473087
2024-04-28 22:00:00,-0.0,1.5999999999999959,613.0052631578947,614.5,100.0,0.10526315789473087
2024-04-28 23:00:00,-0.0,1.999999999999992,350.0052631578947,351.9,100.0,0.10526315789473087
2024-04-29 00:00:00,-0.0,2.46666666666666,526.038596491228,528.4,100.0,0.10526315789473087
2024-04-29 01:00:00,-0.0,-0.0,237.00526315789475,236.9,100.0,0.10526315789473087
2024-04-29 02:00:00,-0.0,3.9999999999999956,64.70526315789472,68.6,100.0,0.10526315789473087
2024-04-29 03:00:00,-0.0,2.666666666666664,200.93859649122808,203.5,100.0,0.10526315789473087
2024-04-29 04:00:00,-0.0,-0.0,234.30526315789473,234.2,100.0,0.10526315789473087
2024-04-29 05:00:00,0.1290429776741,-0.0,299.5762201802207,299.6,100.0,0.10526315789473087
2024-04-29 06:00:00,5.42338813862035,0.866666666666664,145.21520835260773,151.4,100.0,0.10526315789473087
2024-04-29 07:00:00,35.5138927698135,8.599999999999993,99.69137038808122,143.7,100.0,0.10526315789473087
2024-04-29 08:00:00,77.2602723704444,10.549999999999992,-0.0,39.9,145.41475875192216,47.91027237044439
2024-04-29 09:00:00,97.0543457402123,11.799999999999995,-0.0,74.5,177.90597244637195,34.354345740212295
2024-04-29 10:00:00,85.8128833770752,11.55,-0.0,178.2,100.93280568214702,-80.8371166229248
2024-04-29 11:00:00,85.16031225522359,12.6,340.96403208533974,439.6,100.0,-0.8756556594367064
2024-04-29 12:00:00,100.0656042098999,13.599999999999996,182.03965894799484,295.6,100.0,0.10526315789473087
2024-04-29 13:00:00,118.6753472222222,15.999999999999996,85.32991593567255,219.9,100.0,0.10526315789473087
2024-04-29 14:00:00,98.671875,17.499999999999993,131.43338815789474,247.5,100.0,0.10526315789473087
2024-04-29 15:00:00,89.42013888888884,23.16666666666666,359.1184576023392,471.6,100.0,0.10526315789473087
2024-04-29 16:00:00,90.02777777777774,21.75,215.627485380117,327.3,100.0,0.10526315789473087
2024-04-29 17:00:00,50.6267361111111,19.5,97.87852704678365,167.9,100.0,0.10526315789473087
2024-04-29 18:00:00,8.01388888888885,16.5,52.69137426900587,77.1,100.0,0.10526315789473087
2024-04-29 19:00:00,0.3125,12.349999999999993,114.14276315789473,126.7,100.0,0.10526315789473087
2024-04-29 20:00:00,-0.0,13.699999999999992,64.30526315789474,77.9,100.0,0.10526315789473087
2024-04-29 21:00:00,-0.0,12.799999999999992,172.10526315789477,184.8,100.0,0.10526315789473087
2024-04-29 22:00:00,-0.0,10.599999999999996,669.5052631578947,680.0,100.0,0.10526315789473087
2024-04-29 23:00:00,-0.0,10.95,151.75526315789475,162.6,100.0,0.10526315789473087
2024-04-30 00:00:00,-0.0,11.25,461.7552631578947,472.9,100.0,0.10526315789473087
2024-04-30 01:00:00,-0.0,9.949999999999992,159.05526315789476,168.9,100.0,0.10526315789473087
2024-04-30 02:00:00,-0.0,7.1333333333333275,76.8719298245614,83.9,100.0,0.10526315789473087
2024-04-30 03:00:00,-0.0,7.199999999999999,130.80526315789476,137.9,100.0,0.10526315789473087
2024-04-30 04:00:00,-0.0,6.8666666666666645,189.53859649122808,196.3,100.0,0.10526315789473087
2024-04-30 05:00:00,0.11774387210605,7.666666666666656,210.02085261912202,217.7,100.0,0.10526315789473087
2024-04-30 06:00:00,1.14804686047135,8.599999999999993,15.057216297423384,24.7,100.0,0.10526315789473087
2024-04-30 07:00:00,21.5723913328515,11.449999999999992,182.28287182504323,215.2,100.0,0.10526315789473087
2024-04-30 08:00:00,153.98453487290277,13.2,-0.0,19.6,240.10530812925762,147.58453487290276
2024-04-30 09:00:00,240.1,-0.0,-0.0,40.1,429.8652028211284,200.0
2024-04-30 10:00:00,136.52859198072923,18.75,-0.0,81.0,500.0,74.27859198072922
2024-04-30 11:00:00,40.9406621588601,13.05,99.20933784113987,353.2,309.5,-200.0
2024-04-30 12:00:00,48.84236811267,11.799999999999995,44.15763188733001,304.8,119.19049999999999,-200.0
2024-04-30 13:00:00,243.5659722222222,13.5,165.85896514619887,443.0,100.0,-20.07506263157893
2024-04-30 14:00:00,196.84201388888889,15.0,384.4632492690058,596.2,100.0,0.10526315789473087
2024-04-30 15:00:00,297.8246527777778,19.58333333333333,0.3972770467835858,317.7,100.0,0.10526315789473087
2024-04-30 16:00:00,116.25868055555554,22.91666666666665,280.92991593567257,420.0,100.0,0.10526315789473087
2024-04-30 17:00:00,2.6753472222222,14.25,189.57991593567255,206.4,100.0,0.10526315789473087
2024-04-30 18:00:00,1.16666666666665,7.733333333333328,53.30526315789476,62.1,100.0,0.10526315789473087
2024-04-30 19:00:00,-0.0,-0.0,170.50526315789475,170.4,100.0,0.10526315789473087
2024-04-30 20:00:00,-0.0,-0.0,277.0052631578947,276.9,100.0,0.10526315789473087
2024-04-30 21:00:00,-0.0,-0.0,416.40526315789475,416.3,100.0,0.10526315789473087
2024-04-30 22:00:00,-0.0,-0.0,853.7052631578947,853.6,100.0,0.10526315789473087
2024-04-30 23:00:00,-0.0,2.46666666666666,156.23859649122807,158.6,100.0,0.10526315789473087
2024-05-01 00:00:00,-0.0,-0.0,465.20526315789476,465.1,100.0,0.10526315789473087
2024-05-01 01:00:00,-0.0,3.133333333333332,444.6719298245614,447.7,100.0,0.10526315789473087
2024-05-01 02:00:00,-0.0,5.266666666666656,274.9385964912281,280.1,100.0,0.10526315789473087
2024-05-01 03:00:00,-0.0,3.5333333333333283,189.6719298245614,193.1,100.0,0.10526315789473087
2024-05-01 04:00:00,-0.0,0.333333333333324,170.4719298245614,170.7,100.0,0.10526315789473087
2024-05-01 05:00:00,0.2109172940254,4.933333333333332,273.061012530536,278.1,100.0,0.10526315789473087
2024-05-01 06:00:00,11.5736713612245,7.1333333333333275,31.198258463336906,49.8,100.0,0.10526315789473087
2024-05-01 07:00:00,70.80577916569175,6.199999999999991,18.699483992202985,95.6,100.0,0.10526315789473087
2024-05-01 08:00:00,167.72526979446408,9.049999999999992,-0.0,92.0,180.43650630474087,84.77526979446408
2024-05-01 09:00:00,223.7312383121914,13.899999999999997,-0.0,123.9,288.30074619501795,113.7312383121914
2024-05-01 10:00:00,306.2,-0.0,-0.0,106.2,478.0124454488229,200.0
2024-05-01 11:00:00,249.1146319262729,5.133333333333324,-0.0,230.6,500.0,23.64796525960622
2024-05-01 12:00:00,248.32631578947368,1.999999999999992,-0.0,249.8,500.0,0.5263157894736842
2024-05-01 13:00:00,245.12631578947367,0.999999999999996,-0.0,245.6,500.0,0.5263157894736842
2024-05-01 14:00:00,188.99298245614037,0.333333333333324,-0.0,188.8,500.0,0.5263157894736842
2024-05-01 15:00:00,298.3854166666667,-0.0,-0.0,442.2,362.87614583333334,-143.8145833333333
2024-05-01 16:00:00,237.97569444444443,-0.0,40.42430555555555,478.4,172.51326968749999,-200.0
2024-05-01 17:00:00,113.8333333333333,-0.0,-0.0,142.7,144.91742308447914,-28.86666666666669
2024-05-01 18:00:00,18.6927083333333,2.333333333333328,95.14500500554954,163.3,100.0,-47.128953327783854
2024-05-01 19:00:00,0.41840277777775,2.733333333333324,88.35352704678367,91.4,100.0,0.10526315789473087
2024-05-01 20:00:00,-0.0,6.0,97.60526315789473,103.5,100.0,0.10526315789473087
2024-05-01 21:00:00,-0.0,4.133333333333328,135.37192982456142,139.4,100.0,0.10526315789473087
2024-05-01 22:00:00,-0.0,-0.0,624.1052631578947,624.0,100.0,0.10526315789473087
2024-05-01 23:00:00,-0.0,-0.0,412.70526315789476,412.6,100.0,0.10526315789473087
2024-05-02 00:00:00,-0.0,-0.0,567.8052631578947,567.7,100.0,0.10526315789473087
2024-05-02 01:00:00,-0.0,-0.0,183.40526315789475,183.3,100.0,0.10526315789473087
2024-05-02 02:00:00,-0.0,0.999999999999996,218.60526315789474,219.5,100.0,0.10526315789473087
2024-05-02 03:00:00,-0.0,-0.0,82.40526315789472,82.3,100.0,0.10526315789473087
2024-05-02 04:00:00,-0.0,-0.0,98.70526315789472,98.6,100.0,0.10526315789473087
2024-05-02 05:00:00,0.1378419819391,-0.0,241.96742117595565,242.0,100.0,0.10526315789473087
2024-05-02 06:00:00,4.4853839671446005,-0.0,173.81987919075013,178.2,100.0,0.10526315789473087
2024-05-02 07:00:00,24.0299974630276,-0.0,128.07526569486714,152.0,100.0,0.10526315789473087
2024-05-02 08:00:00,104.7958503001266,-0.0,-0.0,12.0,188.0560577851203,92.7958503001266
2024-05-02 09:00:00,105.3522366947598,-0.0,-0.0,109.9,183.54762658735694,-4.54776330524021
2024-05-02 10:00:00,327.2419336107042,-0.0,-0.0,137.6,363.5239158909386,189.64193361070423
2024-05-02 11:00:00,331.5416926578446,-0.0,-0.0,187.5,500.0,144.04169265784455
2024-05-02 12:00:00,330.559649122807,0.6666666666666601,-0.0,330.7,500.0,0.5263157894736842
2024-05-02 13:00:00,123.52631578947368,-0.0,-0.0,123.0,500.0,0.5263157894736842
2024-05-02 14:00:00,234.2361111111111,-0.0,-0.0,352.9,386.76930555555555,-118.66388888888889
2024-05-02 15:00:00,80.74305555555556,-0.0,94.65694444444442,375.4,196.38253625,-200.0
2024-05-02 16:00:00,141.91145833333334,5.333333333333328,112.00662547675441,360.5,100.0,-101.24858285657892
2024-05-02 17:00:00,36.5052083333333,7.3999999999999915,222.60005482456143,266.4,100.0,0.10526315789473087
2024-05-02 18:00:00,10.3125,5.333333333333328,42.65942982456141,58.2,100.0,0.10526315789473087
2024-05-02 19:00:00,0.4861111111111,3.133333333333332,162.68581871345032,166.2,100.0,0.10526315789473087
2024-05-02 20:00:00,-0.0,3.5333333333333283,162.2719298245614,165.7,100.0,0.10526315789473087
2024-05-02 21:00:00,-0.0,0.399999999999996,401.8052631578948,402.1,100.0,0.10526315789473087
2024-05-02 22:00:00,-0.0,0.933333333333324,725.6719298245614,726.5,100.0,0.10526315789473087
2024-05-02 23:00:00,-0.0,-0.0,170.80526315789473,170.7,100.0,0.10526315789473087
2024-05-03 00:00:00,-0.0,-0.0,316.20526315789476,316.1,100.0,0.10526315789473087
2024-05-03 01:00:00,-0.0,-0.0,219.00526315789475,218.9,100.0,0.10526315789473087
2024-05-03 02:00:00,-0.0,-0.0,237.40526315789475,237.3,100.0,0.10526315789473087
2024-05-03 03:00:00,-0.0,-0.0,183.70526315789473,183.6,100.0,0.10526315789473087
2024-05-03 04:00:00,-0.0,-0.0,92.60526315789473,92.5,100.0,0.10526315789473087
2024-05-03 05:00:00,0.17467405284854998,-0.0,388.2305891050462,388.3,100.0,0.10526315789473087
2024-05-03 06:00:00,8.41515116083125,-0.0,112.69011199706347,121.0,100.0,0.10526315789473087
2024-05-03 07:00:00,54.57041008604895,3.799999999999992,-0.0,53.5,104.5268895817465,4.870410086048944
2024-05-03 08:00:00,189.57212342156305,6.0,-0.0,6.8,283.75587994264964,188.77212342156304
2024-05-03 09:00:00,267.5,-0.0,-0.0,67.5,473.472124062707,200.0
2024-05-03 10:00:00,160.62247164353232,-0.0,-0.0,132.2,500.0,28.422471643532333
2024-05-03 11:00:00,266.12631578947367,1.5999999999999959,-0.0,267.2,500.0,0.5263157894736842
2024-05-03 12:00:00,216.09298245614033,5.133333333333324,-0.0,220.7,500.0,0.5263157894736842
2024-05-03 13:00:00,371.359649122807,6.66666666666666,-0.0,377.5,500.0,0.5263157894736842
2024-05-03 14:00:00,217.859649122807,3.06666666666666,-0.0,220.4,500.0,0.5263157894736842
2024-05-03 15:00:00,208.82631578947368,0.5999999999999881,-0.0,208.9,500.0,0.5263157894736842
2024-05-03 16:00:00,234.5052083333333,-0.0,-0.0,433.6,310.3599479166666,-199.09479166666674
2024-05-03 17:00:00,89.35243055555556,2.1999999999999957,-0.0,252.0,157.62439699652774,-160.44756944444447
2024-05-03 18:00:00,13.8975694444444,5.3999999999999995,21.511090977101702,101.3,100.0,-60.491339578453896
2024-05-03 19:00:00,0.2690972222222,-0.0,77.93616593567252,78.1,100.0,0.10526315789473087
2024-05-03 20:00:00,-0.0,-0.0,74.10526315789473,74.0,100.0,0.10526315789473087
2024-05-03 21:00:00,-0.0,-0.0,217.70526315789473,217.6,100.0,0.10526315789473087
2024-05-03 22:00:00,-0.0,-0.0,713.4052631578946,713.3,100.0,0.10526315789473087
2024-05-03 23:00:00,-0.0,-0.0,210.40526315789475,210.3,100.0,0.10526315789473087
2024-05-04 00:00:00,-0.0,-0.0,256.70526315789476,256.6,100.0,0.10526315789473087
2024-05-04 01:00:00,-0.0,-0.0,379.10526315789474,379.0,100.0,0.10526315789473087
2024-05-04 02:00:00,-0.0,-0.0,129.40526315789475,129.3,100.0,0.10526315789473087
2024-05-04 03:00:00,-0.0,-0.0,211.90526315789475,211.8,100.0,0.10526315789473087
2024-05-04 04:00:00,-0.0,-0.0,216.80526315789473,216.7,100.0,0.10526315789473087
2024-05-04 05:00:00,0.07202340005375,-0.0,152.13323975784098,152.1,100.0,0.10526315789473087
2024-05-04 06:00:00,8.80523001697535,-0.0,161.00003314091938,169.7,100.0,0.10526315789473087
2024-05-04 07:00:00,62.68866260846455,-0.0,48.716600549430176,111.3,100.0,0.10526315789473087
2024-05-04 08:00:00,181.44204272164237,-0.0,-0.0,127.5,151.14494058556025,53.942042721642366
2024-05-04 09:00:00,234.8,-0.0,-0.0,34.8,340.9937956449747,200.0
2024-05-04 10:00:00,243.43389279017924,-0.0,-0.0,75.7,500.0,167.73389279017925
2024-05-04 11:00:00,267.0263157894737,-0.0,-0.0,266.5,500.0,0.5263157894736842
2024-05-04 12:00:00,253.52631578947367,-0.0,-0.0,253.0,500.0,0.5263157894736842
2024-05-04 13:00:00,239.62631578947367,4.3999999999999915,-0.0,243.5,500.0,0.5263157894736842
2024-05-04 14:00:00,215.42631578947368,5.199999999999996,-0.0,220.1,500.0,0.5263157894736842
2024-05-04 15:00:00,329.1145833333333,5.199999999999996,-0.0,379.5,456.57385416666665,-45.18541666666669
2024-05-04 16:00:00,233.68055555555557,1.399999999999992,-0.0,284.9,408.7888080902778,-49.819444444444414
2024-05-04 17:00:00,109.33854166666664,3.399999999999996,-0.0,187.2,337.6416338655209,-74.46145833333335
2024-05-04 18:00:00,18.9236111111111,0.6666666666666601,17.709722222222254,237.3,147.30399223165534,-200.0
2024-05-04 19:00:00,0.4288194444444,-0.0,81.73256135616225,131.8,100.0,-49.638619199393354
2024-05-04 20:00:00,-0.0,-0.0,66.20526315789472,66.1,100.0,0.10526315789473087
2024-05-04 21:00:00,-0.0,-0.0,156.70526315789473,156.6,100.0,0.10526315789473087
2024-05-04 22:00:00,-0.0,-0.0,730.3052631578947,730.2,100.0,0.10526315789473087
2024-05-04 23:00:00,-0.0,-0.0,158.00526315789475,157.9,100.0,0.10526315789473087
2024-05-05 00:00:00,-0.0,-0.0,695.3052631578947,695.2,100.0,0.10526315789473087
2024-05-05 01:00:00,-0.0,-0.0,413.10526315789474,413.0,100.0,0.10526315789473087
2024-05-05 02:00:00,-0.0,-0.0,247.00526315789475,246.9,100.0,0.10526315789473087
2024-05-05 03:00:00,-0.0,-0.0,65.80526315789473,65.7,100.0,0.10526315789473087
2024-05-05 04:00:00,-0.0,-0.0,101.80526315789473,101.7,100.0,0.10526315789473087
2024-05-05 05:00:00,0.10073498305345001,-0.0,166.3045281748413,166.3,100.0,0.10526315789473087
2024-05-05 06:00:00,14.449754613451649,-0.0,217.9555085444431,232.3,100.0,0.10526315789473087
2024-05-05 07:00:00,83.38843358887566,0.933333333333324,5.083496235685743,89.3,100.0,0.10526315789473087
2024-05-05 08:00:00,229.9557532204522,6.06666666666666,-0.0,95.5,233.39629889276293,140.52241988711887
2024-05-05 09:00:00,326.0,-0.0,-0.0,126.0,423.1629025938702,200.0
2024-05-05 10:00:00,206.12658979865648,-0.0,-0.0,124.8,500.0,81.3265897986565
2024-05-05 11:00:00,421.6536982854207,12.049999999999992,-0.0,447.5,486.39351337114965,-13.796301714579291
2024-05-05 12:00:00,324.91794400935595,16.916666666666664,-0.0,327.0,500.0,14.834610676022606
2024-05-05 13:00:00,353.259649122807,18.66666666666666,-0.0,371.4,500.0,0.5263157894736842
2024-05-05 14:00:00,378.21180555555554,14.91666666666666,-0.0,447.9,447.4670486111111,-54.77152777777778
2024-05-05 15:00:00,324.3402777777777,19.916666666666664,-0.0,301.8,487.3536787847222,42.45694444444437
2024-05-05 16:00:00,180.9915876077851,22.833333333333325,-0.0,190.0,500.0,13.824920941118416
2024-05-05 17:00:00,104.5034722222222,24.500000000000004,127.9965277777778,457.0,309.5,-200.0
2024-05-05 18:00:00,16.57465277777775,16.58333333333333,-0.0,229.7,122.47558680555554,-196.5420138888889
2024-05-05 19:00:00,0.625,15.75,85.39540924342106,125.3,100.0,-23.529590756578934
2024-05-05 20:00:00,-0.0,14.833333333333332,45.071929824561394,59.8,100.0,0.10526315789473087
2024-05-05 21:00:00,-0.0,14.416666666666655,309.0885964912281,323.4,100.0,0.10526315789473087
2024-05-05 22:00:00,-0.0,18.75,423.95526315789476,442.6,100.0,0.10526315789473087
2024-05-05 23:00:00,-0.0,13.2,128.70526315789476,141.8,100.0,0.10526315789473087
2024-05-06 00:00:00,-0.0,10.899999999999995,330.60526315789474,341.4,100.0,0.10526315789473087
2024-05-06 01:00:00,-0.0,6.399999999999996,197.60526315789474,203.9,100.0,0.10526315789473087
2024-05-06 02:00:00,-0.0,6.533333333333328,169.4719298245614,175.9,100.0,0.10526315789473087
2024-05-06 03:00:00,-0.0,5.8666666666666565,59.93859649122807,65.7,100.0,0.10526315789473087
2024-05-06 04:00:00,-0.0,9.549999999999995,127.95526315789475,137.4,100.0,0.10526315789473087
2024-05-06 05:00:00,0.15684743179005,10.05,225.29841572610468,235.4,100.0,0.10526315789473087
2024-05-06 06:00:00,8.6226317141619,8.649999999999997,16.132631443732834,33.3,100.0,0.10526315789473087
2024-05-06 07:00:00,66.5836830271615,13.949999999999987,179.07158013073325,259.5,100.0,0.10526315789473087
2024-05-06 08:00:00,153.23847028944226,18.66666666666666,16.000126201785832,187.8,100.0,0.10526315789473087
2024-05-06 09:00:00,265.9166666666667,21.08333333333333,-0.0,87.0,289.9,200.0
2024-05-06 10:00:00,348.3,24.999999999999993,-0.0,173.3,479.6101,200.0
2024-05-06 11:00:00,377.06790536842107,27.499999999999993,-0.0,382.6,500.0,21.967905368421068
2024-05-06 12:00:00,314.2263157894737,27.799999999999994,-0.0,341.5,500.0,0.5263157894736842
2024-05-06 13:00:00,349.32631578947365,31.599999999999998,-0.0,380.4,500.0,0.5263157894736842
2024-05-06 14:00:00,320.81423611111114,27.900000000000002,-0.0,461.1,392.7335243055556,-112.38576388888887
2024-05-06 15:00:00,307.77777777777777,32.7,-0.0,246.8,481.3346796701389,93.67777777777776
2024-05-06 16:00:00,187.24305555555554,33.9,71.15694444444449,492.3,290.85334499046877,-200.0
2024-05-06 17:00:00,91.99652777777776,30.999999999999996,-0.0,277.0,144.2591930343672,-154.00347222222223
2024-05-06 18:00:00,11.0069444444444,24.500000000000004,10.656283090994716,92.6,100.0,-46.436772464560875
2024-05-06 19:00:00,0.9010416666666501,22.333333333333332,147.97088815789473,171.1,100.0,0.10526315789473087
2024-05-06 20:00:00,-0.0,12.399999999999997,-0.0,7.7,104.36500000000001,4.699999999999997
2024-05-06 21:00:00,-0.0,12.299999999999999,193.21512105263156,210.0,100.0,-4.484878947368429
2024-05-06 22:00:00,-0.0,8.4,466.5052631578948,474.8,100.0,0.10526315789473087
2024-05-06 23:00:00,-0.0,3.06666666666666,263.5385964912281,266.5,100.0,0.10526315789473087
2024-05-07 00:00:00,-0.0,-0.0,601.0052631578947,600.9,100.0,0.10526315789473087
2024-05-07 01:00:00,-0.0,-0.0,363.0052631578947,362.9,100.0,0.10526315789473087
2024-05-07 02:00:00,-0.0,-0.0,109.00526315789473,108.9,100.0,0.10526315789473087
2024-05-07 03:00:00,-0.0,-0.0,141.50526315789475,141.4,100.0,0.10526315789473087
2024-05-07 04:00:00,-0.0,-0.0,148.90526315789475,148.8,100.0,0.10526315789473087
2024-05-07 05:00:00,0.16229020405765,-0.0,305.54297295383714,305.6,100.0,0.10526315789473087
2024-05-07 06:00:00,6.2260058486006,-0.0,84.17925730929412,90.3,100.0,0.10526315789473087
2024-05-07 07:00:00,63.372280531459396,-0.0,115.93298262643533,179.2,100.0,0.10526315789473087
2024-05-07 08:00:00,145.4534762435489,-0.0,-0.0,48.8,191.72080243137145,96.6534762435489
2024-05-07 09:00:00,233.73074107699927,2.799999999999996,-0.0,94.0,326.93328565208935,142.53074107699925
2024-05-07 10:00:00,293.5008716583252,2.5333333333333323,-0.0,312.3,311.1538471085128,-16.265795008341485
2024-05-07 11:00:00,389.0289767583211,5.066666666666665,-0.0,449.3,258.3985545151427,-55.20435657501224
2024-05-07 12:00:00,386.1168707741632,3.333333333333324,-0.0,359.1,286.9728498627492,30.350204107496506
2024-05-07 13:00:00,386.8923611111111,1.4666666666666641,-0.0,404.2,271.63695340177526,-15.840972222222238
2024-05-07 14:00:00,325.96875,2.1999999999999957,-0.0,223.1,371.1806289483735,105.06875
2024-05-07 15:00:00,221.65625,-0.0,-0.0,317.5,279.75788581942516,-95.84375
2024-05-07 16:00:00,93.38194444444444,-0.0,77.69371036228638,360.0,100.0,-188.92434519326918
2024-05-07 17:00:00,47.9739583333333,-0.0,337.3313048245614,385.2,100.0,0.10526315789473087
2024-05-07 18:00:00,5.46875,6.799999999999992,154.63651315789477,166.8,100.0,0.10526315789473087
2024-05-07 19:00:00,-0.0,5.133333333333324,166.0719298245614,171.1,100.0,0.10526315789473087
2024-05-07 20:00:00,-0.0,2.599999999999992,150.00526315789475,152.5,100.0,0.10526315789473087
2024-05-07 21:00:00,-0.0,-0.0,316.40526315789475,316.3,100.0,0.10526315789473087
2024-05-07 22:00:00,-0.0,-0.0,817.5052631578947,817.4,100.0,0.10526315789473087
2024-05-07 23:00:00,-0.0,-0.0,227.80526315789473,227.7,100.0,0.10526315789473087
2024-05-08 00:00:00,-0.0,3.333333333333324,398.37192982456145,401.6,100.0,0.10526315789473087
2024-05-08 01:00:00,-0.0,-0.0,307.10526315789474,307.0,100.0,0.10526315789473087
2024-05-08 02:00:00,-0.0,1.2,251.70526315789476,252.8,100.0,0.10526315789473087
2024-05-08 03:00:00,-0.0,1.333333333333332,105.9719298245614,107.2,100.0,0.10526315789473087
2024-05-08 04:00:00,-0.0,3.0,311.0052631578947,313.9,100.0,0.10526315789473087
2024-05-08 05:00:00,0.23323853138005,4.26666666666666,221.40535795984806,225.8,100.0,0.10526315789473087
2024-05-08 06:00:00,15.95822579123905,4.3999999999999915,81.44703736665569,101.7,100.0,0.10526315789473087
2024-05-08 07:00:00,75.35477141539255,6.0,64.35049174250219,145.6,100.0,0.10526315789473087
2024-05-08 08:00:00,144.4179808431201,5.266666666666656,-0.0,106.4,141.02041513429742,43.284647509786744
2024-05-08 09:00:00,217.9,-0.0,-0.0,17.9,330.8793947191631,200.0
2024-05-08 10:00:00,267.36850473615857,7.933333333333319,-0.0,128.1,470.3902614904612,147.20183806949188
2024-05-08 11:00:00,418.36337036556665,5.133333333333324,-0.0,413.9,479.03673974292576,9.596703698899999
2024-05-08 12:00:00,307.801275783115,8.499999999999996,-0.0,437.7,363.2289149971421,-121.398724216885
2024-05-08 13:00:00,285.82465277777777,10.549999999999992,-0.0,286.2,372.5316062210339,10.174652777777775
2024-05-08 14:00:00,134.69965277777777,13.35,87.55034722222226,435.6,182.15907461481282,-200.0
2024-05-08 15:00:00,207.52604166666666,12.849999999999996,-0.0,224.6,177.96415512353133,-4.223958333333341
2024-05-08 16:00:00,207.83333333333334,12.75,201.33646564729005,503.8,100.0,-81.88020101937663
2024-05-08 17:00:00,105.7829861111111,11.59999999999999,184.2222770467837,301.5,100.0,0.10526315789473087
2024-05-08 18:00:00,21.29166666666665,7.1333333333333275,222.78026315789475,251.1,100.0,0.10526315789473087
2024-05-08 19:00:00,0.67013888888885,7.1333333333333275,100.90179093567255,108.6,100.0,0.10526315789473087
2024-05-08 20:00:00,-0.0,7.199999999999999,239.00526315789475,246.1,100.0,0.10526315789473087
2024-05-08 21:00:00,-0.0,8.899999999999991,696.0052631578947,704.8,100.0,0.10526315789473087
2024-05-08 22:00:00,-0.0,6.6,627.8052631578946,634.3,100.0,0.10526315789473087
2024-05-08 23:00:00,-0.0,6.6,313.30526315789473,319.8,100.0,0.10526315789473087
2024-05-09 00:00:00,-0.0,7.999999999999991,669.4052631578946,677.3,100.0,0.10526315789473087
2024-05-09 01:00:00,-0.0,6.06666666666666,293.0385964912281,299.0,100.0,0.10526315789473087
2024-05-09 02:00:00,-0.0,7.066666666666668,180.43859649122808,187.4,100.0,0.10526315789473087
2024-05-09 03:00:00,-0.0,7.466666666666664,153.23859649122807,160.6,100.0,0.10526315789473087
2024-05-09 04:00:00,-0.0,8.149999999999991,319.15526315789475,327.2,100.0,0.10526315789473087
2024-05-09 05:00:00,0.2569610563417,10.099999999999993,194.14830210155304,204.4,100.0,0.10526315789473087
2024-05-09 06:00:00,10.693041368698049,12.299999999999999,187.61222178919667,210.5,100.0,0.10526315789473087
2024-05-09 07:00:00,64.67824972338144,10.549999999999992,82.77701343451332,157.9,100.0,0.10526315789473087
2024-05-09 08:00:00,130.69645868407358,9.849999999999996,-0.0,15.2,218.9791357498699,125.34645868407357
2024-05-09 09:00:00,186.04772514767114,5.066666666666665,-0.0,88.2,316.52882883774095,102.9143918143378
2024-05-09 10:00:00,91.4402503437466,4.799999999999987,-0.0,2.0,405.7405378354624,94.24025034374658
2024-05-09 11:00:00,58.13058369689515,5.799999999999995,62.36941630310486,326.3,215.33479729762695,-200.0
2024-05-09 12:00:00,50.010037435425645,7.799999999999988,270.7115809852803,449.7,100.0,-121.17838157929403
2024-05-09 13:00:00,65.9270833333333,7.466666666666664,142.21151315789479,215.5,100.0,0.10526315789473087
2024-05-09 14:00:00,93.27951388888884,5.3999999999999995,188.22574926900592,286.8,100.0,0.10526315789473087
2024-05-09 15:00:00,125.6684027777778,4.533333333333324,215.10352704678363,345.2,100.0,0.10526315789473087
2024-05-09 16:00:00,133.57638888888883,3.866666666666664,330.6622076023392,468.0,100.0,0.10526315789473087
2024-05-09 17:00:00,77.96701388888886,6.333333333333324,172.50491593567256,256.7,100.0,0.10526315789473087
2024-05-09 18:00:00,16.77777777777775,5.266666666666656,134.46081871345035,156.4,100.0,0.10526315789473087
2024-05-09 19:00:00,0.6284722222222,3.333333333333324,129.04345760233923,132.9,100.0,0.10526315789473087
2024-05-09 20:00:00,-0.0,3.399999999999996,246.40526315789472,249.7,100.0,0.10526315789473087
2024-05-09 21:00:00,-0.0,0.266666666666664,366.1385964912281,366.3,100.0,0.10526315789473087
2024-05-09 22:00:00,-0.0,2.9333333333333282,433.0719298245614,435.9,100.0,0.10526315789473087
2024-05-09 23:00:00,-0.0,3.799999999999992,159.60526315789477,163.3,100.0,0.10526315789473087
2024-05-10 00:00:00,-0.0,5.199999999999996,490.90526315789475,496.0,100.0,0.10526315789473087
2024-05-10 01:00:00,-0.0,5.933333333333328,179.0719298245614,184.9,100.0,0.10526315789473087
2024-05-10 02:00:00,-0.0,7.466666666666664,248.43859649122808,255.8,100.0,0.10526315789473087
2024-05-10 03:00:00,-0.0,6.333333333333324,67.5719298245614,73.8,100.0,0.10526315789473087
2024-05-10 04:00:00,-0.0,4.333333333333332,213.8719298245614,218.1,100.0,0.10526315789473087
2024-05-10 05:00:00,0.31977863257954997,2.733333333333324,330.25215119198185,333.2,100.0,0.10526315789473087
2024-05-10 06:00:00,9.6581605294098,3.9999999999999956,39.54710262848494,53.1,100.0,0.10526315789473087
2024-05-10 07:00:00,34.9222911066479,5.666666666666664,162.1163053845802,202.6,100.0,0.10526315789473087
2024-05-10 08:00:00,98.25397941801279,6.333333333333324,-0.0,39.2,162.0179471137788,65.38731275134612
2024-05-10 09:00:00,144.98199065526325,4.26666666666666,-0.0,23.7,281.12715362249844,125.54865732192991
2024-05-10 10:00:00,293.0,-0.0,-0.0,93.0,470.84602646887595,200.0
2024-05-10 11:00:00,243.7840205869399,-0.0,-0.0,212.6,500.0,31.184020586939898
2024-05-10 12:00:00,402.88800716400146,6.399999999999996,-0.0,464.7,446.8586068058014,-55.411992835998525
2024-05-10 13:00:00,369.84201943965377,7.066666666666668,-0.0,320.5,500.0,56.40868610632041
2024-05-10 14:00:00,278.79298245614035,3.133333333333332,-0.0,281.4,500.0,0.5263157894736842
2024-05-10 15:00:00,131.7048611111111,0.333333333333324,-0.0,312.6,327.96628472222216,-180.56180555555562
2024-05-10 16:00:00,150.1597222222222,-0.0,-0.0,237.8,244.38005454861104,-87.64027777777781
2024-05-10 17:00:00,37.6579861111111,-0.0,158.22025126356004,347.6,100.0,-151.7217626253289
2024-05-10 18:00:00,17.21875,-0.0,157.38651315789474,174.5,100.0,0.10526315789473087
2024-05-10 19:00:00,0.6215277777777499,1.26666666666666,77.71706871345032,79.5,100.0,0.10526315789473087
2024-05-10 20:00:00,-0.0,-0.0,111.70526315789472,111.6,100.0,0.10526315789473087
2024-05-10 21:00:00,-0.0,-0.0,445.5052631578947,445.4,100.0,0.10526315789473087
2024-05-10 22:00:00,-0.0,-0.0,538.1052631578947,538.0,100.0,0.10526315789473087
2024-05-10 23:00:00,-0.0,-0.0,228.40526315789475,228.3,100.0,0.10526315789473087
2024-05-11 00:00:00,-0.0,-0.0,500.20526315789476,500.1,100.0,0.10526315789473087
2024-05-11 01:00:00,-0.0,-0.0,286.5052631578947,286.4,100.0,0.10526315789473087
2024-05-11 02:00:00,-0.0,-0.0,210.60526315789474,210.5,100.0,0.10526315789473087
2024-05-11 03:00:00,-0.0,-0.0,111.20526315789472,111.1,100.0,0.10526315789473087
2024-05-11 04:00:00,-0.0,-0.0,58.205263157894734,58.1,100.0,0.10526315789473087
2024-05-11 05:00:00,0.2114061788759,-0.0,302.49385697901886,302.6,100.0,0.10526315789473087
2024-05-11 06:00:00,8.57676580755245,-0.0,115.92849735034228,124.4,100.0,0.10526315789473087
2024-05-11 07:00:00,57.92608926693595,-0.0,86.87917389095878,144.7,100.0,0.10526315789473087
2024-05-11 08:00:00,174.4448623392317,-0.0,-0.0,69.5,199.5976192222701,104.94486233923169
2024-05-11 09:00:00,312.87862459818524,-0.0,-0.0,120.8,381.87271497132383,192.07862459818523
2024-05-11 10:00:00,333.4464818354184,-0.0,-0.0,208.7,500.0,124.74648183541844
2024-05-11 11:00:00,359.8263157894737,-0.0,-0.0,359.3,500.0,0.5263157894736842
2024-05-11 12:00:00,251.99298245614037,4.733333333333328,-0.0,256.2,500.0,0.5263157894736842
2024-05-11 13:00:00,290.59298245614036,2.5333333333333323,-0.0,292.6,500.0,0.5263157894736842
2024-05-11 14:00:00,205.99298245614037,6.333333333333324,-0.0,211.8,500.0,0.5263157894736842
2024-05-11 15:00:00,181.65964912280702,4.86666666666666,-0.0,186.0,500.0,0.5263157894736842
2024-05-11 16:00:00,232.2673611111111,6.133333333333332,-0.0,400.7,345.3156597222222,-162.29930555555558
2024-05-11 17:00:00,98.26041666666666,1.26666666666666,-0.0,194.8,254.46107322916663,-95.27291666666669
2024-05-11 18:00:00,17.82638888888885,-0.0,-0.0,94.2,181.65168160038183,-76.37361111111116
2024-05-11 19:00:00,0.6111111111111001,-0.0,105.83096265859263,192.2,100.0,-85.75792623029626
2024-05-11 20:00:00,-0.0,3.5999999999999877,85.80526315789473,89.3,100.0,0.10526315789473087
2024-05-11 21:00:00,-0.0,5.799999999999995,210.70526315789476,216.4,100.0,0.10526315789473087
2024-05-11 22:00:00,-0.0,2.9333333333333282,803.4719298245614,806.3,100.0,0.10526315789473087
2024-05-11 23:00:00,-0.0,1.399999999999992,277.20526315789476,278.5,100.0,0.10526315789473087
2024-05-12 00:00:00,-0.0,2.9333333333333282,574.0719298245614,576.9,100.0,0.10526315789473087
2024-05-12 01:00:00,-0.0,0.999999999999996,237.30526315789473,238.2,100.0,0.10526315789473087
2024-05-12 02:00:00,-0.0,-0.0,43.90526315789473,43.8,100.0,0.10526315789473087
2024-05-12 03:00:00,-0.0,0.46666666666665596,102.03859649122808,102.4,100.0,0.10526315789473087
2024-05-12 04:00:00,-0.0,0.7333333333333321,118.7719298245614,119.4,100.0,0.10526315789473087
2024-05-12 05:00:00,0.3196657909494,0.133333333333332,242.75226403361202,243.1,100.0,0.10526315789473087
2024-05-12 06:00:00,12.0682605728507,2.799999999999996,97.43700258504403,112.2,100.0,0.10526315789473087
2024-05-12 07:00:00,69.44731255372365,6.533333333333328,108.42461727083777,184.3,100.0,0.10526315789473087
2024-05-12 08:00:00,143.6044398943583,10.799999999999999,-0.0,134.3,118.99921789964039,20.104439894358293
2024-05-12 09:00:00,269.5351399315728,14.666666666666664,-0.0,148.2,248.08193495006827,136.00180659823948
2024-05-12 10:00:00,278.1,-0.0,-0.0,78.1,437.83385301511817,200.0
2024-05-12 11:00:00,365.8155938644529,17.083333333333332,-0.0,317.0,500.0,65.89892719778624
2024-05-12 12:00:00,157.32631578947368,-0.0,-0.0,156.8,500.0,0.5263157894736842
2024-05-12 13:00:00,188.47631578947366,18.75,-0.0,206.7,500.0,0.5263157894736842
2024-05-12 14:00:00,273.6929824561404,18.333333333333336,-0.0,291.5,500.0,0.5263157894736842
2024-05-12 15:00:00,315.9375,18.08333333333333,-0.0,445.4,393.6897916666667,-111.37916666666665
2024-05-12 16:00:00,176.16666666666663,17.000000000000004,-0.0,356.4,238.22443520833335,-163.23333333333335
2024-05-12 17:00:00,106.3940972222222,18.999999999999996,-0.0,211.7,155.99560313423612,-86.30590277777779
2024-05-12 18:00:00,17.66666666666665,20.583333333333325,115.7714657567349,212.8,100.0,-58.778534243265135
2024-05-12 19:00:00,0.71701388888885,17.083333333333332,169.60491593567255,187.3,100.0,0.10526315789473087
2024-05-12 20:00:00,-0.0,12.45,144.75526315789475,157.1,100.0,0.10526315789473087
2024-05-12 21:00:00,-0.0,11.499999999999996,447.5052631578947,458.9,100.0,0.10526315789473087
2024-05-12 22:00:00,-0.0,10.599999999999996,1066.1052631578948,1076.6,100.0,0.10526315789473087
2024-05-12 23:00:00,-0.0,7.066666666666668,166.63859649122807,173.6,100.0,0.10526315789473087
2024-05-13 00:00:00,-0.0,9.049999999999992,352.15526315789475,361.1,100.0,0.10526315789473087
2024-05-13 01:00:00,-0.0,6.333333333333324,194.37192982456142,200.6,100.0,0.10526315789473087
2024-05-13 02:00:00,-0.0,0.799999999999992,21.305263157894736,22.0,100.0,0.10526315789473087
2024-05-13 03:00:00,-0.0,-0.0,227.80526315789473,227.7,100.0,0.10526315789473087
2024-05-13 04:00:00,-0.0,-0.0,134.50526315789475,134.4,100.0,0.10526315789473087
2024-05-13 05:00:00,0.3118958461305,-0.0,341.8933673117643,342.1,100.0,0.10526315789473087
2024-05-13 06:00:00,7.4538135114643,-0.0,141.85144964643044,149.2,100.0,0.10526315789473087
2024-05-13 07:00:00,89.90015572971765,-0.0,6.605107428177078,96.4,100.0,0.10526315789473087
2024-05-13 08:00:00,282.50285201602514,-0.0,-0.0,102.3,271.0927094152239,180.20285201602513
2024-05-13 09:00:00,306.6,-0.0,-0.0,106.6,460.8216167058087,200.0
2024-05-13 10:00:00,110.62547885357588,-0.0,-0.0,68.9,500.0,41.725478853575886
2024-05-13 11:00:00,390.223093562656,1.5999999999999959,-0.0,409.2,482.9919388845232,-17.37690643734399
2024-05-13 12:00:00,353.9116347940645,-0.0,-0.0,335.5,500.0,18.411634794064543
2024-05-13 13:00:00,274.6263157894737,-0.0,-0.0,274.1,500.0,0.5263157894736842
2024-05-13 14:00:00,352.9929824561404,1.333333333333332,-0.0,353.8,500.0,0.5263157894736842
2024-05-13 15:00:00,205.659649122807,1.066666666666656,-0.0,206.2,500.0,0.5263157894736842
2024-05-13 16:00:00,170.625,-0.0,18.975000000000023,389.6,309.5,-200.0
2024-05-13 17:00:00,13.63541666666665,-0.0,10.464583333333344,224.1,119.19049999999999,-200.0
2024-05-13 18:00:00,0.91666666666665,5.133333333333324,1.3749373684210955,27.5,100.0,-20.07506263157893
2024-05-13 19:00:00,-0.0,4.133333333333328,203.4719298245614,207.5,100.0,0.10526315789473087
2024-05-13 20:00:00,-0.0,6.199999999999991,196.20526315789476,202.3,100.0,0.10526315789473087
2024-05-13 21:00:00,-0.0,1.6666666666666559,246.53859649122808,248.1,100.0,0.10526315789473087
2024-05-13 22:00:00,-0.0,-0.0,541.0052631578947,540.9,100.0,0.10526315789473087
2024-05-13 23:00:00,-0.0,-0.0,189.40526315789475,189.3,100.0,0.10526315789473087
2024-05-14 00:00:00,-0.0,-0.0,440.60526315789474,440.5,100.0,0.10526315789473087
2024-05-14 01:00:00,-0.0,0.5999999999999881,227.50526315789475,228.0,100.0,0.10526315789473087
2024-05-14 02:00:00,-0.0,5.199999999999996,132.60526315789474,137.7,100.0,0.10526315789473087
2024-05-14 03:00:00,-0.0,9.049999999999992,131.95526315789476,140.9,100.0,0.10526315789473087
2024-05-14 04:00:00,-0.0,10.749999999999996,111.75526315789473,122.4,100.0,0.10526315789473087
2024-05-14 05:00:00,0.1363378157839,12.849999999999996,132.41892534211087,145.3,100.0,0.10526315789473087
2024-05-14 06:00:00,9.318151670094151,11.299999999999994,129.4871114878006,150.0,100.0,0.10526315789473087
2024-05-14 07:00:00,61.963051988018854,12.299999999999999,43.44221116987587,117.6,100.0,0.10526315789473087
2024-05-14 08:00:00,134.80590793821546,13.699999999999992,-0.0,122.6,124.51061254130468,25.905907938215453
2024-05-14 09:00:00,214.58303160137595,13.2,-0.0,140.5,207.30498195007053,87.28303160137595
2024-05-14 10:00:00,308.4028993712531,11.149999999999993,-0.0,196.5,323.9979313708109,123.0528993712531
2024-05-14 11:00:00,350.8686441845364,12.999999999999995,-0.0,297.3,386.9141454147496,66.56864418453637
2024-05-14 12:00:00,370.99148909250897,11.649999999999995,-0.0,282.6,481.56664590721834,100.04148909250894
2024-05-14 13:00:00,274.0604428828304,9.549999999999995,-0.0,263.7,500.0,19.910442882830385
2024-05-14 14:00:00,325.9763157894737,8.85,-0.0,334.3,500.0,0.5263157894736842
2024-05-14 15:00:00,277.79298245614035,4.133333333333328,-0.0,281.4,500.0,0.5263157894736842
2024-05-14 16:00:00,190.09298245614033,1.133333333333328,-0.0,190.7,500.0,0.5263157894736842
2024-05-14 17:00:00,89.453125,3.06666666666666,-0.0,208.3,389.5088020833333,-115.78020833333335
2024-05-14 18:00:00,17.8802083333333,2.066666666666664,-0.0,55.7,355.15382453124994,-35.75312500000004
2024-05-14 19:00:00,0.79513888888885,0.399999999999996,-0.0,122.6,239.46405265116306,-121.40486111111116
2024-05-14 20:00:00,-0.0,-0.0,168.04780147525065,314.6,100.0,-146.55219852474937
2024-05-14 21:00:00,-0.0,-0.0,216.70526315789473,216.6,100.0,0.10526315789473087
2024-05-14 22:00:00,-0.0,-0.0,595.1052631578947,595.0,100.0,0.10526315789473087
2024-05-14 23:00:00,-0.0,-0.0,243.60526315789474,243.5,100.0,0.10526315789473087
2024-05-15 00:00:00,-0.0,-0.0,730.0052631578947,729.9,100.0,0.10526315789473087
2024-05-15 01:00:00,-0.0,-0.0,161.40526315789475,161.3,100.0,0.10526315789473087
2024-05-15 02:00:00,-0.0,-0.0,32.40526315789473,32.3,100.0,0.10526315789473087
2024-05-15 03:00:00,-0.0,2.46666666666666,166.53859649122808,168.9,100.0,0.10526315789473087
2024-05-15 04:00:00,-0.0,1.066666666666656,168.23859649122807,169.2,100.0,0.10526315789473087
2024-05-15 05:00:00,0.1683912687521,-0.0,314.93687188914265,315.0,100.0,0.10526315789473087
2024-05-15 06:00:00,7.5172026833105,5.3999999999999995,64.58806047458422,77.4,100.0,0.10526315789473087
2024-05-15 07:00:00,89.6866408983866,-0.0,126.21862225950815,215.8,100.0,0.10526315789473087
2024-05-15 08:00:00,181.03918181525336,-0.0,-0.0,111.1,166.34222272449068,69.93918181525336
2024-05-15 09:00:00,250.6,-0.0,-0.0,50.6,356.1758805017662,200.0
2024-05-15 10:00:00,171.26873197761643,-0.0,-0.0,19.5,500.0,151.76873197761643
2024-05-15 11:00:00,343.5263157894737,1.2,-0.0,344.2,500.0,0.5263157894736842
2024-05-15 12:00:00,343.57651816474066,1.26666666666666,-0.0,356.8,488.14102558983694,-11.956815168592689
2024-05-15 13:00:00,330.70779164632165,4.466666666666664,-0.0,375.3,449.533619961586,-40.1255416870117
2024-05-15 14:00:00,321.6700771119859,5.266666666666656,-0.0,297.5,477.04899293134434,29.43674377865256
2024-05-15 15:00:00,193.16111164377583,3.1999999999999917,-0.0,171.7,500.0,24.661111643775822
2024-05-15 16:00:00,181.2501663631863,3.1999999999999917,-0.0,376.0,317.527658045027,-191.5498336368137
2024-05-15 17:00:00,79.16309502389696,2.266666666666656,52.670238309436414,334.1,127.21013038698197,-200.0
2024-05-15 18:00:00,12.930545431768701,2.133333333333324,127.22778412269273,170.8,100.0,-28.508337112205254
2024-05-15 19:00:00,0.056732929466900006,3.333333333333324,124.51519689509449,127.8,100.0,0.10526315789473087
2024-05-15 20:00:00,-0.0,4.533333333333324,170.1719298245614,174.6,100.0,0.10526315789473087
2024-05-15 21:00:00,-0.0,2.733333333333324,260.5719298245614,263.2,100.0,0.10526315789473087
2024-05-15 22:00:00,-0.0,1.133333333333328,624.6719298245614,625.7,100.0,0.10526315789473087
2024-05-15 23:00:00,-0.0,2.1999999999999957,138.80526315789476,140.9,100.0,0.10526315789473087
2024-05-16 00:00:00,-0.0,1.5999999999999959,653.2052631578947,654.7,100.0,0.10526315789473087
2024-05-16 01:00:00,-0.0,1.733333333333328,298.0719298245614,299.7,100.0,0.10526315789473087
2024-05-16 02:00:00,-0.0,2.5333333333333323,211.37192982456142,213.8,100.0,0.10526315789473087
2024-05-16 03:00:00,-0.0,2.9333333333333282,18.0719298245614,20.9,100.0,0.10526315789473087
2024-05-16 04:00:00,-0.0,2.066666666666664,99.43859649122807,101.4,100.0,0.10526315789473087
2024-05-16 05:00:00,0.1918007671419,1.799999999999988,218.21346239075285,220.1,100.0,0.10526315789473087
2024-05-16 06:00:00,11.0887249921345,1.4666666666666641,53.34987149909355,65.8,100.0,0.10526315789473087
2024-05-16 07:00:00,83.5802647140291,0.133333333333332,69.5916651105323,153.2,100.0,0.10526315789473087
2024-05-16 08:00:00,173.6472818586561,0.7333333333333321,-0.0,77.5,191.93658443238996,96.88061519198943
2024-05-16 09:00:00,218.6,-0.0,-0.0,18.6,381.7446478479576,200.0
2024-05-16 10:00:00,177.18115452620037,-0.0,-0.0,52.3,500.0,124.88115452620036
2024-05-16 11:00:00,304.59298245614036,6.733333333333332,-0.0,310.8,500.0,0.5263157894736842
2024-05-16 12:00:00,277.7263157894737,5.199999999999996,-0.0,282.4,500.0,0.5263157894736842
2024-05-16 13:00:00,370.72631578947374,6.399999999999996,-0.0,376.6,500.0,0.5263157894736842
2024-05-16 14:00:00,317.78744432661273,5.799999999999995,46.91255567338726,570.5,309.5,-200.0
2024-05-16 15:00:00,267.17270957099066,2.1999999999999957,-0.0,438.8,148.2345740924411,-169.42729042900936
2024-05-16 16:00:00,224.24741771486066,-0.0,78.8353827921407,353.7,100.0,-50.6171994929986
2024-05-16 17:00:00,122.42249608039856,-0.0,175.9827670774962,298.3,100.0,0.10526315789473087
2024-05-16 18:00:00,29.4675791594717,-0.0,80.93768399842303,110.3,100.0,0.10526315789473087
2024-05-16 19:00:00,0.4043083487906,1.333333333333332,169.8676214757708,171.5,100.0,0.10526315789473087
2024-05-16 20:00:00,-0.0,1.066666666666656,199.93859649122808,200.9,100.0,0.10526315789473087
2024-05-16 21:00:00,-0.0,0.133333333333332,451.3719298245614,451.4,100.0,0.10526315789473087
2024-05-16 22:00:00,-0.0,-0.0,878.0052631578947,877.9,100.0,0.10526315789473087
2024-05-16 23:00:00,-0.0,-0.0,203.60526315789474,203.5,100.0,0.10526315789473087
2024-05-17 00:00:00,-0.0,-0.0,509.40526315789475,509.3,100.0,0.10526315789473087
2024-05-17 01:00:00,-0.0,-0.0,282.90526315789475,282.8,100.0,0.10526315789473087
2024-05-17 02:00:00,-0.0,-0.0,67.00526315789473,66.9,100.0,0.10526315789473087
2024-05-17 03:00:00,-0.0,-0.0,95.20526315789472,95.1,100.0,0.10526315789473087
2024-05-17 04:00:00,-0.0,-0.0,150.40526315789475,150.3,100.0,0.10526315789473087
2024-05-17 05:00:00,0.31042099671645,-0.0,220.29484216117828,220.5,100.0,0.10526315789473087
2024-05-17 06:00:00,8.5623696994864,-0.0,83.24289345840833,91.7,100.0,0.10526315789473087
2024-05-17 07:00:00,56.8935460845629,-0.0,38.51171707333182,95.3,100.0,0.10526315789473087
2024-05-17 08:00:00,137.44369228680924,-0.0,-0.0,95.3,139.9365076724688,42.14369228680924
2024-05-17 09:00:00,219.8,-0.0,-0.0,19.8,329.7965711647963,200.0
2024-05-17 10:00:00,282.1877092785305,3.06666666666666,-0.0,184.2,425.4684317415688,101.0543759451972
2024-05-17 11:00:00,296.89128557840985,0.266666666666664,47.042047754923544,544.2,235.0429633098272,-200.0
2024-05-17 12:00:00,287.99545076158313,4.86666666666666,-0.0,100.4,417.64693190335464,192.46211742824977
2024-05-17 13:00:00,278.3854166666667,11.849999999999987,-0.0,353.5,357.1279308047846,-63.26458333333333
2024-05-17 14:00:00,258.7673611111111,15.083333333333327,-0.0,343.2,290.8889625962021,-69.34930555555557
2024-05-17 15:00:00,217.61458333333331,20.499999999999996,-0.0,274.3,256.2219278002725,-36.1854166666667
2024-05-17 16:00:00,154.4184027777778,21.333333333333325,14.873836654707588,354.8,100.0,-164.1744272341813
2024-05-17 17:00:00,80.17881944444446,20.33333333333333,390.49311038011695,490.9,100.0,0.10526315789473087
2024-05-17 18:00:00,13.93229166666665,17.000000000000004,151.27297149122808,182.1,100.0,0.10526315789473087
2024-05-17 19:00:00,0.9704861111111001,17.416666666666668,190.01811038011698,208.3,100.0,0.10526315789473087
2024-05-17 20:00:00,-0.0,21.249999999999993,296.65526315789475,317.8,100.0,0.10526315789473087
2024-05-17 21:00:00,-0.0,13.599999999999996,311.30526315789473,324.8,100.0,0.10526315789473087
2024-05-17 22:00:00,-0.0,12.45,833.2552631578947,845.6,100.0,0.10526315789473087
2024-05-17 23:00:00,-0.0,14.25,259.65526315789475,273.8,100.0,0.10526315789473087
2024-05-18 00:00:00,-0.0,10.549999999999992,708.6552631578948,719.1,100.0,0.10526315789473087
2024-05-18 01:00:00,-0.0,2.1999999999999957,432.60526315789474,434.7,100.0,0.10526315789473087
2024-05-18 02:00:00,-0.0,-0.0,233.90526315789475,233.8,100.0,0.10526315789473087
2024-05-18 03:00:00,-0.0,-0.0,60.805263157894736,60.7,100.0,0.10526315789473087
2024-05-18 04:00:00,-0.0,-0.0,172.70526315789473,172.6,100.0,0.10526315789473087
2024-05-18 05:00:00,0.25568990217935,-0.0,309.84957325571537,310.0,100.0,0.10526315789473087
2024-05-18 06:00:00,22.1530087695767,-0.0,108.15225438831803,130.2,100.0,0.10526315789473087
2024-05-18 07:00:00,87.58721099959479,-0.0,-0.0,81.8,105.39785044961506,5.787210999594791
2024-05-18 08:00:00,188.1428893407186,-0.0,-0.0,83.7,204.5131974728481,104.4428893407186
2024-05-18 09:00:00,219.6,-0.0,-0.0,19.6,394.3086842753753,200.0
2024-05-18 10:00:00,176.1411303944058,6.333333333333324,-0.0,194.9,382.1101161324521,-12.425536272260889
2024-05-18 11:00:00,224.49683577229513,-0.0,-0.0,100.0,500.0,124.49683577229514
2024-05-18 12:00:00,285.1263157894737,-0.0,-0.0,284.6,500.0,0.5263157894736842
2024-05-18 13:00:00,166.62631578947367,-0.0,-0.0,166.1,500.0,0.5263157894736842
2024-05-18 14:00:00,349.5138888888889,14.749999999999993,-0.0,480.2,389.3606944444445,-115.93611111111107
2024-05-18 15:00:00,294.40972222222223,11.849999999999987,-0.0,261.8,431.20806986111114,44.459722222222204
2024-05-18 16:00:00,190.85590277777774,19.41666666666666,-0.0,366.2,282.64580276347226,-155.9274305555556
2024-05-18 17:00:00,79.40104166666664,19.833333333333336,31.604407146622336,322.8,100.0,-191.9612178533777
2024-05-18 18:00:00,18.125,17.666666666666664,187.51359649122807,223.2,100.0,0.10526315789473087
2024-05-18 19:00:00,0.78125,15.083333333333327,194.64067982456143,210.4,100.0,0.10526315789473087
2024-05-18 20:00:00,-0.0,9.0,119.40526315789475,128.3,100.0,0.10526315789473087
2024-05-18 21:00:00,-0.0,3.133333333333332,475.7719298245614,478.8,100.0,0.10526315789473087
2024-05-18 22:00:00,-0.0,6.533333333333328,962.0719298245614,968.5,100.0,0.10526315789473087
2024-05-18 23:00:00,-0.0,16.916666666666664,409.38859649122804,426.2,100.0,0.10526315789473087
2024-05-19 00:00:00,-0.0,12.849999999999996,598.9552631578947,611.7,100.0,0.10526315789473087
2024-05-19 01:00:00,-0.0,12.499999999999993,152.20526315789473,164.6,100.0,0.10526315789473087
2024-05-19 02:00:00,-0.0,7.066666666666668,78.93859649122807,85.9,100.0,0.10526315789473087
2024-05-19 03:00:00,-0.0,4.666666666666656,58.63859649122808,63.2,100.0,0.10526315789473087
2024-05-19 04:00:00,-0.0,4.666666666666656,276.4385964912281,281.0,100.0,0.10526315789473087
2024-05-19 05:00:00,0.24649404429104999,0.933333333333324,228.42543578027036,229.5,100.0,0.10526315789473087
2024-05-19 06:00:00,13.98495340305895,1.933333333333332,88.68697642150244,104.5,100.0,0.10526315789473087
2024-05-19 07:00:00,37.17718803220325,1.066666666666656,57.26140845902482,95.4,100.0,0.10526315789473087
2024-05-19 08:00:00,133.92735216352673,1.066666666666656,-0.0,85.4,147.0143178886837,49.594018830193384
2024-05-19 09:00:00,234.58559009763928,3.266666666666664,-0.0,184.6,197.45694749688568,53.252256764305955
2024-05-19 10:00:00,299.58142227596704,10.799999999999999,-0.0,314.7,193.1568417115575,-4.318577724032947
2024-05-19 11:00:00,368.2030524147882,7.933333333333319,-0.0,305.1,260.44825133056133,71.0363857481215
2024-05-19 12:00:00,337.8,-0.0,-0.0,137.8,450.1878030792308,200.0
2024-05-19 13:00:00,370.6770833333333,13.699999999999992,-0.0,332.8,498.7358444428182,51.57708333333329
2024-05-19 14:00:00,304.70567515960494,17.24999999999999,-0.0,320.1,500.0,1.855675159604887
2024-05-19 15:00:00,163.02631578947367,19.999999999999993,-0.0,182.5,500.0,0.5263157894736842
2024-05-19 16:00:00,166.9045138888889,20.416666666666657,-0.0,356.1,339.1601215277778,-168.77881944444445
2024-05-19 17:00:00,61.6097412506739,7.933333333333319,116.4569254159928,386.0,148.82096140625003,-200.0
2024-05-19 18:00:00,27.0273150619533,17.416666666666668,82.72218622417604,178.4,100.0,-51.23383204720399
2024-05-19 19:00:00,0.37152777777775,10.95,85.48373538011698,96.7,100.0,0.10526315789473087
2024-05-19 20:00:00,-0.0,12.199999999999992,257.10526315789474,269.2,100.0,0.10526315789473087
2024-05-19 21:00:00,-0.0,12.099999999999996,333.30526315789473,345.3,100.0,0.10526315789473087
2024-05-19 22:00:00,-0.0,11.59999999999999,890.8052631578946,902.3,100.0,0.10526315789473087
2024-05-19 23:00:00,-0.0,12.6,246.70526315789473,259.2,100.0,0.10526315789473087
2024-05-20 00:00:00,-0.0,12.283609390744429,387.62165376715035,399.8,100.0,0.10526315789473087
2024-05-20 01:00:00,-0.0,11.141830980237792,178.76343217765697,189.8,100.0,0.10526315789473087
2024-05-20 02:00:00,-0.0,9.595158984788268,118.91010417310648,128.4,100.0,0.10526315789473087
2024-05-20 03:00:00,-0.0,8.956516392943463,47.54874676495127,56.4,100.0,0.10526315789473087
2024-05-20 04:00:00,-0.0,6.266636811523428,158.9386263463713,165.1,100.0,0.10526315789473087
2024-05-20 05:00:00,0.3811254704164,5.128212979283065,132.49592470819528,137.9,100.0,0.10526315789473087
2024-05-20 06:00:00,18.797947069009098,3.264041993968188,37.64327409491745,59.6,100.0,0.10526315789473087
2024-05-20 07:00:00,64.15669487582309,1.1194577353869481,52.92911054668468,118.1,100.0,0.10526315789473087
2024-05-20 08:00:00,152.3640251159668,-0.0,-0.0,27.7,218.33082386016844,124.6640251159668
2024-05-20 09:00:00,249.8,-0.0,-0.0,49.8,408.11249303630825,200.0
2024-05-20 10:00:00,97.15328363866111,-0.0,-0.0,0.0,500.0,97.15328363866111
2024-05-20 11:00:00,199.52631578947367,1.399999999999992,-0.0,200.4,500.0,0.5263157894736842
2024-05-20 12:00:00,373.6446931627062,4.999999999999992,-0.0,416.1,463.91745850457085,-37.455306837293854
2024-05-20 13:00:00,294.56995679361444,0.999999999999996,-0.0,257.1,500.0,38.46995679361444
2024-05-20 14:00:00,333.6111111111111,6.399999999999996,-0.0,495.8,351.50055555555554,-155.78888888888892
2024-05-20 15:00:00,269.359375,7.1333333333333275,-0.0,379.7,253.10212791666663,-103.20729166666666
2024-05-20 16:00:00,137.5190972222222,6.06666666666666,73.12052475453223,377.6,100.0,-160.89371135657893
2024-05-20 17:00:00,41.91666666666665,4.86666666666666,215.5219298245614,262.2,100.0,0.10526315789473087
2024-05-20 18:00:00,17.38888888888885,17.416666666666668,129.29970760233923,164.0,100.0,0.10526315789473087
2024-05-20 19:00:00,0.6579861111111,10.95,143.89727704678367,155.4,100.0,0.10526315789473087
2024-05-20 20:00:00,-0.0,12.199999999999992,82.20526315789473,94.3,100.0,0.10526315789473087
2024-05-20 21:00:00,-0.0,12.099999999999996,341.5052631578947,353.5,100.0,0.10526315789473087
2024-05-20 22:00:00,-0.0,11.59999999999999,758.9052631578946,770.4,100.0,0.10526315789473087
2024-05-20 23:00:00,-0.0,12.6,153.20526315789473,165.7,100.0,0.10526315789473087
2024-05-21 00:00:00,-0.0,10.549999999999992,350.7552631578947,361.2,100.0,0.10526315789473087
2024-05-21 01:00:00,-0.0,8.85,175.55526315789476,184.3,100.0,0.10526315789473087
2024-05-21 02:00:00,-0.0,4.999999999999992,238.60526315789474,243.5,100.0,0.10526315789473087
2024-05-21 03:00:00,-0.0,3.399999999999996,134.90526315789472,138.2,100.0,0.10526315789473087
2024-05-21 04:00:00,-0.0,2.799999999999996,156.10526315789477,158.8,100.0,0.10526315789473087
2024-05-21 05:00:00,0.2576128983249,5.3999999999999995,209.74765025956984,215.3,100.0,0.10526315789473087
2024-05-21 06:00:00,12.23090643891025,7.933333333333319,98.44102338565115,118.5,100.0,0.10526315789473087
2024-05-21 07:00:00,67.37770742840235,6.533333333333328,39.69422239615905,113.5,100.0,0.10526315789473087
2024-05-21 08:00:00,147.53989338874814,8.049999999999995,-0.0,107.3,145.77539871931074,48.28989338874814
2024-05-21 09:00:00,266.0537483957078,5.333333333333328,-0.0,105.7,303.03235096318053,165.68708172904115
2024-05-21 10:00:00,365.4505077997843,3.266666666666664,-0.0,236.0,428.81063435534577,132.71717446645096
2024-05-21 11:00:00,391.0185231102838,2.066666666666664,-0.0,422.5,400.4377540090934,-29.41481022304953
2024-05-21 12:00:00,384.5507219102647,2.066666666666664,-0.0,518.1,275.1288354031691,-131.48261142306865
2024-05-21 13:00:00,395.12152777777777,0.866666666666664,-0.0,262.3,401.85749128998816,133.68819444444443
2024-05-21 14:00:00,352.8298611111111,1.6666666666666559,-0.0,474.4,287.547335187587,-119.90347222222223
2024-05-21 15:00:00,292.5538194444444,2.866666666666656,-0.0,155.5,420.1842496579549,139.92048611111105
2024-05-21 16:00:00,205.85763888888889,5.066666666666665,-0.0,328.6,307.97215568607476,-117.67569444444447
2024-05-21 17:00:00,97.734375,6.466666666666656,-0.0,274.1,146.26017311372203,-169.89895833333335
2024-05-21 18:00:00,18.80729166666665,2.866666666666656,5.385080676552672,75.6,100.0,-48.540960990114016
2024-05-21 19:00:00,0.7777777777777499,-0.0,101.42748538011698,102.1,100.0,0.10526315789473087
2024-05-21 20:00:00,-0.0,-0.0,315.90526315789475,315.8,100.0,0.10526315789473087
2024-05-21 21:00:00,-0.0,-0.0,277.70526315789476,277.6,100.0,0.10526315789473087
2024-05-21 22:00:00,-0.0,-0.0,561.5052631578947,561.4,100.0,0.10526315789473087
2024-05-21 23:00:00,-0.0,-0.0,123.30526315789473,123.2,100.0,0.10526315789473087
2024-05-22 00:00:00,-0.0,-0.0,465.30526315789473,465.2,100.0,0.10526315789473087
2024-05-22 01:00:00,-0.0,-0.0,193.00526315789475,192.9,100.0,0.10526315789473087
2024-05-22 02:00:00,-0.0,-0.0,197.60526315789474,197.5,100.0,0.10526315789473087
2024-05-22 03:00:00,-0.0,-0.0,218.20526315789473,218.1,100.0,0.10526315789473087
2024-05-22 04:00:00,-0.0,-0.0,156.30526315789473,156.2,100.0,0.10526315789473087
2024-05-22 05:00:00,0.32920574303715,-0.0,189.97605741485756,190.2,100.0,0.10526315789473087
2024-05-22 06:00:00,10.630741461904499,-0.0,53.87452169599023,64.4,100.0,0.10526315789473087
2024-05-22 07:00:00,71.76690919531715,-0.0,30.038353962577574,101.7,100.0,0.10526315789473087
2024-05-22 08:00:00,195.11990123324924,-0.0,-0.0,61.7,226.64890617158676,133.41990123324922
2024-05-22 09:00:00,200.0,-0.0,-0.0,0.0,416.42225726541517,200.0
2024-05-22 10:00:00,132.3149105177371,-0.0,-0.0,43.9,500.0,88.41491051773711
2024-05-22 11:00:00,344.4929824561404,4.333333333333332,-0.0,348.3,500.0,0.5263157894736842
2024-05-22 12:00:00,380.1831118265788,6.999999999999996,-0.0,405.2,482.38395623524985,-18.016888173421197
2024-05-22 13:00:00,341.4009765484057,13.849999999999993,-0.0,336.2,500.0,19.050976548405682
2024-05-22 14:00:00,229.82638888888889,9.75,184.42361111111111,624.0,309.5,-200.0
2024-05-22 15:00:00,278.36805555555554,9.6,-0.0,323.9,275.0551527777778,-35.93194444444443
2024-05-22 16:00:00,209.7708333333333,8.099999999999987,14.150116535087761,416.0,100.0,-183.97905013157896
2024-05-22 17:00:00,90.13194444444444,5.333333333333328,173.53998538011695,268.9,100.0,0.10526315789473087
2024-05-22 18:00:00,23.87152777777775,-0.0,263.333735380117,287.1,100.0,0.10526315789473087
2024-05-22 19:00:00,0.9270833333333,-0.0,182.67817982456145,183.5,100.0,0.10526315789473087
2024-05-22 20:00:00,-0.0,-0.0,101.10526315789473,101.0,100.0,0.10526315789473087
2024-05-22 21:00:00,-0.0,-0.0,281.10526315789474,281.0,100.0,0.10526315789473087
2024-05-22 22:00:00,-0.0,-0.0,719.4052631578946,719.3,100.0,0.10526315789473087
2024-05-22 23:00:00,-0.0,-0.0,329.5052631578947,329.4,100.0,0.10526315789473087
2024-05-23 00:00:00,-0.0,-0.0,589.0052631578947,588.9,100.0,0.10526315789473087
2024-05-23 01:00:00,-0.0,-0.0,283.90526315789475,283.8,100.0,0.10526315789473087
2024-05-23 02:00:00,-0.0,-0.0,86.60526315789473,86.5,100.0,0.10526315789473087
2024-05-23 03:00:00,-0.0,-0.0,16.10526315789473,16.0,100.0,0.10526315789473087
2024-05-23 04:00:00,-0.0,-0.0,53.50526315789473,53.4,100.0,0.10526315789473087
2024-05-23 05:00:00,0.3155258251354,-0.0,351.1897373327593,351.4,100.0,0.10526315789473087
2024-05-23 06:00:00,6.3781686975724,-0.0,120.32709446032231,126.6,100.0,0.10526315789473087
2024-05-23 07:00:00,32.820974025461396,-0.0,197.48428913243333,230.2,100.0,0.10526315789473087
2024-05-23 08:00:00,164.5224990447362,-0.0,-0.0,51.5,207.2713740924994,113.02249904473621
2024-05-23 09:00:00,267.8,-0.0,-0.0,67.8,397.0641027184069,200.0
2024-05-23 10:00:00,236.37153829927524,-0.0,-0.0,127.6,500.0,108.77153829927525
2024-05-23 11:00:00,313.8263157894737,4.2,-0.0,317.5,500.0,0.5263157894736842
2024-05-23 12:00:00,374.6763157894737,9.049999999999992,-0.0,383.2,500.0,0.5263157894736842
2024-05-23 13:00:00,170.02631578947367,-0.0,-0.0,169.5,500.0,0.5263157894736842
2024-05-23 14:00:00,288.81423611111114,20.750000000000004,-0.0,309.8,499.27602430555555,-0.23576388888886513
2024-05-23 15:00:00,278.80430005482464,19.58333333333333,-0.0,297.1,500.0,1.2876333881579165
2024-05-23 16:00:00,162.5434027777778,17.91666666666667,90.03993055555551,470.5,309.5,-200.0
2024-05-23 17:00:00,40.2881944444444,19.749999999999996,101.06180555555562,361.1,119.19049999999999,-200.0
2024-05-23 18:00:00,8.0815972222222,17.083333333333332,66.86000681286554,112.1,100.0,-20.07506263157893
2024-05-23 19:00:00,1.0434027777777501,11.4,52.461860380116974,64.8,100.0,0.10526315789473087
2024-05-23 20:00:00,-0.0,11.049999999999995,125.75526315789473,136.7,100.0,0.10526315789473087
2024-05-23 21:00:00,-0.0,10.699999999999992,303.70526315789476,314.3,100.0,0.10526315789473087
2024-05-23 22:00:00,-0.0,8.599999999999993,896.6052631578947,905.1,100.0,0.10526315789473087
2024-05-23 23:00:00,-0.0,8.799999999999997,178.70526315789476,187.4,100.0,0.10526315789473087
2024-05-24 00:00:00,-0.0,4.599999999999996,440.0052631578947,444.5,100.0,0.10526315789473087
2024-05-24 01:00:00,-0.0,-0.0,301.40526315789475,301.3,100.0,0.10526315789473087
2024-05-24 02:00:00,-0.0,0.199999999999992,147.20526315789476,147.3,100.0,0.10526315789473087
2024-05-24 03:00:00,-0.0,0.533333333333328,124.17192982456139,124.6,100.0,0.10526315789473087
2024-05-24 04:00:00,-0.0,-0.0,142.20526315789473,142.1,100.0,0.10526315789473087
2024-05-24 05:00:00,0.5119929643761499,1.333333333333332,181.25993686018523,183.0,100.0,0.10526315789473087
2024-05-24 06:00:00,15.73420223469535,6.733333333333332,35.03772758986605,57.4,100.0,0.10526315789473087
2024-05-24 07:00:00,81.65975199805365,7.199999999999999,269.6455111598411,358.4,100.0,0.10526315789473087
2024-05-24 08:00:00,197.3080735736423,3.799999999999992,-0.0,87.8,207.54266989496017,113.3080735736423
2024-05-24 09:00:00,274.9,-0.0,-0.0,74.9,397.3351272250652,200.0
2024-05-24 10:00:00,114.88653463385249,-0.0,-0.0,6.4,500.0,108.48653463385249
2024-05-24 11:00:00,319.17631578947373,13.149999999999995,-0.0,331.8,500.0,0.5263157894736842
2024-05-24 12:00:00,278.0763157894737,15.249999999999996,-0.0,292.8,500.0,0.5263157894736842
2024-05-24 13:00:00,380.8506944444444,21.66666666666667,-0.0,461.0,443.9414930555555,-58.48263888888893
2024-05-24 14:00:00,316.47569444444446,19.833333333333336,-0.0,375.1,406.64612795138885,-38.79097222222223
2024-05-24 15:00:00,269.05555555555554,19.999999999999993,-0.0,468.6,235.67225960121522,-179.54444444444448
2024-05-24 16:00:00,214.5277777777778,22.333333333333332,-0.0,350.4,127.5746428971696,-113.53888888888885
2024-05-24 17:00:00,107.79166666666664,17.000000000000004,121.81668253936239,275.5,100.0,-28.891650793970975
2024-05-24 18:00:00,23.6770833333333,11.899999999999991,273.22817982456144,308.7,100.0,0.10526315789473087
2024-05-24 19:00:00,1.30902777777775,6.466666666666656,227.72956871345033,235.4,100.0,0.10526315789473087
2024-05-24 20:00:00,-0.0,3.733333333333332,232.4719298245614,236.1,100.0,0.10526315789473087
2024-05-24 21:00:00,-0.0,0.266666666666664,296.3385964912281,296.5,100.0,0.10526315789473087
2024-05-24 22:00:00,-0.0,0.06666666666666,730.338596491228,730.3,100.0,0.10526315789473087
2024-05-24 23:00:00,-0.0,-0.0,228.70526315789473,228.6,100.0,0.10526315789473087
2024-05-25 00:00:00,-0.0,-0.0,563.9052631578946,563.8,100.0,0.10526315789473087
2024-05-25 01:00:00,-0.0,-0.0,466.80526315789473,466.7,100.0,0.10526315789473087
2024-05-25 02:00:00,-0.0,6.533333333333328,223.2719298245614,229.7,100.0,0.10526315789473087
2024-05-25 03:00:00,-0.0,1.133333333333328,324.3719298245614,325.4,100.0,0.10526315789473087
2024-05-25 04:00:00,-0.0,-0.0,146.30526315789473,146.2,100.0,0.10526315789473087
2024-05-25 05:00:00,0.58340847181775,-0.0,204.72185468607697,205.2,100.0,0.10526315789473087
2024-05-25 06:00:00,23.279657227297598,-0.0,43.22560593059713,66.4,100.0,0.10526315789473087
2024-05-25 07:00:00,111.10204537709555,-0.0,53.3032177807992,164.3,100.0,0.10526315789473087
2024-05-25 08:00:00,210.88657644059924,-0.0,-0.0,36.2,265.8522476185693,174.68657644059925
2024-05-25 09:00:00,265.2,-0.0,-0.0,65.2,455.58639537095075,200.0
2024-05-25 10:00:00,111.93072739412655,-0.0,-0.0,64.7,500.0,47.230727394126546
2024-05-25 11:00:00,278.5263157894737,-0.0,-0.0,278.0,500.0,0.5263157894736842
2024-05-25 12:00:00,284.2263157894737,0.999999999999996,-0.0,284.7,500.0,0.5263157894736842
2024-05-25 13:00:00,277.8263157894737,2.599999999999992,-0.0,279.9,500.0,0.5263157894736842
2024-05-25 14:00:00,289.59298245614036,2.5333333333333323,-0.0,291.6,500.0,0.5263157894736842
2024-05-25 15:00:00,293.3333333333333,14.91666666666666,-0.0,349.2,460.59749999999997,-40.95000000000002
2024-05-25 16:00:00,214.60590277777774,13.824999999999996,-0.0,405.5,291.9212601388888,-177.06909722222227
2024-05-25 17:00:00,87.4895833333333,13.299999999999995,172.91041666666666,473.7,101.62933887874988,-200.0
2024-05-25 18:00:00,23.0677083333333,8.049999999999995,159.4741763615392,192.2,100.0,-1.6081153051275003
2024-05-25 19:00:00,1.38541666666665,5.599999999999992,70.61984649122809,77.5,100.0,0.10526315789473087
2024-05-25 20:00:00,-0.0,5.266666666666656,168.03859649122808,173.2,100.0,0.10526315789473087
2024-05-25 21:00:00,-0.0,2.4,170.80526315789473,173.1,100.0,0.10526315789473087
2024-05-25 22:00:00,-0.0,0.133333333333332,740.5719298245614,740.6,100.0,0.10526315789473087
2024-05-25 23:00:00,-0.0,-0.0,182.70526315789473,182.6,100.0,0.10526315789473087
2024-05-26 00:00:00,-0.0,-0.0,272.60526315789474,272.5,100.0,0.10526315789473087
2024-05-26 01:00:00,-0.0,-0.0,201.90526315789475,201.8,100.0,0.10526315789473087
2024-05-26 02:00:00,-0.0,-0.0,172.70526315789473,172.6,100.0,0.10526315789473087
2024-05-26 03:00:00,-0.0,-0.0,48.40526315789473,48.3,100.0,0.10526315789473087
2024-05-26 04:00:00,-0.0,-0.0,148.20526315789473,148.1,100.0,0.10526315789473087
2024-05-26 05:00:00,0.57393213268365,-0.0,293.3313310252111,293.8,100.0,0.10526315789473087
2024-05-26 06:00:00,19.543836278220002,-0.0,73.66142687967472,93.1,100.0,0.10526315789473087
2024-05-26 07:00:00,95.9010667933358,-0.0,-0.0,50.1,143.411013453669,45.8010667933358
2024-05-26 08:00:00,209.9666913350423,-0.0,-0.0,20.3,323.45095920850554,189.6666913350423
2024-05-26 09:00:00,274.18157026389787,-0.0,-0.0,88.0,500.0,186.18157026389787
2024-05-26 10:00:00,171.82631578947368,-0.0,-0.0,171.3,500.0,0.5263157894736842
2024-05-26 11:00:00,206.42631578947368,-0.0,-0.0,205.9,500.0,0.5263157894736842
2024-05-26 12:00:00,326.05964912280706,3.06666666666666,-0.0,328.6,500.0,0.5263157894736842
2024-05-26 13:00:00,378.0208333333333,3.466666666666656,-0.0,387.9,493.408125,-6.412500000000007
2024-05-26 14:00:00,329.85819276315794,3.6999999999999957,-0.0,326.1,500.0,7.458192763157884
2024-05-26 15:00:00,299.375,5.533333333333332,-0.0,378.4,429.6829166666667,-73.49166666666665
2024-05-26 16:00:00,223.80555555555557,2.866666666666656,358.5277777777778,785.2,239.25323375000005,-200.0
2024-05-26 17:00:00,96.21354166666666,-0.0,256.95595252675434,499.5,100.0,-146.33050580657903
2024-05-26 18:00:00,21.7256944444444,-0.0,247.97956871345036,269.6,100.0,0.10526315789473087
2024-05-26 19:00:00,1.57465277777775,-0.0,122.53061038011698,124.0,100.0,0.10526315789473087
2024-05-26 20:00:00,-0.0,2.5333333333333323,118.0719298245614,120.5,100.0,0.10526315789473087
2024-05-26 21:00:00,-0.0,1.733333333333328,325.6719298245614,327.3,100.0,0.10526315789473087
2024-05-26 22:00:00,-0.0,1.2,588.5052631578947,589.6,100.0,0.10526315789473087
2024-05-26 23:00:00,-0.0,-0.0,218.60526315789474,218.5,100.0,0.10526315789473087
2024-05-27 00:00:00,-0.0,-0.0,419.5052631578947,419.4,100.0,0.10526315789473087
2024-05-27 01:00:00,-0.0,-0.0,267.5052631578947,267.4,100.0,0.10526315789473087
2024-05-27 02:00:00,-0.0,-0.0,138.50526315789475,138.4,100.0,0.10526315789473087
2024-05-27 03:00:00,-0.0,-0.0,104.30526315789473,104.2,100.0,0.10526315789473087
2024-05-27 04:00:00,-0.0,-0.0,154.30526315789473,154.2,100.0,0.10526315789473087
2024-05-27 05:00:00,0.4007818782702,-0.0,259.30448127962455,259.6,100.0,0.10526315789473087
2024-05-27 06:00:00,15.38998320388295,-0.0,98.41527995401178,113.7,100.0,0.10526315789473087
2024-05-27 07:00:00,101.88596996996135,-0.0,-0.0,88.5,112.61667147146329,13.385969969961351
2024-05-27 08:00:00,196.6976862483554,0.06666666666666,-0.0,187.8,121.02019006926278,8.964352915022058
2024-05-27 09:00:00,265.2,-0.0,-0.0,65.2,310.89916987919355,200.0
2024-05-27 10:00:00,232.88076767440594,-0.0,-0.0,33.5,500.0,199.38076767440594
2024-05-27 11:00:00,227.62631578947367,3.0,-0.0,230.1,500.0,0.5263157894736842
2024-05-27 12:00:00,375.23513317108154,0.999999999999996,-0.0,448.1,431.22837651252746,-71.86486682891848
2024-05-27 13:00:00,368.0555555555556,2.266666666666656,-0.0,391.1,411.05825924712605,-20.777777777777768
2024-05-27 14:00:00,329.375,4.466666666666664,-0.0,442.6,307.32678432121224,-108.75833333333335
2024-05-27 15:00:00,280.2083333333333,13.899999999999997,-0.0,263.1,336.47737420355764,31.00833333333329
2024-05-27 16:00:00,147.2986111111111,13.849999999999993,120.65138888888896,481.8,146.14089682935406,-200.0
2024-05-27 17:00:00,100.77951388888886,13.249999999999991,267.0549535505588,429.5,100.0,-48.415532560552315
2024-05-27 18:00:00,20.88368055555555,16.166666666666664,108.85491593567255,145.8,100.0,0.10526315789473087
2024-05-27 19:00:00,1.1736111111111,10.549999999999992,192.68165204678365,204.3,100.0,0.10526315789473087
2024-05-27 20:00:00,-0.0,9.9,209.90526315789472,219.7,100.0,0.10526315789473087
2024-05-27 21:00:00,-0.0,9.3,278.80526315789473,288.0,100.0,0.10526315789473087
2024-05-27 22:00:00,-0.0,8.499999999999996,423.20526315789476,431.6,100.0,0.10526315789473087
2024-05-27 23:00:00,-0.0,3.333333333333324,248.07192982456144,251.3,100.0,0.10526315789473087
2024-05-28 00:00:00,-0.0,2.46666666666666,566.638596491228,569.0,100.0,0.10526315789473087
2024-05-28 01:00:00,-0.0,6.266666666666664,273.3385964912281,279.5,100.0,0.10526315789473087
2024-05-28 02:00:00,-0.0,6.733333333333332,100.47192982456139,107.1,100.0,0.10526315789473087
2024-05-28 03:00:00,-0.0,5.8666666666666565,99.43859649122807,105.2,100.0,0.10526315789473087
2024-05-28 04:00:00,-0.0,7.066666666666668,36.238596491228066,43.2,100.0,0.10526315789473087
2024-05-28 05:00:00,0.29228808022,6.6,296.21297507767474,303.0,100.0,0.10526315789473087
2024-05-28 06:00:00,13.713101912289849,6.6,54.59216124560488,74.8,100.0,0.10526315789473087
2024-05-28 07:00:00,81.03007117907204,8.449999999999992,58.02519197882272,147.4,100.0,0.10526315789473087
2024-05-28 08:00:00,188.71600124571054,11.749999999999991,-0.0,115.2,180.902701183425,85.26600124571053
2024-05-28 09:00:00,272.24738491906066,14.416666666666655,-0.0,152.6,308.08264748868254,134.06405158572733
2024-05-28 10:00:00,339.8661761813694,12.75,-0.0,300.2,357.5699322134948,52.416176181369394
2024-05-28 11:00:00,317.87694825066467,20.833333333333332,-0.0,350.3,346.20212978607935,-11.589718416002011
2024-05-28 12:00:00,368.96334489186603,14.416666666666655,-0.0,422.6,308.59693863689927,-39.219988441467336
2024-05-28 13:00:00,349.2708333333333,14.499999999999996,-0.0,415.0,259.620633364929,-51.229166666666686
2024-05-28 14:00:00,324.18402777777777,10.449999999999996,-0.0,297.3,294.82833912045294,37.334027777777756
2024-05-28 15:00:00,274.34027777777777,7.3999999999999915,-0.0,252.9,321.9317746702214,28.840277777777757
2024-05-28 16:00:00,204.77777777777774,8.199999999999996,-0.0,407.4,136.90873178444002,-194.42222222222225
2024-05-28 17:00:00,89.13194444444444,1.5999999999999959,136.96087339486547,266.4,100.0,-38.70718216069008
2024-05-28 18:00:00,21.2222222222222,-0.0,175.98304093567253,197.1,100.0,0.10526315789473087
2024-05-28 19:00:00,1.09201388888885,-0.0,170.01324926900588,171.0,100.0,0.10526315789473087
2024-05-28 20:00:00,-0.0,-0.0,137.70526315789473,137.6,100.0,0.10526315789473087
2024-05-28 21:00:00,-0.0,-0.0,416.80526315789473,416.7,100.0,0.10526315789473087
2024-05-28 22:00:00,-0.0,-0.0,647.7052631578947,647.6,100.0,0.10526315789473087
2024-05-28 23:00:00,-0.0,1.2,159.60526315789474,160.7,100.0,0.10526315789473087
2024-05-29 00:00:00,-0.0,3.66666666666666,477.63859649122804,481.2,100.0,0.10526315789473087
2024-05-29 01:00:00,-0.0,4.799999999999987,308.90526315789475,313.6,100.0,0.10526315789473087
2024-05-29 02:00:00,-0.0,1.5999999999999959,99.60526315789473,101.1,100.0,0.10526315789473087
2024-05-29 03:00:00,-0.0,3.266666666666664,213.03859649122808,216.2,100.0,0.10526315789473087
2024-05-29 04:00:00,-0.0,1.933333333333332,115.0719298245614,116.9,100.0,0.10526315789473087
2024-05-29 05:00:00,0.4094528029155,3.5333333333333283,326.86247702164593,330.7,100.0,0.10526315789473087
2024-05-29 06:00:00,16.27067326050665,2.799999999999996,46.43458989738808,65.4,100.0,0.10526315789473087
2024-05-29 07:00:00,69.2246145672268,6.799999999999992,65.58064859066796,141.5,100.0,0.10526315789473087
2024-05-29 08:00:00,163.7053765190972,6.06666666666666,54.63321997213089,224.3,100.0,0.10526315789473087
2024-05-29 09:00:00,221.7,-0.0,-0.0,21.7,289.9,200.0
2024-05-29 10:00:00,312.3,-0.0,-0.0,112.3,479.6101,200.0
2024-05-29 11:00:00,283.46790536842104,4.799999999999987,-0.0,266.3,500.0,21.967905368421068
2024-05-29 12:00:00,213.1263157894737,7.199999999999999,-0.0,219.8,500.0,0.5263157894736842
2024-05-29 13:00:00,274.29298245614035,7.733333333333328,-0.0,281.5,500.0,0.5263157894736842
2024-05-29 14:00:00,225.32631578947368,9.799999999999992,-0.0,234.6,500.0,0.5263157894736842
2024-05-29 15:00:00,292.2916666666667,10.149999999999997,-0.0,407.7,399.50458333333336,-105.25833333333331
2024-05-29 16:00:00,210.5954861111111,7.933333333333319,115.87118055555555,534.4,209.10507875000002,-200.0
2024-05-29 17:00:00,94.9722222222222,6.8666666666666645,93.53377040453216,310.0,100.0,-114.62734070657896
2024-05-29 18:00:00,26.40104166666665,6.0,66.90422149122807,99.2,100.0,0.10526315789473087
2024-05-29 19:00:00,1.7465277777777501,5.466666666666661,106.29206871345033,113.4,100.0,0.10526315789473087
2024-05-29 20:00:00,-0.0,7.26666666666666,161.7385964912281,168.9,100.0,0.10526315789473087
2024-05-29 21:00:00,-0.0,7.666666666666656,149.93859649122808,157.5,100.0,0.10526315789473087
2024-05-29 22:00:00,-0.0,7.066666666666657,571.938596491228,578.9,100.0,0.10526315789473087
2024-05-29 23:00:00,-0.0,5.3999999999999995,276.90526315789475,282.2,100.0,0.10526315789473087
2024-05-30 00:00:00,-0.0,5.466666666666661,515.238596491228,520.6,100.0,0.10526315789473087
2024-05-30 01:00:00,-0.0,4.333333333333332,211.3719298245614,215.6,100.0,0.10526315789473087
2024-05-30 02:00:00,-0.0,2.46666666666666,183.43859649122808,185.8,100.0,0.10526315789473087
2024-05-30 03:00:00,-0.0,1.333333333333332,83.6719298245614,84.9,100.0,0.10526315789473087
2024-05-30 04:00:00,-0.0,1.933333333333332,167.2719298245614,169.1,100.0,0.10526315789473087
2024-05-30 05:00:00,0.4678399534896,1.2,155.53742320440514,157.1,100.0,0.10526315789473087
2024-05-30 06:00:00,13.6446934038152,-0.0,64.76056975407953,78.3,100.0,0.10526315789473087
2024-05-30 07:00:00,85.609665579266,0.399999999999996,-0.0,28.8,154.2491823003027,57.209665579265994
2024-05-30 08:00:00,197.10100597805445,2.066666666666664,-0.0,83.9,263.5992221304874,115.2676726447211
2024-05-30 09:00:00,231.5,-0.0,-0.0,31.5,453.3356229083569,200.0
2024-05-30 10:00:00,150.29759233110678,-0.0,-0.0,100.7,500.0,49.597592331106775
2024-05-30 11:00:00,396.3326533635457,-0.0,-0.0,440.1,457.9210206953684,-43.767346636454306
2024-05-30 12:00:00,378.867466184828,-0.0,-0.0,451.9,388.0821925502596,-73.03253381517197
2024-05-30 13:00:00,367.5520833333333,3.733333333333332,-0.0,290.0,464.91525619104266,81.28541666666665
2024-05-30 14:00:00,342.62152777777777,3.0,-0.0,389.3,422.9557923237405,-43.67847222222224
2024-05-30 15:00:00,288.78472222222223,-0.0,80.91527777777782,569.7,232.53283653141676,-200.0
2024-05-30 16:00:00,218.24305555555554,-0.0,-0.0,72.7,370.5662064726631,145.54305555555555
2024-05-30 17:00:00,94.27604166666664,-0.0,-0.0,157.3,310.3228798495237,-63.02395833333337
2024-05-30 18:00:00,15.005208333333298,-0.0,-0.0,195.0,139.0175048863408,-179.9947916666667
2024-05-30 19:00:00,1.4131944444443998,-0.0,41.86208199612987,84.2,100.0,-40.924723559425736
2024-05-30 20:00:00,-0.0,-0.0,218.20526315789473,218.1,100.0,0.10526315789473087
2024-05-30 21:00:00,-0.0,-0.0,397.40526315789475,397.3,100.0,0.10526315789473087
2024-05-30 22:00:00,-0.0,-0.0,706.1052631578947,706.0,100.0,0.10526315789473087
2024-05-30 23:00:00,-0.0,-0.0,176.60526315789474,176.5,100.0,0.10526315789473087
2024-05-31 00:00:00,-0.0,-0.0,630.6052631578947,630.5,100.0,0.10526315789473087
2024-05-31 01:00:00,-0.0,-0.0,357.5052631578947,357.4,100.0,0.10526315789473087
2024-05-31 02:00:00,-0.0,-0.0,177.20526315789473,177.1,100.0,0.10526315789473087
2024-05-31 03:00:00,-0.0,0.399999999999996,90.30526315789473,90.6,100.0,0.10526315789473087
2024-05-31 04:00:00,-0.0,2.066666666666664,124.23859649122807,126.2,100.0,0.10526315789473087
2024-05-31 05:00:00,0.3726219070247,2.066666666666664,177.4659745842034,179.8,100.0,0.10526315789473087
2024-05-31 06:00:00,31.400064666652003,1.733333333333328,22.171865157909405,55.2,100.0,0.10526315789473087
2024-05-31 07:00:00,126.7750056584676,8.25,-0.0,73.3,158.53875537554424,61.72500565846761
2024-05-31 08:00:00,196.2802078988817,4.333333333333332,-0.0,62.5,289.588080790773,138.11354123221506
2024-05-31 09:00:00,281.3046254052056,-0.0,-0.0,166.0,398.83788684492754,115.30462540520563
2024-05-31 10:00:00,223.7062642546499,-0.0,-0.0,116.8,500.0,106.90626425464991
2024-05-31 11:00:00,219.75964912280702,6.266666666666664,-0.0,225.5,500.0,0.5263157894736842
2024-05-31 12:00:00,372.76795864105225,5.8666666666666565,-0.0,462.2,420.112894042333,-83.56537469228108
2024-05-31 13:00:00,296.3005812474134,6.933333333333324,-0.0,218.7,500.0,84.53391458074671
2024-05-31 14:00:00,161.89298245614034,2.9333333333333282,-0.0,164.3,500.0,0.5263157894736842
2024-05-31 15:00:00,283.4375,6.333333333333324,-0.0,331.9,459.4772916666667,-42.129166666666656
2024-05-31 16:00:00,208.56423611111106,7.199999999999999,-0.0,240.0,435.99383868055554,-24.235763888888943
2024-05-31 17:00:00,99.5486111111111,5.799999999999995,-0.0,275.9,273.5340253974306,-170.5513888888889
2024-05-31 18:00:00,34.29166666666665,1.2,-0.0,152.0,162.57757470536646,-116.50833333333334
2024-05-31 19:00:00,2.1944444444444,0.6666666666666601,62.9388919092457,131.5,100.0,-65.69999697964325
2024-05-31 20:00:00,-0.0,-0.0,158.80526315789473,158.7,100.0,0.10526315789473087
2024-05-31 21:00:00,-0.0,-0.0,539.6052631578947,539.5,100.0,0.10526315789473087
2024-05-31 22:00:00,-0.0,-0.0,1094.9052631578948,1094.8,100.0,0.10526315789473087
2024-05-31 23:00:00,-0.0,-0.0,383.5052631578947,383.4,100.0,0.10526315789473087
